cnae_subclasse,cnae_mascara,cnae_descricao,item_lc116,descricao_atividade_lc
6190699,6190-6/99,Outras atividades de telecomunicações não especificadas anteriormente,01.01,1.01 - Análise e desenvolvimento de sistemas.
6201501,6201-5/01,Desenvolvimento de programas de computador sob encomenda,01.01,1.01 - Análise e desenvolvimento de sistemas.
6202300,6202-3/00,Desenvolvimento e licenciamento de programas de computador customizáveis,01.01,1.01 - Análise e desenvolvimento de sistemas.
6203100,6203-1/00,Desenvolvimento e licenciamento de programas de computador não-customizáveis,01.01,1.01 - Análise e desenvolvimento de sistemas.
6319400,6319-4/00,"Portais, provedores de conteúdo e outros serviços de informação na internet",01.01,1.01 - Análise e desenvolvimento de sistemas.
6202300,6202-3/00,Desenvolvimento e licenciamento de programas de computador customizáveis,01.02,1.02 - Programação.
6203100,6203-1/00,Desenvolvimento e licenciamento de programas de computador não-customizáveis,01.02,1.02 - Programação.
1830003,1830-0/03,Reprodução de software em qualquer suporte,01.03,"1.03 - Processamento, armazenamento ou hospedagem de dados, textos, imagens, vídeos, páginas eletrônicas, aplicativos e sistemas de
 informação, entre outros formatos, e congêneres."
6209100,6209-1/00,"Suporte técnico, manutenção e outros serviços em tecnologia da informação",01.03,"1.03 - Processamento, armazenamento ou hospedagem de dados, textos, imagens, vídeos, páginas eletrônicas, aplicativos e sistemas de
 informação, entre outros formatos, e congêneres."
6311900,6311-9/00,"Tratamento de dados, provedores de serviços de aplicação e serviços de hospedagem na internet",01.03,"1.03 - Processamento, armazenamento ou hospedagem de dados, textos, imagens, vídeos, páginas eletrônicas, aplicativos e sistemas de
 informação, entre outros formatos, e congêneres."
6319400,6319-4/00,"Portais, provedores de conteúdo e outros serviços de informação na internet",01.03,"1.03 - Processamento, armazenamento ou hospedagem de dados, textos, imagens, vídeos, páginas eletrônicas, aplicativos e sistemas de
 informação, entre outros formatos, e congêneres."
6201501,6201-5/01,Desenvolvimento de programas de computador sob encomenda,01.04,"1.04 - Elaboração de programas de computadores, inclusive de jogos eletrônicos, independentemente da arquitetura construtiva da máquina em
 que o programa é executado, incluindo tablets, smartphones e congêneres."
6202300,6202-3/00,Desenvolvimento e licenciamento de programas de computador customizáveis,01.04,"1.04 - Elaboração de programas de computadores, inclusive de jogos eletrônicos, independentemente da arquitetura construtiva da máquina em
 que o programa é executado, incluindo tablets, smartphones e congêneres."
6203100,6203-1/00,Desenvolvimento e licenciamento de programas de computador não-customizáveis,01.04,"1.04 - Elaboração de programas de computadores, inclusive de jogos eletrônicos, independentemente da arquitetura construtiva da máquina em
 que o programa é executado, incluindo tablets, smartphones e congêneres."
6202300,6202-3/00,Desenvolvimento e licenciamento de programas de computador customizáveis,01.05,1.05 - Licenciamento ou cessão de direito de uso de programas de computação.
6203100,6203-1/00,Desenvolvimento e licenciamento de programas de computador não-customizáveis,01.05,1.05 - Licenciamento ou cessão de direito de uso de programas de computação.
6311900,6311-9/00,"Tratamento de dados, provedores de serviços de aplicação e serviços de hospedagem na internet",01.05,1.05 - Licenciamento ou cessão de direito de uso de programas de computação.
6204000,6204-0/00,Consultoria em tecnologia da informação,01.06,1.06 - Assessoria e consultoria em informática.
1830003,1830-0/03,Reprodução de software em qualquer suporte,01.07,"1.07 - Suporte técnico em informática, inclusive instalação, configuração e manutenção de programas de computação e bancos de dados."
6190601,6190-6/01,Provedores de acesso às redes de comunicações,01.07,"1.07 - Suporte técnico em informática, inclusive instalação, configuração e manutenção de programas de computação e bancos de dados."
6209100,6209-1/00,"Suporte técnico, manutenção e outros serviços em tecnologia da informação",01.07,"1.07 - Suporte técnico em informática, inclusive instalação, configuração e manutenção de programas de computação e bancos de dados."
6190601,6190-6/01,Provedores de acesso às redes de comunicações,01.08,"1.08 - Planejamento, confecção, manutenção e atualização de páginas eletrônicas."
6201502,6201-5/02,Web design,01.08,"1.08 - Planejamento, confecção, manutenção e atualização de páginas eletrônicas."
6311900,6311-9/00,"Tratamento de dados, provedores de serviços de aplicação e serviços de hospedagem na internet",01.08,"1.08 - Planejamento, confecção, manutenção e atualização de páginas eletrônicas."
6319400,6319-4/00,"Portais, provedores de conteúdo e outros serviços de informação na internet",01.08,"1.08 - Planejamento, confecção, manutenção e atualização de páginas eletrônicas."
5913800,5913-8/00,"Distribuição cinematográfica, de vídeo e de programas de televisão",01.09,"1.09 - Disponibilização, sem cessão definitiva, de conteúdo de áudio, vídeo, imagem e texto por meio da internet, respeitada a imunidade de livros, jornais e periódicos (exceto a distribuição de conteúdos pelas prestadoras de Serviço de Acesso Condicionado, de que trata a Lei federal nº
 12.485, de 12 de setembro de 2011, sujeita ao ICMS)."
6110899,6110-8/99,Serviços de telecomunicações por fio não especificados anteriormente,01.09,"1.09 - Disponibilização, sem cessão definitiva, de conteúdo de áudio, vídeo, imagem e texto por meio da internet, respeitada a imunidade de
 livros, jornais e periódicos (exceto a distribuição de conteúdos pelas prestadoras de Serviço de Acesso Condicionado, de que trata a Lei federal nº 12.485, de 12 de setembro de 2011, sujeita ao ICMS)."
6120599,6120-5/99,Serviços de telecomunicações sem fio não especificados anteriormente,01.09,"1.09 - Disponibilização, sem cessão definitiva, de conteúdo de áudio, vídeo, imagem e texto por meio da internet, respeitada a imunidade de livros, jornais e periódicos (exceto a distribuição de conteúdos pelas prestadoras de Serviço de Acesso Condicionado, de que trata a Lei federal nº
 12.485, de 12 de setembro de 2011, sujeita ao ICMS)."
6190699,6190-6/99,Outras atividades de telecomunicações não especificadas anteriormente,01.09,"1.09 - Disponibilização, sem cessão definitiva, de conteúdo de áudio, vídeo, imagem e texto por meio da internet, respeitada a imunidade de livros, jornais e periódicos (exceto a distribuição de conteúdos pelas prestadoras de Serviço de Acesso Condicionado, de que trata a Lei federal nº
 12.485, de 12 de setembro de 2011, sujeita ao ICMS)."
6319400,6319-4/00,"Portais, provedores de conteúdo e outros serviços de informação na internet",01.09,"1.09 - Disponibilização, sem cessão definitiva, de conteúdo de áudio, vídeo, imagem e texto por meio da internet, respeitada a imunidade de livros, jornais e periódicos (exceto a distribuição de conteúdos pelas prestadoras de Serviço de Acesso Condicionado, de que trata a Lei federal nº
 12.485, de 12 de setembro de 2011, sujeita ao ICMS)."
0230600,0230-6/00,Atividades de apoio à produção florestal,02.01,2.01 - Serviços de pesquisas e desenvolvimento de qualquer natureza.
7120100,7120-1/00,Testes e análises técnicas,02.01,2.01 - Serviços de pesquisas e desenvolvimento de qualquer natureza.
7210000,7210-0/00,Pesquisa e desenvolvimento experimental em ciências físicas e naturais,02.01,2.01 - Serviços de pesquisas e desenvolvimento de qualquer natureza.
7220700,7220-7/00,Pesquisa e desenvolvimento experimental em ciências sociais e humanas,02.01,2.01 - Serviços de pesquisas e desenvolvimento de qualquer natureza.
5913800,5913-8/00,"Distribuição cinematográfica, de vídeo e de programas de televisão",03.02,3.02 - Cessão de direito de uso de marcas e de sinais de propaganda.
7319001,7319-0/01,Criação de estandes para feiras e exposições,03.03,"3.03 - Centro de convenções, escritórios virtuais, stands, quadras esportivas, estádios, ginásios, auditórios, casas de espetáculos, parques de
 diversões, canchas e congêneres, para realização de eventos ou negócios de qualquer natureza."
8230002,8230-0/02,Casas de festas e eventos,03.03,"3.03 - Centro de convenções, escritórios virtuais, stands, quadras esportivas, estádios, ginásios, auditórios, casas de espetáculos, parques de
 diversões, canchas e congêneres, para realização de eventos ou negócios de qualquer natureza."
8299707,8299-7/07,Salas de acesso à internet,03.03,"3.03 - Centro de convenções, escritórios virtuais, stands, quadras esportivas, estádios, ginásios, auditórios, casas de espetáculos, parques de
 diversões, canchas e congêneres, para realização de eventos ou negócios de qualquer natureza."
9003500,9003-5/00,"Gestão de espaços para artes cênicas, espetáculos e outras atividades artísticas",03.03,"3.03 - Centro de convenções, escritórios virtuais, stands, quadras esportivas, estádios, ginásios, auditórios, casas de espetáculos, parques de
 diversões, canchas e congêneres, para realização de eventos ou negócios de qualquer natureza."
9312300,9312-3/00,"Clubes sociais, esportivos e similares",03.03,"3.03 - Centro de convenções, escritórios virtuais, stands, quadras esportivas, estádios, ginásios, auditórios, casas de espetáculos, parques de
 diversões, canchas e congêneres, para realização de eventos ou negócios de qualquer natureza."
5221400,5221-4/00,"Concessionárias de rodovias, pontes, túneis e serviços relacionados",03.04,"3.04 - Locação, sublocação, arrendamento, direito de passagem ou permissão de uso, compartilhado ou não, de ferrovia, rodovia, postes, cabos,
 dutos e condutos de qualquer natureza."
4399104,4399-1/04,Serviços de operação e fornecimento de equipamentos para transporte e elevação de cargas e pessoas para uso em obras,03.05,"3.05 - Cessão de palcos, coberturas e outras estruturas de uso temporário."
7319001,7319-0/01,Criação de estandes para feiras e exposições,03.05,"3.05 - Cessão de palcos, coberturas e outras estruturas de uso temporário."
7721700,7721-7/00,Aluguel de equipamentos recreativos e esportivos,03.05,"3.05 - Cessão de palcos, coberturas e outras estruturas de uso temporário."
7732202,7732-2/02,Aluguel de andaimes,03.05,"3.05 - Cessão de palcos, coberturas e outras estruturas de uso temporário."
7739003,7739-0/03,"Aluguel de palcos, coberturas e outras estruturas de uso temporário, exceto andaimes",03.05,"3.05 - Cessão de palcos, coberturas e outras estruturas de uso temporário."
8630501,8630-5/01,Atividade médica ambulatorial com recursos para realização de procedimentos cirúrgicos,04.01,4.01 - Medicina e biomedicina.
8630502,8630-5/02,Atividade médica ambulatorial com recursos para realização de exames complementares,04.01,4.01 - Medicina e biomedicina.
8630503,8630-5/03,Atividade médica ambulatorial restrita a consultas,04.01,4.01 - Medicina e biomedicina.
8630599,8630-5/99,Atividades de atenção ambulatorial não especificadas anteriormente,04.01,4.01 - Medicina e biomedicina.
8640299,8640-2/99,Atividades de serviços de complementação diagnóstica e terapêutica não especificadas anteriormente,04.01,4.01 - Medicina e biomedicina.
8650099,8650-0/99,Atividades de profissionais da área de saúde não especificadas anteriormente,04.01,4.01 - Medicina e biomedicina.
8690999,8690-9/99,Outras atividades de atenção à saúde humana não especificadas anteriormente,04.01,4.01 - Medicina e biomedicina.
8720499,8720-4/99,"Atividades de assistência psicossocial e à saúde a portadores de distúrbios psíquicos, deficiência mental e dependência química
 e grupos similares não especificadas anteriormente",04.01,4.01 - Medicina e biomedicina.
8630502,8630-5/02,Atividade médica ambulatorial com recursos para realização de exames complementares,04.02,"4.02 - Análises clínicas, patologia, eletricidade médica, radioterapia, quimioterapia, ultra-sonografia, ressonância magnética, radiologia,
 tomografia e congêneres."
8630599,8630-5/99,Atividades de atenção ambulatorial não especificadas anteriormente,04.02,"4.02 - Análises clínicas, patologia, eletricidade médica, radioterapia, quimioterapia, ultra-sonografia, ressonância magnética, radiologia,
 tomografia e congêneres."
8640203,8640-2/03,Serviços de diálise e nefrologia,04.02,"4.02 - Análises clínicas, patologia, eletricidade médica, radioterapia, quimioterapia, ultra-sonografia, ressonância magnética, radiologia,
 tomografia e congêneres."
8640204,8640-2/04,Serviços de tomografia,04.02,"4.02 - Análises clínicas, patologia, eletricidade médica, radioterapia, quimioterapia, ultra-sonografia, ressonância magnética, radiologia,
 tomografia e congêneres."
8640205,8640-2/05,"Serviços de diagnóstico por imagem com uso de radiação ionizante, exceto tomografia",04.02,"4.02 - Análises clínicas, patologia, eletricidade médica, radioterapia, quimioterapia, ultra-sonografia, ressonância magnética, radiologia,
 tomografia e congêneres."
8640206,8640-2/06,Serviços de ressonância magnética,04.02,"4.02 - Análises clínicas, patologia, eletricidade médica, radioterapia, quimioterapia, ultra-sonografia, ressonância magnética, radiologia,
 tomografia e congêneres."
8640207,8640-2/07,"Serviços de diagnóstico por imagem sem uso de radiação ionizante, exceto ressonância magnética",04.02,"4.02 - Análises clínicas, patologia, eletricidade médica, radioterapia, quimioterapia, ultra-sonografia, ressonância magnética, radiologia,
 tomografia e congêneres."
8640208,8640-2/08,"Serviços de diagnóstico por registro gráfico - ECG, EEG e outros exames análogos",04.02,"4.02 - Análises clínicas, patologia, eletricidade médica, radioterapia, quimioterapia, ultra-sonografia, ressonância magnética, radiologia,
 tomografia e congêneres."
8640209,8640-2/09,Serviços de diagnóstico por métodos ópticos - endoscopia e outros exames análogos,04.02,"4.02 - Análises clínicas, patologia, eletricidade médica, radioterapia, quimioterapia, ultra-sonografia, ressonância magnética, radiologia,
 tomografia e congêneres."
8640210,8640-2/10,Serviços de quimioterapia,04.02,"4.02 - Análises clínicas, patologia, eletricidade médica, radioterapia, quimioterapia, ultra-sonografia, ressonância magnética, radiologia,
 tomografia e congêneres."
8640211,8640-2/11,Serviços de radioterapia,04.02,"4.02 - Análises clínicas, patologia, eletricidade médica, radioterapia, quimioterapia, ultra-sonografia, ressonância magnética, radiologia,
 tomografia e congêneres."
8640213,8640-2/13,Serviços de litotripsia,04.02,"4.02 - Análises clínicas, patologia, eletricidade médica, radioterapia, quimioterapia, ultra-sonografia, ressonância magnética, radiologia,
 tomografia e congêneres."
8640299,8640-2/99,Atividades de serviços de complementação diagnóstica e terapêutica não especificadas anteriormente,04.02,"4.02 - Análises clínicas, patologia, eletricidade médica, radioterapia, quimioterapia, ultra-sonografia, ressonância magnética, radiologia,
 tomografia e congêneres."
8650099,8650-0/99,Atividades de profissionais da área de saúde não especificadas anteriormente,04.02,"4.02 - Análises clínicas, patologia, eletricidade médica, radioterapia, quimioterapia, ultra-sonografia, ressonância magnética, radiologia,
 tomografia e congêneres."
8690999,8690-9/99,Outras atividades de atenção à saúde humana não especificadas anteriormente,04.02,"4.02 - Análises clínicas, patologia, eletricidade médica, radioterapia, quimioterapia, ultra-sonografia, ressonância magnética, radiologia,
 tomografia e congêneres."
8720499,8720-4/99,"Atividades de assistência psicossocial e à saúde a portadores de distúrbios psíquicos, deficiência mental e dependência química
 e grupos similares não especificadas anteriormente",04.02,"4.02 - Análises clínicas, patologia, eletricidade médica, radioterapia, quimioterapia, ultra-sonografia, ressonância magnética, radiologia,
 tomografia e congêneres."
8610101,8610-1/01,"Atividades de atendimento hospitalar, exceto pronto-socorro e unidades para atendimento a urgências",04.03,"4.03 - Hospitais, clínicas, laboratórios, sanatórios, manicômios, casas de saúde, prontos-socorros, ambulatórios e congêneres."
8610102,8610-1/02,Atividades de atendimento em pronto-socorro e unidades hospitalares para atendimento a urgências,04.03,"4.03 - Hospitais, clínicas, laboratórios, sanatórios, manicômios, casas de saúde, prontos-socorros, ambulatórios e congêneres."
8630506,8630-5/06,Serviços de vacinação e imunização humana,04.03,"4.03 - Hospitais, clínicas, laboratórios, sanatórios, manicômios, casas de saúde, prontos-socorros, ambulatórios e congêneres."
8630599,8630-5/99,Atividades de atenção ambulatorial não especificadas anteriormente,04.03,"4.03 - Hospitais, clínicas, laboratórios, sanatórios, manicômios, casas de saúde, prontos-socorros, ambulatórios e congêneres."
8640201,8640-2/01,Laboratórios de anatomia patológica e citológica,04.03,"4.03 - Hospitais, clínicas, laboratórios, sanatórios, manicômios, casas de saúde, prontos-socorros, ambulatórios e congêneres."
8640202,8640-2/02,Laboratórios clínicos,04.03,"4.03 - Hospitais, clínicas, laboratórios, sanatórios, manicômios, casas de saúde, prontos-socorros, ambulatórios e congêneres."
8640203,8640-2/03,Serviços de diálise e nefrologia,04.03,"4.03 - Hospitais, clínicas, laboratórios, sanatórios, manicômios, casas de saúde, prontos-socorros, ambulatórios e congêneres."
8640299,8640-2/99,Atividades de serviços de complementação diagnóstica e terapêutica não especificadas anteriormente,04.03,"4.03 - Hospitais, clínicas, laboratórios, sanatórios, manicômios, casas de saúde, prontos-socorros, ambulatórios e congêneres."
8650099,8650-0/99,Atividades de profissionais da área de saúde não especificadas anteriormente,04.03,"4.03 - Hospitais, clínicas, laboratórios, sanatórios, manicômios, casas de saúde, prontos-socorros, ambulatórios e congêneres."
8690999,8690-9/99,Outras atividades de atenção à saúde humana não especificadas anteriormente,04.03,"4.03 - Hospitais, clínicas, laboratórios, sanatórios, manicômios, casas de saúde, prontos-socorros, ambulatórios e congêneres."
8720401,8720-4/01,Atividades de centros de assistência psicossocial,04.03,"4.03 - Hospitais, clínicas, laboratórios, sanatórios, manicômios, casas de saúde, prontos-socorros, ambulatórios e congêneres."
8720499,8720-4/99,"Atividades de assistência psicossocial e à saúde a portadores de distúrbios psíquicos, deficiência mental e dependência química
 e grupos similares não especificadas anteriormente",04.03,"4.03 - Hospitais, clínicas, laboratórios, sanatórios, manicômios, casas de saúde, prontos-socorros, ambulatórios e congêneres."
8630599,8630-5/99,Atividades de atenção ambulatorial não especificadas anteriormente,04.04,4.04 - Instrumentação cirúrgica.
8640299,8640-2/99,Atividades de serviços de complementação diagnóstica e terapêutica não especificadas anteriormente,04.04,4.04 - Instrumentação cirúrgica.
8650001,8650-0/01,Atividades de enfermagem,04.04,4.04 - Instrumentação cirúrgica.
8650099,8650-0/99,Atividades de profissionais da área de saúde não especificadas anteriormente,04.04,4.04 - Instrumentação cirúrgica.
8690999,8690-9/99,Outras atividades de atenção à saúde humana não especificadas anteriormente,04.04,4.04 - Instrumentação cirúrgica.
8720499,8720-4/99,"Atividades de assistência psicossocial e à saúde a portadores de distúrbios psíquicos, deficiência mental e dependência química
 e grupos similares não especificadas anteriormente",04.04,4.04 - Instrumentação cirúrgica.
8630599,8630-5/99,Atividades de atenção ambulatorial não especificadas anteriormente,04.05,4.05 - Acupuntura.
8640299,8640-2/99,Atividades de serviços de complementação diagnóstica e terapêutica não especificadas anteriormente,04.05,4.05 - Acupuntura.
8650099,8650-0/99,Atividades de profissionais da área de saúde não especificadas anteriormente,04.05,4.05 - Acupuntura.
8690903,8690-9/03,Atividades de acupuntura,04.05,4.05 - Acupuntura.
8690999,8690-9/99,Outras atividades de atenção à saúde humana não especificadas anteriormente,04.05,4.05 - Acupuntura.
8720499,8720-4/99,"Atividades de assistência psicossocial e à saúde a portadores de distúrbios psíquicos, deficiência mental e dependência química
 e grupos similares não especificadas anteriormente",04.05,4.05 - Acupuntura.
8630599,8630-5/99,Atividades de atenção ambulatorial não especificadas anteriormente,04.06,"4.06 - Enfermagem, inclusive serviços auxiliares."
8640299,8640-2/99,Atividades de serviços de complementação diagnóstica e terapêutica não especificadas anteriormente,04.06,"4.06 - Enfermagem, inclusive serviços auxiliares."
8650001,8650-0/01,Atividades de enfermagem,04.06,"4.06 - Enfermagem, inclusive serviços auxiliares."
8650099,8650-0/99,Atividades de profissionais da área de saúde não especificadas anteriormente,04.06,"4.06 - Enfermagem, inclusive serviços auxiliares."
8690999,8690-9/99,Outras atividades de atenção à saúde humana não especificadas anteriormente,04.06,"4.06 - Enfermagem, inclusive serviços auxiliares."
8720499,8720-4/99,"Atividades de assistência psicossocial e à saúde a portadores de distúrbios psíquicos, deficiência mental e dependência química
 e grupos similares não especificadas anteriormente",04.06,"4.06 - Enfermagem, inclusive serviços auxiliares."
4771702,4771-7/02,"Comércio varejista de produtos farmacêuticos, com manipulação de fórmulas",04.07,4.07 - Serviços farmacêuticos.
8630599,8630-5/99,Atividades de atenção ambulatorial não especificadas anteriormente,04.07,4.07 - Serviços farmacêuticos.
8640299,8640-2/99,Atividades de serviços de complementação diagnóstica e terapêutica não especificadas anteriormente,04.07,4.07 - Serviços farmacêuticos.
8650099,8650-0/99,Atividades de profissionais da área de saúde não especificadas anteriormente,04.07,4.07 - Serviços farmacêuticos.
8690999,8690-9/99,Outras atividades de atenção à saúde humana não especificadas anteriormente,04.07,4.07 - Serviços farmacêuticos.
8720499,8720-4/99,"Atividades de assistência psicossocial e à saúde a portadores de distúrbios psíquicos, deficiência mental e dependência química
 e grupos similares não especificadas anteriormente",04.07,4.07 - Serviços farmacêuticos.
8630599,8630-5/99,Atividades de atenção ambulatorial não especificadas anteriormente,04.08,"4.08 - Terapia ocupacional, fisioterapia e fonoaudiologia."
8640299,8640-2/99,Atividades de serviços de complementação diagnóstica e terapêutica não especificadas anteriormente,04.08,"4.08 - Terapia ocupacional, fisioterapia e fonoaudiologia."
8650004,8650-0/04,Atividades de fisioterapia,04.08,"4.08 - Terapia ocupacional, fisioterapia e fonoaudiologia."
8650005,8650-0/05,Atividades de terapia ocupacional,04.08,"4.08 - Terapia ocupacional, fisioterapia e fonoaudiologia."
8650006,8650-0/06,Atividades de fonoaudiologia,04.08,"4.08 - Terapia ocupacional, fisioterapia e fonoaudiologia."
8650099,8650-0/99,Atividades de profissionais da área de saúde não especificadas anteriormente,04.08,"4.08 - Terapia ocupacional, fisioterapia e fonoaudiologia."
8690999,8690-9/99,Outras atividades de atenção à saúde humana não especificadas anteriormente,04.08,"4.08 - Terapia ocupacional, fisioterapia e fonoaudiologia."
8720499,8720-4/99,"Atividades de assistência psicossocial e à saúde a portadores de distúrbios psíquicos, deficiência mental e dependência química
 e grupos similares não especificadas anteriormente",04.08,"4.08 - Terapia ocupacional, fisioterapia e fonoaudiologia."
8630599,8630-5/99,Atividades de atenção ambulatorial não especificadas anteriormente,04.09,"4.09 - Terapias de qualquer espécie destinadas ao tratamento físico, orgânico e mental"
8640212,8640-2/12,Serviços de hemoterapia,04.09,"4.09 - Terapias de qualquer espécie destinadas ao tratamento físico, orgânico e mental"
8640299,8640-2/99,Atividades de serviços de complementação diagnóstica e terapêutica não especificadas anteriormente,04.09,"4.09 - Terapias de qualquer espécie destinadas ao tratamento físico, orgânico e mental"
8650007,8650-0/07,Atividades de terapia de nutrição enteral e parenteral,04.09,"4.09 - Terapias de qualquer espécie destinadas ao tratamento físico, orgânico e mental"
8650099,8650-0/99,Atividades de profissionais da área de saúde não especificadas anteriormente,04.09,"4.09 - Terapias de qualquer espécie destinadas ao tratamento físico, orgânico e mental"
8690901,8690-9/01,Atividades de práticas integrativas e complementares em saúde humana,04.09,"4.09 - Terapias de qualquer espécie destinadas ao tratamento físico, orgânico e mental"
8690999,8690-9/99,Outras atividades de atenção à saúde humana não especificadas anteriormente,04.09,"4.09 - Terapias de qualquer espécie destinadas ao tratamento físico, orgânico e mental"
8711503,8711-5/03,"Atividades de assistência a deficientes físicos, imunodeprimidos e convalescentes",04.09,"4.09 - Terapias de qualquer espécie destinadas ao tratamento físico, orgânico e mental"
8720499,8720-4/99,"Atividades de assistência psicossocial e à saúde a portadores de distúrbios psíquicos, deficiência mental e dependência química
 e grupos similares não especificadas anteriormente",04.09,"4.09 - Terapias de qualquer espécie destinadas ao tratamento físico, orgânico e mental"
8630599,8630-5/99,Atividades de atenção ambulatorial não especificadas anteriormente,04.10,4.10 - Nutrição.
8640299,8640-2/99,Atividades de serviços de complementação diagnóstica e terapêutica não especificadas anteriormente,04.10,4.10 - Nutrição.
8650002,8650-0/02,Atividades de profissionais da nutrição,04.10,4.10 - Nutrição.
8650099,8650-0/99,Atividades de profissionais da área de saúde não especificadas anteriormente,04.10,4.10 - Nutrição.
8690999,8690-9/99,Outras atividades de atenção à saúde humana não especificadas anteriormente,04.10,4.10 - Nutrição.
8720499,8720-4/99,"Atividades de assistência psicossocial e à saúde a portadores de distúrbios psíquicos, deficiência mental e dependência química
 e grupos similares não especificadas anteriormente",04.10,4.10 - Nutrição.
8630501,8630-5/01,Atividade médica ambulatorial com recursos para realização de procedimentos cirúrgicos,04.11,4.11 - Obstetrícia.
8630502,8630-5/02,Atividade médica ambulatorial com recursos para realização de exames complementares,04.11,4.11 - Obstetrícia.
8630503,8630-5/03,Atividade médica ambulatorial restrita a consultas,04.11,4.11 - Obstetrícia.
8630599,8630-5/99,Atividades de atenção ambulatorial não especificadas anteriormente,04.11,4.11 - Obstetrícia.
8640299,8640-2/99,Atividades de serviços de complementação diagnóstica e terapêutica não especificadas anteriormente,04.11,4.11 - Obstetrícia.
8650099,8650-0/99,Atividades de profissionais da área de saúde não especificadas anteriormente,04.11,4.11 - Obstetrícia.
8690999,8690-9/99,Outras atividades de atenção à saúde humana não especificadas anteriormente,04.11,4.11 - Obstetrícia.
8720499,8720-4/99,"Atividades de assistência psicossocial e à saúde a portadores de distúrbios psíquicos, deficiência mental e dependência química
 e grupos similares não especificadas anteriormente",04.11,4.11 - Obstetrícia.
8630504,8630-5/04,Atividade odontológica,04.12,4.12 - Odontologia.
8630599,8630-5/99,Atividades de atenção ambulatorial não especificadas anteriormente,04.12,4.12 - Odontologia.
8640299,8640-2/99,Atividades de serviços de complementação diagnóstica e terapêutica não especificadas anteriormente,04.12,4.12 - Odontologia.
8650099,8650-0/99,Atividades de profissionais da área de saúde não especificadas anteriormente,04.12,4.12 - Odontologia.
8690999,8690-9/99,Outras atividades de atenção à saúde humana não especificadas anteriormente,04.12,4.12 - Odontologia.
8720499,8720-4/99,"Atividades de assistência psicossocial e à saúde a portadores de distúrbios psíquicos, deficiência mental e dependência química
 e grupos similares não especificadas anteriormente",04.12,4.12 - Odontologia.
3250709,3250-7/09,Serviço de laboratório óptico,04.13,4.13 - Ortóptica.
8630599,8630-5/99,Atividades de atenção ambulatorial não especificadas anteriormente,04.13,4.13 - Ortóptica.
8640299,8640-2/99,Atividades de serviços de complementação diagnóstica e terapêutica não especificadas anteriormente,04.13,4.13 - Ortóptica.
8650099,8650-0/99,Atividades de profissionais da área de saúde não especificadas anteriormente,04.13,4.13 - Ortóptica.
8690999,8690-9/99,Outras atividades de atenção à saúde humana não especificadas anteriormente,04.13,4.13 - Ortóptica.
8720499,8720-4/99,"Atividades de assistência psicossocial e à saúde a portadores de distúrbios psíquicos, deficiência mental e dependência química
 e grupos similares não especificadas anteriormente",04.13,4.13 - Ortóptica.
3250706,3250-7/06,Serviços de prótese dentária,04.14,4.14 - Próteses sob encomenda.
8630599,8630-5/99,Atividades de atenção ambulatorial não especificadas anteriormente,04.14,4.14 - Próteses sob encomenda.
8640299,8640-2/99,Atividades de serviços de complementação diagnóstica e terapêutica não especificadas anteriormente,04.14,4.14 - Próteses sob encomenda.
8650099,8650-0/99,Atividades de profissionais da área de saúde não especificadas anteriormente,04.14,4.14 - Próteses sob encomenda.
8690999,8690-9/99,Outras atividades de atenção à saúde humana não especificadas anteriormente,04.14,4.14 - Próteses sob encomenda.
8720499,8720-4/99,"Atividades de assistência psicossocial e à saúde a portadores de distúrbios psíquicos, deficiência mental e dependência química
 e grupos similares não especificadas anteriormente",04.14,4.14 - Próteses sob encomenda.
8630599,8630-5/99,Atividades de atenção ambulatorial não especificadas anteriormente,04.15,4.15 - Psicanálise.
8640299,8640-2/99,Atividades de serviços de complementação diagnóstica e terapêutica não especificadas anteriormente,04.15,4.15 - Psicanálise.
8650003,8650-0/03,Atividades de psicologia e psicanálise,04.15,4.15 - Psicanálise.
8650099,8650-0/99,Atividades de profissionais da área de saúde não especificadas anteriormente,04.15,4.15 - Psicanálise.
8690999,8690-9/99,Outras atividades de atenção à saúde humana não especificadas anteriormente,04.15,4.15 - Psicanálise.
8720499,8720-4/99,"Atividades de assistência psicossocial e à saúde a portadores de distúrbios psíquicos, deficiência mental e dependência química
 e grupos similares não especificadas anteriormente",04.15,4.15 - Psicanálise.
8630599,8630-5/99,Atividades de atenção ambulatorial não especificadas anteriormente,04.16,4.16 - Psicologia.
8640299,8640-2/99,Atividades de serviços de complementação diagnóstica e terapêutica não especificadas anteriormente,04.16,4.16 - Psicologia.
8650003,8650-0/03,Atividades de psicologia e psicanálise,04.16,4.16 - Psicologia.
8650099,8650-0/99,Atividades de profissionais da área de saúde não especificadas anteriormente,04.16,4.16 - Psicologia.
8690999,8690-9/99,Outras atividades de atenção à saúde humana não especificadas anteriormente,04.16,4.16 - Psicologia.
8720499,8720-4/99,"Atividades de assistência psicossocial e à saúde a portadores de distúrbios psíquicos, deficiência mental e dependência química
 e grupos similares não especificadas anteriormente",04.16,4.16 - Psicologia.
8630599,8630-5/99,Atividades de atenção ambulatorial não especificadas anteriormente,04.17,"4.17 - Casas de repouso e de recuperação, creches, asilos e congêneres."
8640299,8640-2/99,Atividades de serviços de complementação diagnóstica e terapêutica não especificadas anteriormente,04.17,"4.17 - Casas de repouso e de recuperação, creches, asilos e congêneres."
8650099,8650-0/99,Atividades de profissionais da área de saúde não especificadas anteriormente,04.17,"4.17 - Casas de repouso e de recuperação, creches, asilos e congêneres."
8690999,8690-9/99,Outras atividades de atenção à saúde humana não especificadas anteriormente,04.17,"4.17 - Casas de repouso e de recuperação, creches, asilos e congêneres."
8711501,8711-5/01,Clínicas e residências geriátricas,04.17,"4.17 - Casas de repouso e de recuperação, creches, asilos e congêneres."
8711502,8711-5/02,Instituições de longa permanência para idosos,04.17,"4.17 - Casas de repouso e de recuperação, creches, asilos e congêneres."
8711504,8711-5/04,Centros de apoio a pacientes com câncer e com AIDS,04.17,"4.17 - Casas de repouso e de recuperação, creches, asilos e congêneres."
8711505,8711-5/05,Condomínios residenciais para idosos,04.17,"4.17 - Casas de repouso e de recuperação, creches, asilos e congêneres."
8720499,8720-4/99,"Atividades de assistência psicossocial e à saúde a portadores de distúrbios psíquicos, deficiência mental e dependência química
 e grupos similares não especificadas anteriormente",04.17,"4.17 - Casas de repouso e de recuperação, creches, asilos e congêneres."
8730101,8730-1/01,Orfanatos,04.17,"4.17 - Casas de repouso e de recuperação, creches, asilos e congêneres."
8730102,8730-1/02,Albergues assistenciais,04.17,"4.17 - Casas de repouso e de recuperação, creches, asilos e congêneres."
8630507,8630-5/07,Atividades de reprodução humana assistida,04.18,"4.18 - Inseminação artificial, fertilização in vitro e congêneres."
8630599,8630-5/99,Atividades de atenção ambulatorial não especificadas anteriormente,04.18,"4.18 - Inseminação artificial, fertilização in vitro e congêneres."
8640299,8640-2/99,Atividades de serviços de complementação diagnóstica e terapêutica não especificadas anteriormente,04.18,"4.18 - Inseminação artificial, fertilização in vitro e congêneres."
8650099,8650-0/99,Atividades de profissionais da área de saúde não especificadas anteriormente,04.18,"4.18 - Inseminação artificial, fertilização in vitro e congêneres."
8690999,8690-9/99,Outras atividades de atenção à saúde humana não especificadas anteriormente,04.18,"4.18 - Inseminação artificial, fertilização in vitro e congêneres."
8630599,8630-5/99,Atividades de atenção ambulatorial não especificadas anteriormente,04.19,"4.19 - Bancos de sangue, leite, pele, olhos, óvulos, sêmen e congêneres."
8640212,8640-2/12,Serviços de hemoterapia,04.19,"4.19 - Bancos de sangue, leite, pele, olhos, óvulos, sêmen e congêneres."
8640214,8640-2/14,Serviços de bancos de células e tecidos humanos,04.19,"4.19 - Bancos de sangue, leite, pele, olhos, óvulos, sêmen e congêneres."
8640299,8640-2/99,Atividades de serviços de complementação diagnóstica e terapêutica não especificadas anteriormente,04.19,"4.19 - Bancos de sangue, leite, pele, olhos, óvulos, sêmen e congêneres."
8650099,8650-0/99,Atividades de profissionais da área de saúde não especificadas anteriormente,04.19,"4.19 - Bancos de sangue, leite, pele, olhos, óvulos, sêmen e congêneres."
8690902,8690-9/02,Atividades de bancos de leite humano,04.19,"4.19 - Bancos de sangue, leite, pele, olhos, óvulos, sêmen e congêneres."
8690999,8690-9/99,Outras atividades de atenção à saúde humana não especificadas anteriormente,04.19,"4.19 - Bancos de sangue, leite, pele, olhos, óvulos, sêmen e congêneres."
8630599,8630-5/99,Atividades de atenção ambulatorial não especificadas anteriormente,04.20,"4.20 - Coleta de sangue, leite, tecidos, sêmen, órgãos e materiais biológicos de qualquer espécie."
8640214,8640-2/14,Serviços de bancos de células e tecidos humanos,04.20,"4.20 - Coleta de sangue, leite, tecidos, sêmen, órgãos e materiais biológicos de qualquer espécie."
8640299,8640-2/99,Atividades de serviços de complementação diagnóstica e terapêutica não especificadas anteriormente,04.20,"4.20 - Coleta de sangue, leite, tecidos, sêmen, órgãos e materiais biológicos de qualquer espécie."
8650099,8650-0/99,Atividades de profissionais da área de saúde não especificadas anteriormente,04.20,"4.20 - Coleta de sangue, leite, tecidos, sêmen, órgãos e materiais biológicos de qualquer espécie."
8690902,8690-9/02,Atividades de bancos de leite humano,04.20,"4.20 - Coleta de sangue, leite, tecidos, sêmen, órgãos e materiais biológicos de qualquer espécie."
8690999,8690-9/99,Outras atividades de atenção à saúde humana não especificadas anteriormente,04.20,"4.20 - Coleta de sangue, leite, tecidos, sêmen, órgãos e materiais biológicos de qualquer espécie."
8621601,8621-6/01,UTI móvel,04.21,"4.21 - Unidade de atendimento, assistência ou tratamento móvel e congêneres."
8621602,8621-6/02,"Serviços móveis de atendimento a urgências, exceto por UTI móvel",04.21,"4.21 - Unidade de atendimento, assistência ou tratamento móvel e congêneres."
8622400,8622-4/00,"Serviços de remoção de pacientes, exceto os serviços móveis de atendimento a urgências",04.21,"4.21 - Unidade de atendimento, assistência ou tratamento móvel e congêneres."
8630599,8630-5/99,Atividades de atenção ambulatorial não especificadas anteriormente,04.21,"4.21 - Unidade de atendimento, assistência ou tratamento móvel e congêneres."
8640299,8640-2/99,Atividades de serviços de complementação diagnóstica e terapêutica não especificadas anteriormente,04.21,"4.21 - Unidade de atendimento, assistência ou tratamento móvel e congêneres."
8650099,8650-0/99,Atividades de profissionais da área de saúde não especificadas anteriormente,04.21,"4.21 - Unidade de atendimento, assistência ou tratamento móvel e congêneres."
8690999,8690-9/99,Outras atividades de atenção à saúde humana não especificadas anteriormente,04.21,"4.21 - Unidade de atendimento, assistência ou tratamento móvel e congêneres."
8712300,8712-3/00,Atividades de fornecimento de infra-estrutura de apoio e assistência a paciente no domicílio,04.21,"4.21 - Unidade de atendimento, assistência ou tratamento móvel e congêneres."
8720499,8720-4/99,"Atividades de assistência psicossocial e à saúde a portadores de distúrbios psíquicos, deficiência mental e dependência química
 e grupos similares não especificadas anteriormente",04.21,"4.21 - Unidade de atendimento, assistência ou tratamento móvel e congêneres."
6550200,6550-2/00,Planos de saúde,04.22,"4.22 - Planos de medicina de grupo ou individual e convênios para prestação de assistência médica, hospitalar, odontológica e congêneres."
8630599,8630-5/99,Atividades de atenção ambulatorial não especificadas anteriormente,04.22,"4.22 - Planos de medicina de grupo ou individual e convênios para prestação de assistência médica, hospitalar, odontológica e congêneres."
8640299,8640-2/99,Atividades de serviços de complementação diagnóstica e terapêutica não especificadas anteriormente,04.22,"4.22 - Planos de medicina de grupo ou individual e convênios para prestação de assistência médica, hospitalar, odontológica e congêneres."
8650099,8650-0/99,Atividades de profissionais da área de saúde não especificadas anteriormente,04.22,"4.22 - Planos de medicina de grupo ou individual e convênios para prestação de assistência médica, hospitalar, odontológica e congêneres."
8690999,8690-9/99,Outras atividades de atenção à saúde humana não especificadas anteriormente,04.22,"4.22 - Planos de medicina de grupo ou individual e convênios para prestação de assistência médica, hospitalar, odontológica e congêneres."
8720499,8720-4/99,"Atividades de assistência psicossocial e à saúde a portadores de distúrbios psíquicos, deficiência mental e dependência química
 e grupos similares não especificadas anteriormente",04.22,"4.22 - Planos de medicina de grupo ou individual e convênios para prestação de assistência médica, hospitalar, odontológica e congêneres."
6520100,6520-1/00,Sociedade seguradora de Seguros-saúde,04.23,"4.23 - Outros planos de saúde que se cumpram através de serviços de terceiros contratados, credenciados, cooperados ou apenas pagos pelo
 operador do plano mediante indicação do beneficiário."
6550200,6550-2/00,Planos de saúde,04.23,"4.23 - Outros planos de saúde que se cumpram através de serviços de terceiros contratados, credenciados, cooperados ou apenas pagos pelo
 operador do plano mediante indicação do beneficiário."
7500100,7500-1/00,Atividades veterinárias,05.01,5.01 - Medicina veterinária e zootecnia
7500100,7500-1/00,Atividades veterinárias,05.02,"5.02 - Hospitais, clínicas, ambulatórios, prontos-socorros e congêneres, na área veterinária."
7500100,7500-1/00,Atividades veterinárias,05.03,5.03 - Laboratórios de análise na área veterinária.
0162801,0162-8/01,Serviço de inseminação artificial em animais,05.04,"5.04 - Inseminação artificial, fertilização in vitro e congêneres."
0162899,0162-8/99,Atividades de apoio à pecuária não especificadas anteriormente,05.04,"5.04 - Inseminação artificial, fertilização in vitro e congêneres."
7500100,7500-1/00,Atividades veterinárias,05.04,"5.04 - Inseminação artificial, fertilização in vitro e congêneres."
7500100,7500-1/00,Atividades veterinárias,05.05,5.05 - Bancos de sangue e de órgãos e congêneres.
0162802,0162-8/02,Serviço de tosquiamento de ovinos,05.06,"5.06 - Coleta de sangue, leite, tecidos, sêmen, órgãos e materiais biológicos de qualquer espécie."
7500100,7500-1/00,Atividades veterinárias,05.06,"5.06 - Coleta de sangue, leite, tecidos, sêmen, órgãos e materiais biológicos de qualquer espécie."
7500100,7500-1/00,Atividades veterinárias,05.07,"5.07 - Unidade de atendimento, assistência ou tratamento móvel e congêneres."
0162803,0162-8/03,Serviço de manejo de animais,05.08,"5.08 - Guarda, tratamento, amestramento, embelezamento, alojamento e congêneres."
0162899,0162-8/99,Atividades de apoio à pecuária não especificadas anteriormente,05.08,"5.08 - Guarda, tratamento, amestramento, embelezamento, alojamento e congêneres."
0170900,0170-9/00,Caça e serviços relacionados,05.08,"5.08 - Guarda, tratamento, amestramento, embelezamento, alojamento e congêneres."
8011102,8011-1/02,Serviços de adestramento de cães de guarda,05.08,"5.08 - Guarda, tratamento, amestramento, embelezamento, alojamento e congêneres."
9609207,9609-2/07,Alojamento de animais domésticos,05.08,"5.08 - Guarda, tratamento, amestramento, embelezamento, alojamento e congêneres."
9609208,9609-2/08,Higiene e embelezamento de animais domésticos,05.08,"5.08 - Guarda, tratamento, amestramento, embelezamento, alojamento e congêneres."
7500100,7500-1/00,Atividades veterinárias,05.09,5.09 - Planos de atendimento e assistência médico-veterinária.
8690904,8690-9/04,Atividades de podologia,06.01,"6.01 - Barbearia, cabeleireiros, manicuros, pedicuros e congêneres."
9602501,9602-5/01,"Cabeleireiros, manicure e pedicure",06.01,"6.01 - Barbearia, cabeleireiros, manicuros, pedicuros e congêneres."
9609299,9609-2/99,Outras atividades de serviços pessoais não especificadas anteriormente,06.01,"6.01 - Barbearia, cabeleireiros, manicuros, pedicuros e congêneres."
9602502,9602-5/02,Atividades de estética e outros serviços de cuidados com a beleza,06.02,"6.02 - Esteticistas, tratamento de pele, depilação e congêneres."
9609299,9609-2/99,Outras atividades de serviços pessoais não especificadas anteriormente,06.02,"6.02 - Esteticistas, tratamento de pele, depilação e congêneres."
9602502,9602-5/02,Atividades de estética e outros serviços de cuidados com a beleza,06.03,"6.03 - Banhos, duchas, sauna e congêneres."
9609205,9609-2/05,Atividades de sauna e banhos,06.03,"6.03 - Banhos, duchas, sauna e congêneres."
9609299,9609-2/99,Outras atividades de serviços pessoais não especificadas anteriormente,06.03,"6.03 - Banhos, duchas, sauna e congêneres."
8591100,8591-1/00,Ensino de esportes,06.04,"6.04 - Ginástica, dança, esportes, natação, artes marciais e demais atividades físicas"
8592901,8592-9/01,Ensino de dança,06.04,"6.04 - Ginástica, dança, esportes, natação, artes marciais e demais atividades físicas"
9313100,9313-1/00,Atividades de condicionamento físico,06.04,"6.04 - Ginástica, dança, esportes, natação, artes marciais e demais atividades físicas"
9319199,9319-1/99,Outras atividades esportivas não especificadas anteriormente,06.04,"6.04 - Ginástica, dança, esportes, natação, artes marciais e demais atividades físicas"
9609299,9609-2/99,Outras atividades de serviços pessoais não especificadas anteriormente,06.04,"6.04 - Ginástica, dança, esportes, natação, artes marciais e demais atividades físicas"
9602502,9602-5/02,Atividades de estética e outros serviços de cuidados com a beleza,06.05,"6.05 - Centros de emagrecimento, spa e congêneres."
9609205,9609-2/05,Atividades de sauna e banhos,06.05,"6.05 - Centros de emagrecimento, spa e congêneres."
9609299,9609-2/99,Outras atividades de serviços pessoais não especificadas anteriormente,06.05,"6.05 - Centros de emagrecimento, spa e congêneres."
9609206,9609-2/06,Serviços de tatuagem e colocação de piercing,06.06,"6.06 - Aplicação de tatuagens, piercings e congêneres."
9609299,9609-2/99,Outras atividades de serviços pessoais não especificadas anteriormente,06.06,"6.06 - Aplicação de tatuagens, piercings e congêneres."
0159899,0159-8/99,Criação de outros animais não especificados anteriormente,07.01,"7.01 - Engenharia, agronomia, agrimensura, arquitetura, geologia, urbanismo, paisagismo e congêneres."
0161099,0161-0/99,Atividades de apoio à agricultura não especificadas anteriormente,07.01,"7.01 - Engenharia, agronomia, agrimensura, arquitetura, geologia, urbanismo, paisagismo e congêneres."
0810099,0810-0/99,Extração e britamento de pedras e outros materiais para construção e beneficiamento associado,07.01,"7.01 - Engenharia, agronomia, agrimensura, arquitetura, geologia, urbanismo, paisagismo e congêneres."
1622699,1622-6/99,Fabricação de outros artigos de carpintaria para construção,07.01,"7.01 - Engenharia, agronomia, agrimensura, arquitetura, geologia, urbanismo, paisagismo e congêneres."
4110700,4110-7/00,Incorporação de empreendimentos imobiliários,07.01,"7.01 - Engenharia, agronomia, agrimensura, arquitetura, geologia, urbanismo, paisagismo e congêneres."
4120400,4120-4/00,Construção de edifícios,07.01,"7.01 - Engenharia, agronomia, agrimensura, arquitetura, geologia, urbanismo, paisagismo e congêneres."
4299599,4299-5/99,Outras obras de engenharia civil não especificadas anteriormente,07.01,"7.01 - Engenharia, agronomia, agrimensura, arquitetura, geologia, urbanismo, paisagismo e congêneres."
4330499,4330-4/99,Outras obras de acabamento da construção,07.01,"7.01 - Engenharia, agronomia, agrimensura, arquitetura, geologia, urbanismo, paisagismo e congêneres."
4399199,4399-1/99,Serviços especializados para construção não especificados anteriormente,07.01,"7.01 - Engenharia, agronomia, agrimensura, arquitetura, geologia, urbanismo, paisagismo e congêneres."
7111100,7111-1/00,Serviços de arquitetura,07.01,"7.01 - Engenharia, agronomia, agrimensura, arquitetura, geologia, urbanismo, paisagismo e congêneres."
7112000,7112-0/00,Serviços de engenharia,07.01,"7.01 - Engenharia, agronomia, agrimensura, arquitetura, geologia, urbanismo, paisagismo e congêneres."
7119701,7119-7/01,"Serviços de cartografia, topografia e geodésia",07.01,"7.01 - Engenharia, agronomia, agrimensura, arquitetura, geologia, urbanismo, paisagismo e congêneres."
7119702,7119-7/02,Atividades de estudos geológicos,07.01,"7.01 - Engenharia, agronomia, agrimensura, arquitetura, geologia, urbanismo, paisagismo e congêneres."
7119703,7119-7/03,Serviços de desenho técnico relacionados à arquitetura e engenharia,07.01,"7.01 - Engenharia, agronomia, agrimensura, arquitetura, geologia, urbanismo, paisagismo e congêneres."
7119799,7119-7/99,Atividades técnicas relacionadas à engenharia e arquitetura não especificadas anteriormente,07.01,"7.01 - Engenharia, agronomia, agrimensura, arquitetura, geologia, urbanismo, paisagismo e congêneres."
7490103,7490-1/03,Serviços de agronomia e de consultoria às atividades agrícolas e pecuárias,07.01,"7.01 - Engenharia, agronomia, agrimensura, arquitetura, geologia, urbanismo, paisagismo e congêneres."
2330301,2330-3/01,"Fabricação de estruturas pré-moldadas de concreto armado, em série e sob encomenda",07.02,"7.02 - Execução, por administração, empreitada ou subempreitada, de obras de construção civil, hidráulica ou elétrica e de outras obras semelhantes, inclusive sondagem, perfuração de poços, escavação, drenagem e irrigação, terraplanagem, pavimentação, concretagem e a instalação e montagem de produtos, peças e equipamentos (exceto o fornecimento de mercadorias produzidas pelo prestador de serviços fora
 do local da prestação dos serviços, que fica sujeito ao ICMS)."
2330302,2330-3/02,Fabricação de artefatos de cimento para uso na construção,07.02,"7.02 - Execução, por administração, empreitada ou subempreitada, de obras de construção civil, hidráulica ou elétrica e de outras obras semelhantes, inclusive sondagem, perfuração de poços, escavação, drenagem e irrigação, terraplanagem, pavimentação, concretagem e a instalação e montagem de produtos, peças e equipamentos (exceto o fornecimento de mercadorias produzidas pelo prestador de serviços fora
 do local da prestação dos serviços, que fica sujeito ao ICMS)."
2330303,2330-3/03,Fabricação de artefatos de fibrocimento para uso na construção,07.02,"7.02 - Execução, por administração, empreitada ou subempreitada, de obras de construção civil, hidráulica ou elétrica e de outras obras semelhantes, inclusive sondagem, perfuração de poços, escavação, drenagem e irrigação, terraplanagem, pavimentação, concretagem e a instalação e montagem de produtos, peças e equipamentos (exceto o fornecimento de mercadorias produzidas pelo prestador de serviços fora
 do local da prestação dos serviços, que fica sujeito ao ICMS)."
2330304,2330-3/04,Fabricação de casas pré-moldadas de concreto,07.02,"7.02 - Execução, por administração, empreitada ou subempreitada, de obras de construção civil, hidráulica ou elétrica e de outras obras semelhantes, inclusive sondagem, perfuração de poços, escavação, drenagem e irrigação, terraplanagem, pavimentação, concretagem e a instalação e montagem de produtos, peças e equipamentos (exceto o fornecimento de mercadorias produzidas pelo prestador de serviços fora
 do local da prestação dos serviços, que fica sujeito ao ICMS)."
2330305,2330-3/05,Preparação de massa de concreto e argamassa para construção,07.02,"7.02 - Execução, por administração, empreitada ou subempreitada, de obras de construção civil, hidráulica ou elétrica e de outras obras semelhantes, inclusive sondagem, perfuração de poços, escavação, drenagem e irrigação, terraplanagem, pavimentação, concretagem e a instalação e montagem de produtos, peças e equipamentos (exceto o fornecimento de mercadorias produzidas pelo prestador de serviços fora
 do local da prestação dos serviços, que fica sujeito ao ICMS)."
2330399,2330-3/99,"Fabricação de outros artefatos e produtos de concreto, cimento, fibrocimento, gesso e materiais semelhantes",07.02,"7.02 - Execução, por administração, empreitada ou subempreitada, de obras de construção civil, hidráulica ou elétrica e de outras obras semelhantes, inclusive sondagem, perfuração de poços, escavação, drenagem e irrigação, terraplanagem, pavimentação, concretagem e a instalação e montagem de produtos, peças e equipamentos (exceto o fornecimento de mercadorias produzidas pelo prestador de serviços fora
 do local da prestação dos serviços, que fica sujeito ao ICMS)."
2511000,2511-0/00,Fabricação de estruturas metálicas,07.02,"7.02 - Execução, por administração, empreitada ou subempreitada, de obras de construção civil, hidráulica ou elétrica e de outras obras semelhantes, inclusive sondagem, perfuração de poços, escavação, drenagem e irrigação, terraplanagem, pavimentação, concretagem e a instalação e montagem de produtos, peças e equipamentos (exceto o fornecimento de mercadorias produzidas pelo prestador de serviços fora
 do local da prestação dos serviços, que fica sujeito ao ICMS)."
2599301,2599-3/01,Serviços de confecção de armações metálicas para a construção,07.02,"7.02 - Execução, por administração, empreitada ou subempreitada, de obras de construção civil, hidráulica ou elétrica e de outras obras semelhantes, inclusive sondagem, perfuração de poços, escavação, drenagem e irrigação, terraplanagem, pavimentação, concretagem e a instalação e montagem de produtos, peças e equipamentos (exceto o fornecimento de mercadorias produzidas pelo prestador de serviços fora
 do local da prestação dos serviços, que fica sujeito ao ICMS)."
4110700,4110-7/00,Incorporação de empreendimentos imobiliários,07.02,"7.02 - Execução, por administração, empreitada ou subempreitada, de obras de construção civil, hidráulica ou elétrica e de outras obras semelhantes, inclusive sondagem, perfuração de poços, escavação, drenagem e irrigação, terraplanagem, pavimentação, concretagem e a instalação e montagem de produtos, peças e equipamentos (exceto o fornecimento de mercadorias produzidas pelo prestador de serviços fora
 do local da prestação dos serviços, que fica sujeito ao ICMS)."
4120400,4120-4/00,Construção de edifícios,07.02,"7.02 - Execução, por administração, empreitada ou subempreitada, de obras de construção civil, hidráulica ou elétrica e de outras obras semelhantes, inclusive sondagem, perfuração de poços, escavação, drenagem e irrigação, terraplanagem, pavimentação, concretagem e a instalação e montagem de produtos, peças e equipamentos (exceto o fornecimento de mercadorias produzidas pelo prestador de serviços fora
 do local da prestação dos serviços, que fica sujeito ao ICMS)."
4211101,4211-1/01,Construção de rodovias e ferrovias,07.02,"7.02 - Execução, por administração, empreitada ou subempreitada, de obras de construção civil, hidráulica ou elétrica e de outras obras semelhantes, inclusive sondagem, perfuração de poços, escavação, drenagem e irrigação, terraplanagem, pavimentação, concretagem e a instalação e montagem de produtos, peças e equipamentos (exceto o fornecimento de mercadorias produzidas pelo prestador de serviços fora
 do local da prestação dos serviços, que fica sujeito ao ICMS)."
4211102,4211-1/02,Pintura para sinalização em pistas rodoviárias e aeroportos,07.02,"7.02 - Execução, por administração, empreitada ou subempreitada, de obras de construção civil, hidráulica ou elétrica e de outras obras semelhantes, inclusive sondagem, perfuração de poços, escavação, drenagem e irrigação, terraplanagem, pavimentação, concretagem e a instalação e montagem de produtos, peças e equipamentos (exceto o fornecimento de mercadorias produzidas pelo prestador de serviços fora
 do local da prestação dos serviços, que fica sujeito ao ICMS)."
4212000,4212-0/00,Construção de obras-de-arte especiais,07.02,"7.02 - Execução, por administração, empreitada ou subempreitada, de obras de construção civil, hidráulica ou elétrica e de outras obras semelhantes, inclusive sondagem, perfuração de poços, escavação, drenagem e irrigação, terraplanagem, pavimentação, concretagem e a instalação e montagem de produtos, peças e equipamentos (exceto o fornecimento de mercadorias produzidas pelo prestador de serviços fora
 do local da prestação dos serviços, que fica sujeito ao ICMS)."
4213800,4213-8/00,"Obras de urbanização - ruas, praças e calçadas",07.02,"7.02 - Execução, por administração, empreitada ou subempreitada, de obras de construção civil, hidráulica ou elétrica e de outras obras semelhantes, inclusive sondagem, perfuração de poços, escavação, drenagem e irrigação, terraplanagem, pavimentação, concretagem e a instalação e montagem de produtos, peças e equipamentos (exceto o fornecimento de mercadorias produzidas pelo prestador de serviços fora
 do local da prestação dos serviços, que fica sujeito ao ICMS)."
4221901,4221-9/01,Construção de barragens e represas para geração de energia elétrica,07.02,"7.02 - Execução, por administração, empreitada ou subempreitada, de obras de construção civil, hidráulica ou elétrica e de outras obras semelhantes, inclusive sondagem, perfuração de poços, escavação, drenagem e irrigação, terraplanagem, pavimentação, concretagem e a instalação e montagem de produtos, peças e equipamentos (exceto o fornecimento de mercadorias produzidas pelo prestador de serviços fora
 do local da prestação dos serviços, que fica sujeito ao ICMS)."
4221902,4221-9/02,Construção de estações e redes de distribuição de energia elétrica,07.02,"7.02 - Execução, por administração, empreitada ou subempreitada, de obras de construção civil, hidráulica ou elétrica e de outras obras semelhantes, inclusive sondagem, perfuração de poços, escavação, drenagem e irrigação, terraplanagem, pavimentação, concretagem e a instalação e montagem de produtos, peças e equipamentos (exceto o fornecimento de mercadorias produzidas pelo prestador de serviços fora
 do local da prestação dos serviços, que fica sujeito ao ICMS)."
4221903,4221-9/03,Manutenção de redes de distribuição de energia elétrica,07.02,"7.02 - Execução, por administração, empreitada ou subempreitada, de obras de construção civil, hidráulica ou elétrica e de outras obras semelhantes, inclusive sondagem, perfuração de poços, escavação, drenagem e irrigação, terraplanagem, pavimentação, concretagem e a instalação e montagem de produtos, peças e equipamentos (exceto o fornecimento de mercadorias produzidas pelo prestador de serviços fora
 do local da prestação dos serviços, que fica sujeito ao ICMS)."
4221904,4221-9/04,Construção de estações e redes de telecomunicações,07.02,"7.02 - Execução, por administração, empreitada ou subempreitada, de obras de construção civil, hidráulica ou elétrica e de outras obras semelhantes, inclusive sondagem, perfuração de poços, escavação, drenagem e irrigação, terraplanagem, pavimentação, concretagem e a instalação e montagem de produtos, peças e equipamentos (exceto o fornecimento de mercadorias produzidas pelo prestador de serviços fora
 do local da prestação dos serviços, que fica sujeito ao ICMS)."
4221905,4221-9/05,Manutenção de estações e redes de telecomunicações,07.02,"7.02 - Execução, por administração, empreitada ou subempreitada, de obras de construção civil, hidráulica ou elétrica e de outras obras semelhantes, inclusive sondagem, perfuração de poços, escavação, drenagem e irrigação, terraplanagem, pavimentação, concretagem e a instalação e montagem de produtos, peças e equipamentos (exceto o fornecimento de mercadorias produzidas pelo prestador de serviços fora
 do local da prestação dos serviços, que fica sujeito ao ICMS)."
4222701,4222-7/01,"Construção de redes de abastecimento de água, coleta de esgoto e construções correlatas, exceto obras de irrigação",07.02,"7.02 - Execução, por administração, empreitada ou subempreitada, de obras de construção civil, hidráulica ou elétrica e de outras obras semelhantes, inclusive sondagem, perfuração de poços, escavação, drenagem e irrigação, terraplanagem, pavimentação, concretagem e a instalação e montagem de produtos, peças e equipamentos (exceto o fornecimento de mercadorias produzidas pelo prestador de serviços fora
 do local da prestação dos serviços, que fica sujeito ao ICMS)."
4222702,4222-7/02,Obras de irrigação,07.02,"7.02 - Execução, por administração, empreitada ou subempreitada, de obras de construção civil, hidráulica ou elétrica e de outras obras semelhantes, inclusive sondagem, perfuração de poços, escavação, drenagem e irrigação, terraplanagem, pavimentação, concretagem e a instalação e montagem de produtos, peças e equipamentos (exceto o fornecimento de mercadorias produzidas pelo prestador de serviços fora
 do local da prestação dos serviços, que fica sujeito ao ICMS)."
4223500,4223-5/00,"Construção de redes de transportes por dutos, exceto para água e esgoto",07.02,"7.02 - Execução, por administração, empreitada ou subempreitada, de obras de construção civil, hidráulica ou elétrica e de outras obras semelhantes, inclusive sondagem, perfuração de poços, escavação, drenagem e irrigação, terraplanagem, pavimentação, concretagem e a instalação e montagem de produtos, peças e equipamentos (exceto o fornecimento de mercadorias produzidas pelo prestador de serviços fora
 do local da prestação dos serviços, que fica sujeito ao ICMS)."
4291000,4291-0/00,"Obras portuárias, marítimas e fluviais",07.02,"7.02 - Execução, por administração, empreitada ou subempreitada, de obras de construção civil, hidráulica ou elétrica e de outras obras semelhantes, inclusive sondagem, perfuração de poços, escavação, drenagem e irrigação, terraplanagem, pavimentação, concretagem e a instalação e montagem de produtos, peças e equipamentos (exceto o fornecimento de mercadorias produzidas pelo prestador de serviços fora
 do local da prestação dos serviços, que fica sujeito ao ICMS)."
4292801,4292-8/01,Montagem de estruturas metálicas,07.02,"7.02 - Execução, por administração, empreitada ou subempreitada, de obras de construção civil, hidráulica ou elétrica e de outras obras semelhantes, inclusive sondagem, perfuração de poços, escavação, drenagem e irrigação, terraplanagem, pavimentação, concretagem e a instalação e montagem de produtos, peças e equipamentos (exceto o fornecimento de mercadorias produzidas pelo prestador de serviços fora
 do local da prestação dos serviços, que fica sujeito ao ICMS)."
4292802,4292-8/02,Obras de montagem industrial,07.02,"7.02 - Execução, por administração, empreitada ou subempreitada, de obras de construção civil, hidráulica ou elétrica e de outras obras semelhantes, inclusive sondagem, perfuração de poços, escavação, drenagem e irrigação, terraplanagem, pavimentação, concretagem e a instalação e montagem de produtos, peças e equipamentos (exceto o fornecimento de mercadorias produzidas pelo prestador de serviços fora
 do local da prestação dos serviços, que fica sujeito ao ICMS)."
4299501,4299-5/01,Construção de instalações esportivas e recreativas,07.02,"7.02 - Execução, por administração, empreitada ou subempreitada, de obras de construção civil, hidráulica ou elétrica e de outras obras semelhantes, inclusive sondagem, perfuração de poços, escavação, drenagem e irrigação, terraplanagem, pavimentação, concretagem e a instalação e montagem de produtos, peças e equipamentos (exceto o fornecimento de mercadorias produzidas pelo prestador de serviços fora
 do local da prestação dos serviços, que fica sujeito ao ICMS)."
4299599,4299-5/99,Outras obras de engenharia civil não especificadas anteriormente,07.02,"7.02 - Execução, por administração, empreitada ou subempreitada, de obras de construção civil, hidráulica ou elétrica e de outras obras semelhantes, inclusive sondagem, perfuração de poços, escavação, drenagem e irrigação, terraplanagem, pavimentação, concretagem e a instalação e montagem de produtos, peças e equipamentos (exceto o fornecimento de mercadorias produzidas pelo prestador de serviços fora
 do local da prestação dos serviços, que fica sujeito ao ICMS)."
4311802,4311-8/02,Preparação de canteiro e limpeza de terreno,07.02,"7.02 - Execução, por administração, empreitada ou subempreitada, de obras de construção civil, hidráulica ou elétrica e de outras obras semelhantes, inclusive sondagem, perfuração de poços, escavação, drenagem e irrigação, terraplanagem, pavimentação, concretagem e a instalação e montagem de produtos, peças e equipamentos (exceto o fornecimento de mercadorias produzidas pelo prestador de serviços fora
 do local da prestação dos serviços, que fica sujeito ao ICMS)."
4312600,4312-6/00,Perfurações e sondagens,07.02,"7.02 - Execução, por administração, empreitada ou subempreitada, de obras de construção civil, hidráulica ou elétrica e de outras obras semelhantes, inclusive sondagem, perfuração de poços, escavação, drenagem e irrigação, terraplanagem, pavimentação, concretagem e a instalação e montagem de produtos, peças e equipamentos (exceto o fornecimento de mercadorias produzidas pelo prestador de serviços fora
 do local da prestação dos serviços, que fica sujeito ao ICMS)."
4313400,4313-4/00,Obras de terraplenagem,07.02,"7.02 - Execução, por administração, empreitada ou subempreitada, de obras de construção civil, hidráulica ou elétrica e de outras obras semelhantes, inclusive sondagem, perfuração de poços, escavação, drenagem e irrigação, terraplanagem, pavimentação, concretagem e a instalação e montagem de produtos, peças e equipamentos (exceto o fornecimento de mercadorias produzidas pelo prestador de serviços fora
 do local da prestação dos serviços, que fica sujeito ao ICMS)."
4319300,4319-3/00,Serviços de preparação do terreno não especificados anteriormente,07.02,"7.02 - Execução, por administração, empreitada ou subempreitada, de obras de construção civil, hidráulica ou elétrica e de outras obras semelhantes, inclusive sondagem, perfuração de poços, escavação, drenagem e irrigação, terraplanagem, pavimentação, concretagem e a instalação e montagem de produtos, peças e equipamentos (exceto o fornecimento de mercadorias produzidas pelo prestador de serviços fora
 do local da prestação dos serviços, que fica sujeito ao ICMS)."
4321500,4321-5/00,Instalação e manutenção elétrica,07.02,"7.02 - Execução, por administração, empreitada ou subempreitada, de obras de construção civil, hidráulica ou elétrica e de outras obras semelhantes, inclusive sondagem, perfuração de poços, escavação, drenagem e irrigação, terraplanagem, pavimentação, concretagem e a instalação e montagem de produtos, peças e equipamentos (exceto o fornecimento de mercadorias produzidas pelo prestador de serviços fora
 do local da prestação dos serviços, que fica sujeito ao ICMS)."
4322301,4322-3/01,"Instalações hidráulicas, sanitárias e de gás",07.02,"7.02 - Execução, por administração, empreitada ou subempreitada, de obras de construção civil, hidráulica ou elétrica e de outras obras semelhantes, inclusive sondagem, perfuração de poços, escavação, drenagem e irrigação, terraplanagem, pavimentação, concretagem e a instalação e montagem de produtos, peças e equipamentos (exceto o fornecimento de mercadorias produzidas pelo prestador de serviços fora
 do local da prestação dos serviços, que fica sujeito ao ICMS)."
4322302,4322-3/02,"Instalação e manutenção de sistemas centrais de ar condicionado, de ventilação e refrigeração",07.02,"7.02 - Execução, por administração, empreitada ou subempreitada, de obras de construção civil, hidráulica ou elétrica e de outras obras semelhantes, inclusive sondagem, perfuração de poços, escavação, drenagem e irrigação, terraplanagem, pavimentação, concretagem e a instalação e montagem de produtos, peças e equipamentos (exceto o fornecimento de mercadorias produzidas pelo prestador de serviços fora
 do local da prestação dos serviços, que fica sujeito ao ICMS)."
4322303,4322-3/03,Instalações de sistema de prevenção contra incêndio,07.02,"7.02 - Execução, por administração, empreitada ou subempreitada, de obras de construção civil, hidráulica ou elétrica e de outras obras semelhantes, inclusive sondagem, perfuração de poços, escavação, drenagem e irrigação, terraplanagem, pavimentação, concretagem e a instalação e montagem de produtos, peças e equipamentos (exceto o fornecimento de mercadorias produzidas pelo prestador de serviços fora
 do local da prestação dos serviços, que fica sujeito ao ICMS)."
4329102,4329-1/02,"Instalação de equipamentos para orientação à navegação marítima, fluvial e lacustre",07.02,"7.02 - Execução, por administração, empreitada ou subempreitada, de obras de construção civil, hidráulica ou elétrica e de outras obras semelhantes, inclusive sondagem, perfuração de poços, escavação, drenagem e irrigação, terraplanagem, pavimentação, concretagem e a instalação e montagem de produtos, peças e equipamentos (exceto o fornecimento de mercadorias produzidas pelo prestador de serviços fora
 do local da prestação dos serviços, que fica sujeito ao ICMS)."
4329103,4329-1/03,"Instalação, manutenção e reparação de elevadores, escadas e esteiras rolantes",07.02,"7.02 - Execução, por administração, empreitada ou subempreitada, de obras de construção civil, hidráulica ou elétrica e de outras obras semelhantes, inclusive sondagem, perfuração de poços, escavação, drenagem e irrigação, terraplanagem, pavimentação, concretagem e a instalação e montagem de produtos, peças e equipamentos (exceto o fornecimento de mercadorias produzidas pelo prestador de serviços fora
 do local da prestação dos serviços, que fica sujeito ao ICMS)."
4329104,4329-1/04,"Montagem e instalação de sistemas e equipamentos de iluminação e sinalização em vias públicas, portos e aeroportos",07.02,"7.02 - Execução, por administração, empreitada ou subempreitada, de obras de construção civil, hidráulica ou elétrica e de outras obras semelhantes, inclusive sondagem, perfuração de poços, escavação, drenagem e irrigação, terraplanagem, pavimentação, concretagem e a instalação e montagem de produtos, peças e equipamentos (exceto o fornecimento de mercadorias produzidas pelo prestador de serviços fora
 do local da prestação dos serviços, que fica sujeito ao ICMS)."
4329105,4329-1/05,"Tratamentos térmicos, acústicos ou de vibração",07.02,"7.02 - Execução, por administração, empreitada ou subempreitada, de obras de construção civil, hidráulica ou elétrica e de outras obras semelhantes, inclusive sondagem, perfuração de poços, escavação, drenagem e irrigação, terraplanagem, pavimentação, concretagem e a instalação e montagem de produtos, peças e equipamentos (exceto o fornecimento de mercadorias produzidas pelo prestador de serviços fora
 do local da prestação dos serviços, que fica sujeito ao ICMS)."
4329199,4329-1/99,Outras obras de instalações em construções não especificadas anteriormente,07.02,"7.02 - Execução, por administração, empreitada ou subempreitada, de obras de construção civil, hidráulica ou elétrica e de outras obras semelhantes, inclusive sondagem, perfuração de poços, escavação, drenagem e irrigação, terraplanagem, pavimentação, concretagem e a instalação e montagem de produtos, peças e equipamentos (exceto o fornecimento de mercadorias produzidas pelo prestador de serviços fora
 do local da prestação dos serviços, que fica sujeito ao ICMS)."
4330401,4330-4/01,Impermeabilização em obras de engenharia civil,07.02,"7.02 - Execução, por administração, empreitada ou subempreitada, de obras de construção civil, hidráulica ou elétrica e de outras obras semelhantes, inclusive sondagem, perfuração de poços, escavação, drenagem e irrigação, terraplanagem, pavimentação, concretagem e a instalação e montagem de produtos, peças e equipamentos (exceto o fornecimento de mercadorias produzidas pelo prestador de serviços fora
 do local da prestação dos serviços, que fica sujeito ao ICMS)."
4330402,4330-4/02,"Instalação de portas, janelas, tetos, divisórias e armários embutidos de qualquer material",07.02,"7.02 - Execução, por administração, empreitada ou subempreitada, de obras de construção civil, hidráulica ou elétrica e de outras obras semelhantes, inclusive sondagem, perfuração de poços, escavação, drenagem e irrigação, terraplanagem, pavimentação, concretagem e a instalação e montagem de produtos, peças e equipamentos (exceto o fornecimento de mercadorias produzidas pelo prestador de serviços fora
 do local da prestação dos serviços, que fica sujeito ao ICMS)."
4330403,4330-4/03,Obras de acabamento em gesso e estuque,07.02,"7.02 - Execução, por administração, empreitada ou subempreitada, de obras de construção civil, hidráulica ou elétrica e de outras obras semelhantes, inclusive sondagem, perfuração de poços, escavação, drenagem e irrigação, terraplanagem, pavimentação, concretagem e a instalação e montagem de produtos, peças e equipamentos (exceto o fornecimento de mercadorias produzidas pelo prestador de serviços fora
 do local da prestação dos serviços, que fica sujeito ao ICMS)."
4330404,4330-4/04,Serviços de pintura de edifícios em geral,07.02,"7.02 - Execução, por administração, empreitada ou subempreitada, de obras de construção civil, hidráulica ou elétrica e de outras obras semelhantes, inclusive sondagem, perfuração de poços, escavação, drenagem e irrigação, terraplanagem, pavimentação, concretagem e a instalação e montagem de produtos, peças e equipamentos (exceto o fornecimento de mercadorias produzidas pelo prestador de serviços fora
 do local da prestação dos serviços, que fica sujeito ao ICMS)."
4330405,4330-4/05,Aplicação de revestimentos e de resinas em interiores e exteriores,07.02,"7.02 - Execução, por administração, empreitada ou subempreitada, de obras de construção civil, hidráulica ou elétrica e de outras obras semelhantes, inclusive sondagem, perfuração de poços, escavação, drenagem e irrigação, terraplanagem, pavimentação, concretagem e a instalação e montagem de produtos, peças e equipamentos (exceto o fornecimento de mercadorias produzidas pelo prestador de serviços fora
 do local da prestação dos serviços, que fica sujeito ao ICMS)."
4330499,4330-4/99,Outras obras de acabamento da construção,07.02,"7.02 - Execução, por administração, empreitada ou subempreitada, de obras de construção civil, hidráulica ou elétrica e de outras obras semelhantes, inclusive sondagem, perfuração de poços, escavação, drenagem e irrigação, terraplanagem, pavimentação, concretagem e a instalação e montagem de produtos, peças e equipamentos (exceto o fornecimento de mercadorias produzidas pelo prestador de serviços fora
 do local da prestação dos serviços, que fica sujeito ao ICMS)."
4391600,4391-6/00,Obras de fundações,07.02,"7.02 - Execução, por administração, empreitada ou subempreitada, de obras de construção civil, hidráulica ou elétrica e de outras obras semelhantes, inclusive sondagem, perfuração de poços, escavação, drenagem e irrigação, terraplanagem, pavimentação, concretagem e a instalação e montagem de produtos, peças e equipamentos (exceto o fornecimento de mercadorias produzidas pelo prestador de serviços fora
 do local da prestação dos serviços, que fica sujeito ao ICMS)."
4399101,4399-1/01,Administração de obras,07.02,"7.02 - Execução, por administração, empreitada ou subempreitada, de obras de construção civil, hidráulica ou elétrica e de outras obras semelhantes, inclusive sondagem, perfuração de poços, escavação, drenagem e irrigação, terraplanagem, pavimentação, concretagem e a instalação e montagem de produtos, peças e equipamentos (exceto o fornecimento de mercadorias produzidas pelo prestador de serviços fora
 do local da prestação dos serviços, que fica sujeito ao ICMS)."
4399102,4399-1/02,Montagem e desmontagem de andaimes e outras estruturas temporárias,07.02,"7.02 - Execução, por administração, empreitada ou subempreitada, de obras de construção civil, hidráulica ou elétrica e de outras obras semelhantes, inclusive sondagem, perfuração de poços, escavação, drenagem e irrigação, terraplanagem, pavimentação, concretagem e a instalação e montagem de produtos, peças e equipamentos (exceto o fornecimento de mercadorias produzidas pelo prestador de serviços fora
 do local da prestação dos serviços, que fica sujeito ao ICMS)."
4399103,4399-1/03,Obras de alvenaria,07.02,"7.02 - Execução, por administração, empreitada ou subempreitada, de obras de construção civil, hidráulica ou elétrica e de outras obras semelhantes, inclusive sondagem, perfuração de poços, escavação, drenagem e irrigação, terraplanagem, pavimentação, concretagem e a instalação e montagem de produtos, peças e equipamentos (exceto o fornecimento de mercadorias produzidas pelo prestador de serviços fora
 do local da prestação dos serviços, que fica sujeito ao ICMS)."
4399105,4399-1/05,Perfuração e construção de poços de água,07.02,"7.02 - Execução, por administração, empreitada ou subempreitada, de obras de construção civil, hidráulica ou elétrica e de outras obras semelhantes, inclusive sondagem, perfuração de poços, escavação, drenagem e irrigação, terraplanagem, pavimentação, concretagem e a instalação e montagem de produtos, peças e equipamentos (exceto o fornecimento de mercadorias produzidas pelo prestador de serviços fora
 do local da prestação dos serviços, que fica sujeito ao ICMS)."
4399199,4399-1/99,Serviços especializados para construção não especificados anteriormente,07.02,"7.02 - Execução, por administração, empreitada ou subempreitada, de obras de construção civil, hidráulica ou elétrica e de outras obras semelhantes, inclusive sondagem, perfuração de poços, escavação, drenagem e irrigação, terraplanagem, pavimentação, concretagem e a instalação e montagem de produtos, peças e equipamentos (exceto o fornecimento de mercadorias produzidas pelo prestador de serviços fora
 do local da prestação dos serviços, que fica sujeito ao ICMS)."
4110700,4110-7/00,Incorporação de empreendimentos imobiliários,07.03,"7.03 - Elaboração de planos diretores, estudos de viabilidade, estudos organizacionais e outros, relacionados com obras e serviços de engenharia;
 elaboração de anteprojetos, projetos básicos e projetos executivos para trabalhos de engenharia."
7111100,7111-1/00,Serviços de arquitetura,07.03,"7.03 - Elaboração de planos diretores, estudos de viabilidade, estudos organizacionais e outros, relacionados com obras e serviços de engenharia;
 elaboração de anteprojetos, projetos básicos e projetos executivos para trabalhos de engenharia."
7112000,7112-0/00,Serviços de engenharia,07.03,"7.03 - Elaboração de planos diretores, estudos de viabilidade, estudos organizacionais e outros, relacionados com obras e serviços de engenharia;
 elaboração de anteprojetos, projetos básicos e projetos executivos para trabalhos de engenharia."
7119701,7119-7/01,"Serviços de cartografia, topografia e geodésia",07.03,"7.03 - Elaboração de planos diretores, estudos de viabilidade, estudos organizacionais e outros, relacionados com obras e serviços de engenharia;
 elaboração de anteprojetos, projetos básicos e projetos executivos para trabalhos de engenharia."
4311801,4311-8/01,Demolição de edifícios e outras estruturas,07.04,7.04 - Demolição.
4120400,4120-4/00,Construção de edifícios,07.05,"7.05 - Reparação, conservação e reforma de edifícios, estradas, pontes, portos e congêneres (exceto o fornecimento de mercadorias produzidas
 pelo prestador dos serviços, fora do local da prestação dos serviços, que fica sujeito ao ICMS)."
4211101,4211-1/01,Construção de rodovias e ferrovias,07.05,"7.05 - Reparação, conservação e reforma de edifícios, estradas, pontes, portos e congêneres (exceto o fornecimento de mercadorias produzidas
 pelo prestador dos serviços, fora do local da prestação dos serviços, que fica sujeito ao ICMS)."
4211102,4211-1/02,Pintura para sinalização em pistas rodoviárias e aeroportos,07.05,"7.05 - Reparação, conservação e reforma de edifícios, estradas, pontes, portos e congêneres (exceto o fornecimento de mercadorias produzidas
 pelo prestador dos serviços, fora do local da prestação dos serviços, que fica sujeito ao ICMS)."
4213800,4213-8/00,"Obras de urbanização - ruas, praças e calçadas",07.05,"7.05 - Reparação, conservação e reforma de edifícios, estradas, pontes, portos e congêneres (exceto o fornecimento de mercadorias produzidas
 pelo prestador dos serviços, fora do local da prestação dos serviços, que fica sujeito ao ICMS)."
4221901,4221-9/01,Construção de barragens e represas para geração de energia elétrica,07.05,"7.05 - Reparação, conservação e reforma de edifícios, estradas, pontes, portos e congêneres (exceto o fornecimento de mercadorias produzidas
 pelo prestador dos serviços, fora do local da prestação dos serviços, que fica sujeito ao ICMS)."
4221902,4221-9/02,Construção de estações e redes de distribuição de energia elétrica,07.05,"7.05 - Reparação, conservação e reforma de edifícios, estradas, pontes, portos e congêneres (exceto o fornecimento de mercadorias produzidas
 pelo prestador dos serviços, fora do local da prestação dos serviços, que fica sujeito ao ICMS)."
4221903,4221-9/03,Manutenção de redes de distribuição de energia elétrica,07.05,"7.05 - Reparação, conservação e reforma de edifícios, estradas, pontes, portos e congêneres (exceto o fornecimento de mercadorias produzidas
 pelo prestador dos serviços, fora do local da prestação dos serviços, que fica sujeito ao ICMS)."
4221905,4221-9/05,Manutenção de estações e redes de telecomunicações,07.05,"7.05 - Reparação, conservação e reforma de edifícios, estradas, pontes, portos e congêneres (exceto o fornecimento de mercadorias produzidas
 pelo prestador dos serviços, fora do local da prestação dos serviços, que fica sujeito ao ICMS)."
4222701,4222-7/01,"Construção de redes de abastecimento de água, coleta de esgoto e construções correlatas, exceto obras de irrigação",07.05,"7.05 - Reparação, conservação e reforma de edifícios, estradas, pontes, portos e congêneres (exceto o fornecimento de mercadorias produzidas
 pelo prestador dos serviços, fora do local da prestação dos serviços, que fica sujeito ao ICMS)."
4299501,4299-5/01,Construção de instalações esportivas e recreativas,07.05,"7.05 - Reparação, conservação e reforma de edifícios, estradas, pontes, portos e congêneres (exceto o fornecimento de mercadorias produzidas
 pelo prestador dos serviços, fora do local da prestação dos serviços, que fica sujeito ao ICMS)."
4299599,4299-5/99,Outras obras de engenharia civil não especificadas anteriormente,07.05,"7.05 - Reparação, conservação e reforma de edifícios, estradas, pontes, portos e congêneres (exceto o fornecimento de mercadorias produzidas
 pelo prestador dos serviços, fora do local da prestação dos serviços, que fica sujeito ao ICMS)."
4321500,4321-5/00,Instalação e manutenção elétrica,07.05,"7.05 - Reparação, conservação e reforma de edifícios, estradas, pontes, portos e congêneres (exceto o fornecimento de mercadorias produzidas
 pelo prestador dos serviços, fora do local da prestação dos serviços, que fica sujeito ao ICMS)."
4322301,4322-3/01,"Instalações hidráulicas, sanitárias e de gás",07.05,"7.05 - Reparação, conservação e reforma de edifícios, estradas, pontes, portos e congêneres (exceto o fornecimento de mercadorias produzidas
 pelo prestador dos serviços, fora do local da prestação dos serviços, que fica sujeito ao ICMS)."
4322302,4322-3/02,"Instalação e manutenção de sistemas centrais de ar condicionado, de ventilação e refrigeração",07.05,"7.05 - Reparação, conservação e reforma de edifícios, estradas, pontes, portos e congêneres (exceto o fornecimento de mercadorias produzidas
 pelo prestador dos serviços, fora do local da prestação dos serviços, que fica sujeito ao ICMS)."
4322303,4322-3/03,Instalações de sistema de prevenção contra incêndio,07.05,"7.05 - Reparação, conservação e reforma de edifícios, estradas, pontes, portos e congêneres (exceto o fornecimento de mercadorias produzidas
 pelo prestador dos serviços, fora do local da prestação dos serviços, que fica sujeito ao ICMS)."
4329104,4329-1/04,"Montagem e instalação de sistemas e equipamentos de iluminação e sinalização em vias públicas, portos e aeroportos",07.05,"7.05 - Reparação, conservação e reforma de edifícios, estradas, pontes, portos e congêneres (exceto o fornecimento de mercadorias produzidas
 pelo prestador dos serviços, fora do local da prestação dos serviços, que fica sujeito ao ICMS)."
4330403,4330-4/03,Obras de acabamento em gesso e estuque,07.05,"7.05 - Reparação, conservação e reforma de edifícios, estradas, pontes, portos e congêneres (exceto o fornecimento de mercadorias produzidas
 pelo prestador dos serviços, fora do local da prestação dos serviços, que fica sujeito ao ICMS)."
4330404,4330-4/04,Serviços de pintura de edifícios em geral,07.05,"7.05 - Reparação, conservação e reforma de edifícios, estradas, pontes, portos e congêneres (exceto o fornecimento de mercadorias produzidas
 pelo prestador dos serviços, fora do local da prestação dos serviços, que fica sujeito ao ICMS)."
4330405,4330-4/05,Aplicação de revestimentos e de resinas em interiores e exteriores,07.05,"7.05 - Reparação, conservação e reforma de edifícios, estradas, pontes, portos e congêneres (exceto o fornecimento de mercadorias produzidas
 pelo prestador dos serviços, fora do local da prestação dos serviços, que fica sujeito ao ICMS)."
4330499,4330-4/99,Outras obras de acabamento da construção,07.05,"7.05 - Reparação, conservação e reforma de edifícios, estradas, pontes, portos e congêneres (exceto o fornecimento de mercadorias produzidas
 pelo prestador dos serviços, fora do local da prestação dos serviços, que fica sujeito ao ICMS)."
4399103,4399-1/03,Obras de alvenaria,07.05,"7.05 - Reparação, conservação e reforma de edifícios, estradas, pontes, portos e congêneres (exceto o fornecimento de mercadorias produzidas
 pelo prestador dos serviços, fora do local da prestação dos serviços, que fica sujeito ao ICMS)."
4399199,4399-1/99,Serviços especializados para construção não especificados anteriormente,07.05,"7.05 - Reparação, conservação e reforma de edifícios, estradas, pontes, portos e congêneres (exceto o fornecimento de mercadorias produzidas
 pelo prestador dos serviços, fora do local da prestação dos serviços, que fica sujeito ao ICMS)."
9102302,9102-3/02,Restauração e conservação de lugares e prédios históricos,07.05,"7.05 - Reparação, conservação e reforma de edifícios, estradas, pontes, portos e congêneres (exceto o fornecimento de mercadorias produzidas
 pelo prestador dos serviços, fora do local da prestação dos serviços, que fica sujeito ao ICMS)."
4299599,4299-5/99,Outras obras de engenharia civil não especificadas anteriormente,07.06,"7.06 - Colocação e instalação de tapetes, carpetes, assoalhos, cortinas, revestimentos de parede, vidros, divisórias, placas de gesso e congêneres,
 com material fornecido pelo tomador do serviço."
4330402,4330-4/02,"Instalação de portas, janelas, tetos, divisórias e armários embutidos de qualquer material",07.06,"7.06 - Colocação e instalação de tapetes, carpetes, assoalhos, cortinas, revestimentos de parede, vidros, divisórias, placas de gesso e congêneres,
 com material fornecido pelo tomador do serviço."
4330403,4330-4/03,Obras de acabamento em gesso e estuque,07.06,"7.06 - Colocação e instalação de tapetes, carpetes, assoalhos, cortinas, revestimentos de parede, vidros, divisórias, placas de gesso e congêneres,
 com material fornecido pelo tomador do serviço."
4330405,4330-4/05,Aplicação de revestimentos e de resinas em interiores e exteriores,07.06,"7.06 - Colocação e instalação de tapetes, carpetes, assoalhos, cortinas, revestimentos de parede, vidros, divisórias, placas de gesso e congêneres,
 com material fornecido pelo tomador do serviço."
4330499,4330-4/99,Outras obras de acabamento da construção,07.06,"7.06 - Colocação e instalação de tapetes, carpetes, assoalhos, cortinas, revestimentos de parede, vidros, divisórias, placas de gesso e congêneres,
 com material fornecido pelo tomador do serviço."
4399199,4399-1/99,Serviços especializados para construção não especificados anteriormente,07.06,"7.06 - Colocação e instalação de tapetes, carpetes, assoalhos, cortinas, revestimentos de parede, vidros, divisórias, placas de gesso e congêneres,
 com material fornecido pelo tomador do serviço."
4299599,4299-5/99,Outras obras de engenharia civil não especificadas anteriormente,07.07,"7.07 - Recuperação, raspagem, polimento e lustração de pisos e congêneres"
4330405,4330-4/05,Aplicação de revestimentos e de resinas em interiores e exteriores,07.07,"7.07 - Recuperação, raspagem, polimento e lustração de pisos e congêneres"
4330499,4330-4/99,Outras obras de acabamento da construção,07.07,"7.07 - Recuperação, raspagem, polimento e lustração de pisos e congêneres"
4399199,4399-1/99,Serviços especializados para construção não especificados anteriormente,07.07,"7.07 - Recuperação, raspagem, polimento e lustração de pisos e congêneres"
4299599,4299-5/99,Outras obras de engenharia civil não especificadas anteriormente,07.08,7.08 - Calafetação.
4330405,4330-4/05,Aplicação de revestimentos e de resinas em interiores e exteriores,07.08,7.08 - Calafetação.
4330499,4330-4/99,Outras obras de acabamento da construção,07.08,7.08 - Calafetação.
4399199,4399-1/99,Serviços especializados para construção não especificados anteriormente,07.08,7.08 - Calafetação.
3701100,3701-1/00,Gestão de redes de esgoto,07.09,"7.09 - Varrição, coleta, remoção, incineração, tratamento, reciclagem, separação e destinação final de lixo, rejeitos e outros resíduos quaisquer."
3702900,3702-9/00,"Atividades relacionadas a esgoto, exceto a gestão de redes",07.09,"7.09 - Varrição, coleta, remoção, incineração, tratamento, reciclagem, separação e destinação final de lixo, rejeitos e outros resíduos quaisquer."
3811400,3811-4/00,Coleta de resíduos não-perigosos,07.09,"7.09 - Varrição, coleta, remoção, incineração, tratamento, reciclagem, separação e destinação final de lixo, rejeitos e outros resíduos quaisquer."
3812200,3812-2/00,Coleta de resíduos perigosos,07.09,"7.09 - Varrição, coleta, remoção, incineração, tratamento, reciclagem, separação e destinação final de lixo, rejeitos e outros resíduos quaisquer."
3821100,3821-1/00,Tratamento e disposição de resíduos não-perigosos,07.09,"7.09 - Varrição, coleta, remoção, incineração, tratamento, reciclagem, separação e destinação final de lixo, rejeitos e outros resíduos quaisquer."
3822000,3822-0/00,Tratamento e disposição de resíduos perigosos,07.09,"7.09 - Varrição, coleta, remoção, incineração, tratamento, reciclagem, separação e destinação final de lixo, rejeitos e outros resíduos quaisquer."
3831901,3831-9/01,Recuperação de sucatas de alumínio,07.09,"7.09 - Varrição, coleta, remoção, incineração, tratamento, reciclagem, separação e destinação final de lixo, rejeitos e outros resíduos quaisquer."
3831999,3831-9/99,"Recuperação de materiais metálicos, exceto alumínio",07.09,"7.09 - Varrição, coleta, remoção, incineração, tratamento, reciclagem, separação e destinação final de lixo, rejeitos e outros resíduos quaisquer."
3832700,3832-7/00,Recuperação de materiais plásticos,07.09,"7.09 - Varrição, coleta, remoção, incineração, tratamento, reciclagem, separação e destinação final de lixo, rejeitos e outros resíduos quaisquer."
3839401,3839-4/01,Usinas de compostagem,07.09,"7.09 - Varrição, coleta, remoção, incineração, tratamento, reciclagem, separação e destinação final de lixo, rejeitos e outros resíduos quaisquer."
3839499,3839-4/99,Recuperação de materiais não especificados anteriormente,07.09,"7.09 - Varrição, coleta, remoção, incineração, tratamento, reciclagem, separação e destinação final de lixo, rejeitos e outros resíduos quaisquer."
3900500,3900-5/00,Descontaminação e outros serviços de gestão de resíduos,07.09,"7.09 - Varrição, coleta, remoção, incineração, tratamento, reciclagem, separação e destinação final de lixo, rejeitos e outros resíduos quaisquer."
4399199,4399-1/99,Serviços especializados para construção não especificados anteriormente,07.09,"7.09 - Varrição, coleta, remoção, incineração, tratamento, reciclagem, separação e destinação final de lixo, rejeitos e outros resíduos quaisquer."
8129000,8129-0/00,Atividades de limpeza não especificadas anteriormente,07.09,"7.09 - Varrição, coleta, remoção, incineração, tratamento, reciclagem, separação e destinação final de lixo, rejeitos e outros resíduos quaisquer."
3812200,3812-2/00,Coleta de resíduos perigosos,07.10,"7.10 - Limpeza, manutenção e conservação de vias e logradouros públicos, imóveis, chaminés, piscinas, parques, jardins e congêneres."
3821100,3821-1/00,Tratamento e disposição de resíduos não-perigosos,07.10,"7.10 - Limpeza, manutenção e conservação de vias e logradouros públicos, imóveis, chaminés, piscinas, parques, jardins e congêneres."
4211102,4211-1/02,Pintura para sinalização em pistas rodoviárias e aeroportos,07.10,"7.10 - Limpeza, manutenção e conservação de vias e logradouros públicos, imóveis, chaminés, piscinas, parques, jardins e congêneres."
4299599,4299-5/99,Outras obras de engenharia civil não especificadas anteriormente,07.10,"7.10 - Limpeza, manutenção e conservação de vias e logradouros públicos, imóveis, chaminés, piscinas, parques, jardins e congêneres."
4322302,4322-3/02,"Instalação e manutenção de sistemas centrais de ar condicionado, de ventilação e refrigeração",07.10,"7.10 - Limpeza, manutenção e conservação de vias e logradouros públicos, imóveis, chaminés, piscinas, parques, jardins e congêneres."
4330499,4330-4/99,Outras obras de acabamento da construção,07.10,"7.10 - Limpeza, manutenção e conservação de vias e logradouros públicos, imóveis, chaminés, piscinas, parques, jardins e congêneres."
4399199,4399-1/99,Serviços especializados para construção não especificados anteriormente,07.10,"7.10 - Limpeza, manutenção e conservação de vias e logradouros públicos, imóveis, chaminés, piscinas, parques, jardins e congêneres."
8111700,8111-7/00,"Serviços combinados para apoio a edifícios, exceto condomínios prediais",07.10,"7.10 - Limpeza, manutenção e conservação de vias e logradouros públicos, imóveis, chaminés, piscinas, parques, jardins e congêneres."
8121400,8121-4/00,Limpeza em prédios e em domicílios,07.10,"7.10 - Limpeza, manutenção e conservação de vias e logradouros públicos, imóveis, chaminés, piscinas, parques, jardins e congêneres."
8129000,8129-0/00,Atividades de limpeza não especificadas anteriormente,07.10,"7.10 - Limpeza, manutenção e conservação de vias e logradouros públicos, imóveis, chaminés, piscinas, parques, jardins e congêneres."
9700500,9700-5/00,Serviços domésticos,07.10,"7.10 - Limpeza, manutenção e conservação de vias e logradouros públicos, imóveis, chaminés, piscinas, parques, jardins e congêneres."
0161002,0161-0/02,Serviço de poda de árvores para lavouras,07.11,"7.11 - Decoração e jardinagem, inclusive corte e poda de árvores."
4399199,4399-1/99,Serviços especializados para construção não especificados anteriormente,07.11,"7.11 - Decoração e jardinagem, inclusive corte e poda de árvores."
7410202,7410-2/02,Design de interiores,07.11,"7.11 - Decoração e jardinagem, inclusive corte e poda de árvores."
8130300,8130-3/00,Atividades paisagísticas,07.11,"7.11 - Decoração e jardinagem, inclusive corte e poda de árvores."
3600601,3600-6/01,"Captação, tratamento e distribuição de água",07.12,"7.12 - Controle e tratamento de efluentes de qualquer natureza e de agentes físicos, químicos e biológicos."
3701100,3701-1/00,Gestão de redes de esgoto,07.12,"7.12 - Controle e tratamento de efluentes de qualquer natureza e de agentes físicos, químicos e biológicos."
3702900,3702-9/00,"Atividades relacionadas a esgoto, exceto a gestão de redes",07.12,"7.12 - Controle e tratamento de efluentes de qualquer natureza e de agentes físicos, químicos e biológicos."
3812200,3812-2/00,Coleta de resíduos perigosos,07.12,"7.12 - Controle e tratamento de efluentes de qualquer natureza e de agentes físicos, químicos e biológicos."
3821100,3821-1/00,Tratamento e disposição de resíduos não-perigosos,07.12,"7.12 - Controle e tratamento de efluentes de qualquer natureza e de agentes físicos, químicos e biológicos."
3822000,3822-0/00,Tratamento e disposição de resíduos perigosos,07.12,"7.12 - Controle e tratamento de efluentes de qualquer natureza e de agentes físicos, químicos e biológicos."
3839401,3839-4/01,Usinas de compostagem,07.12,"7.12 - Controle e tratamento de efluentes de qualquer natureza e de agentes físicos, químicos e biológicos."
3900500,3900-5/00,Descontaminação e outros serviços de gestão de resíduos,07.12,"7.12 - Controle e tratamento de efluentes de qualquer natureza e de agentes físicos, químicos e biológicos."
4299599,4299-5/99,Outras obras de engenharia civil não especificadas anteriormente,07.12,"7.12 - Controle e tratamento de efluentes de qualquer natureza e de agentes físicos, químicos e biológicos."
4399199,4399-1/99,Serviços especializados para construção não especificados anteriormente,07.12,"7.12 - Controle e tratamento de efluentes de qualquer natureza e de agentes físicos, químicos e biológicos."
0161001,0161-0/01,Serviço de pulverização e controle de pragas agrícolas,07.13,"7.13 - Dedetização, desinfecção, desinsetização, imunização, higienização, desratização, pulverização e congêneres."
0162899,0162-8/99,Atividades de apoio à pecuária não especificadas anteriormente,07.13,"7.13 - Dedetização, desinfecção, desinsetização, imunização, higienização, desratização, pulverização e congêneres."
0230600,0230-6/00,Atividades de apoio à produção florestal,07.13,"7.13 - Dedetização, desinfecção, desinsetização, imunização, higienização, desratização, pulverização e congêneres."
4399199,4399-1/99,Serviços especializados para construção não especificados anteriormente,07.13,"7.13 - Dedetização, desinfecção, desinsetização, imunização, higienização, desratização, pulverização e congêneres."
8122200,8122-2/00,Imunização e controle de pragas urbanas,07.13,"7.13 - Dedetização, desinfecção, desinsetização, imunização, higienização, desratização, pulverização e congêneres."
8129000,8129-0/00,Atividades de limpeza não especificadas anteriormente,07.13,"7.13 - Dedetização, desinfecção, desinsetização, imunização, higienização, desratização, pulverização e congêneres."
0119999,0119-9/99,Cultivo de outras plantas de lavoura temporária não especificadas anteriormente,07.16,"7.16 - Florestamento, reflorestamento, semeadura, adubação, reparação de solo, plantio, silagem, colheita, corte e descascamento de árvores, silvicultura, exploração florestal e dos serviços congêneres indissociáveis da formação, manutenção e colheita de florestas, para quaisquer fins e
 por quaisquer meios."
0161002,0161-0/02,Serviço de poda de árvores para lavouras,07.16,"7.16 - Florestamento, reflorestamento, semeadura, adubação, reparação de solo, plantio, silagem, colheita, corte e descascamento de árvores, silvicultura, exploração florestal e dos serviços congêneres indissociáveis da formação, manutenção e colheita de florestas, para quaisquer fins e
 por quaisquer meios."
0161003,0161-0/03,"Serviço de preparação de terreno, cultivo e colheita",07.16,"7.16 - Florestamento, reflorestamento, semeadura, adubação, reparação de solo, plantio, silagem, colheita, corte e descascamento de árvores, silvicultura, exploração florestal e dos serviços congêneres indissociáveis da formação, manutenção e colheita de florestas, para quaisquer fins e
 por quaisquer meios."
0161099,0161-0/99,Atividades de apoio à agricultura não especificadas anteriormente,07.16,"7.16 - Florestamento, reflorestamento, semeadura, adubação, reparação de solo, plantio, silagem, colheita, corte e descascamento de árvores,
 silvicultura, exploração florestal e dos serviços congêneres indissociáveis da formação, manutenção e colheita de florestas, para quaisquer fins e por quaisquer meios."
0163600,0163-6/00,Atividades de pós-colheita,07.16,"7.16 - Florestamento, reflorestamento, semeadura, adubação, reparação de solo, plantio, silagem, colheita, corte e descascamento de árvores, silvicultura, exploração florestal e dos serviços congêneres indissociáveis da formação, manutenção e colheita de florestas, para quaisquer fins e
 por quaisquer meios."
0210107,0210-1/07,Extração de madeira em florestas plantadas,07.16,"7.16 - Florestamento, reflorestamento, semeadura, adubação, reparação de solo, plantio, silagem, colheita, corte e descascamento de árvores, silvicultura, exploração florestal e dos serviços congêneres indissociáveis da formação, manutenção e colheita de florestas, para quaisquer fins e
 por quaisquer meios."
0220901,0220-9/01,Extração de madeira em florestas nativas,07.16,"7.16 - Florestamento, reflorestamento, semeadura, adubação, reparação de solo, plantio, silagem, colheita, corte e descascamento de árvores,
 silvicultura, exploração florestal e dos serviços congêneres indissociáveis da formação, manutenção e colheita de florestas, para quaisquer fins e por quaisquer meios."
0220903,0220-9/03,Coleta de castanha-do-pará em florestas nativas,07.16,"7.16 - Florestamento, reflorestamento, semeadura, adubação, reparação de solo, plantio, silagem, colheita, corte e descascamento de árvores, silvicultura, exploração florestal e dos serviços congêneres indissociáveis da formação, manutenção e colheita de florestas, para quaisquer fins e
 por quaisquer meios."
0220904,0220-9/04,Coleta de látex em florestas nativas,07.16,"7.16 - Florestamento, reflorestamento, semeadura, adubação, reparação de solo, plantio, silagem, colheita, corte e descascamento de árvores, silvicultura, exploração florestal e dos serviços congêneres indissociáveis da formação, manutenção e colheita de florestas, para quaisquer fins e
 por quaisquer meios."
0220905,0220-9/05,Coleta de palmito em florestas nativas,07.16,"7.16 - Florestamento, reflorestamento, semeadura, adubação, reparação de solo, plantio, silagem, colheita, corte e descascamento de árvores, silvicultura, exploração florestal e dos serviços congêneres indissociáveis da formação, manutenção e colheita de florestas, para quaisquer fins e
 por quaisquer meios."
0220906,0220-9/06,Conservação de florestas nativas,07.16,"7.16 - Florestamento, reflorestamento, semeadura, adubação, reparação de solo, plantio, silagem, colheita, corte e descascamento de árvores,
 silvicultura, exploração florestal e dos serviços congêneres indissociáveis da formação, manutenção e colheita de florestas, para quaisquer fins e por quaisquer meios."
0220999,0220-9/99,Coleta de produtos não-madeireiros não especificados anteriormente em florestas nativas,07.16,"7.16 - Florestamento, reflorestamento, semeadura, adubação, reparação de solo, plantio, silagem, colheita, corte e descascamento de árvores, silvicultura, exploração florestal e dos serviços congêneres indissociáveis da formação, manutenção e colheita de florestas, para quaisquer fins e
 por quaisquer meios."
0230600,0230-6/00,Atividades de apoio à produção florestal,07.16,"7.16 - Florestamento, reflorestamento, semeadura, adubação, reparação de solo, plantio, silagem, colheita, corte e descascamento de árvores, silvicultura, exploração florestal e dos serviços congêneres indissociáveis da formação, manutenção e colheita de florestas, para quaisquer fins e
 por quaisquer meios."
4299599,4299-5/99,Outras obras de engenharia civil não especificadas anteriormente,07.17,"7.17 - Escoramento, contenção de encostas e serviços congêneres"
4330499,4330-4/99,Outras obras de acabamento da construção,07.17,"7.17 - Escoramento, contenção de encostas e serviços congêneres"
4399199,4399-1/99,Serviços especializados para construção não especificados anteriormente,07.17,"7.17 - Escoramento, contenção de encostas e serviços congêneres"
3812200,3812-2/00,Coleta de resíduos perigosos,07.18,"7.18 - Limpeza e dragagem de rios, portos, canais, baías, lagos, lagoas, represas, açudes e congêneres."
3900500,3900-5/00,Descontaminação e outros serviços de gestão de resíduos,07.18,"7.18 - Limpeza e dragagem de rios, portos, canais, baías, lagos, lagoas, represas, açudes e congêneres."
4299599,4299-5/99,Outras obras de engenharia civil não especificadas anteriormente,07.18,"7.18 - Limpeza e dragagem de rios, portos, canais, baías, lagos, lagoas, represas, açudes e congêneres."
4399199,4399-1/99,Serviços especializados para construção não especificados anteriormente,07.18,"7.18 - Limpeza e dragagem de rios, portos, canais, baías, lagos, lagoas, represas, açudes e congêneres."
4399101,4399-1/01,Administração de obras,07.19,"7.19 - Acompanhamento e fiscalização da execução de obras de engenharia, arquitetura e urbanismo."
7111100,7111-1/00,Serviços de arquitetura,07.19,"7.19 - Acompanhamento e fiscalização da execução de obras de engenharia, arquitetura e urbanismo."
7112000,7112-0/00,Serviços de engenharia,07.19,"7.19 - Acompanhamento e fiscalização da execução de obras de engenharia, arquitetura e urbanismo."
4299599,4299-5/99,Outras obras de engenharia civil não especificadas anteriormente,07.20,"7.20 - Aerofotogrametria (inclusive interpretação), cartografia, mapeamento, levantamentos topográficos, batimétricos, geográficos, geodésicos,
 geológicos, geofísicos e congêneres."
4399199,4399-1/99,Serviços especializados para construção não especificados anteriormente,07.20,"7.20 - Aerofotogrametria (inclusive interpretação), cartografia, mapeamento, levantamentos topográficos, batimétricos, geográficos, geodésicos,
 geológicos, geofísicos e congêneres."
7119701,7119-7/01,"Serviços de cartografia, topografia e geodésia",07.20,"7.20 - Aerofotogrametria (inclusive interpretação), cartografia, mapeamento, levantamentos topográficos, batimétricos, geográficos, geodésicos,
 geológicos, geofísicos e congêneres."
7119702,7119-7/02,Atividades de estudos geológicos,07.20,"7.20 - Aerofotogrametria (inclusive interpretação), cartografia, mapeamento, levantamentos topográficos, batimétricos, geográficos, geodésicos,
 geológicos, geofísicos e congêneres."
7119799,7119-7/99,Atividades técnicas relacionadas à engenharia e arquitetura não especificadas anteriormente,07.20,"7.20 - Aerofotogrametria (inclusive interpretação), cartografia, mapeamento, levantamentos topográficos, batimétricos, geográficos, geodésicos,
 geológicos, geofísicos e congêneres."
0910600,0910-6/00,Atividades de apoio à extração de petróleo e gás natural,07.21,"7.21 - Pesquisa, perfuração, cimentação, mergulho, perfilagem, concretação, testemunhagem, pescaria, estimulação e outros serviços
 relacionados com a exploração e explotação de petróleo, gás natural e de outros recursos minerais."
0990401,0990-4/01,Atividades de apoio à extração de minério de ferro,07.21,"7.21 - Pesquisa, perfuração, cimentação, mergulho, perfilagem, concretação, testemunhagem, pescaria, estimulação e outros serviços
 relacionados com a exploração e explotação de petróleo, gás natural e de outros recursos minerais."
0990402,0990-4/02,Atividades de apoio à extração de minerais metálicos não-ferrosos,07.21,"7.21 - Pesquisa, perfuração, cimentação, mergulho, perfilagem, concretação, testemunhagem, pescaria, estimulação e outros serviços
 relacionados com a exploração e explotação de petróleo, gás natural e de outros recursos minerais."
0990403,0990-4/03,Atividades de apoio à extração de minerais não-metálicos,07.21,"7.21 - Pesquisa, perfuração, cimentação, mergulho, perfilagem, concretação, testemunhagem, pescaria, estimulação e outros serviços
 relacionados com a exploração e explotação de petróleo, gás natural e de outros recursos minerais."
4299599,4299-5/99,Outras obras de engenharia civil não especificadas anteriormente,07.21,"7.21 - Pesquisa, perfuração, cimentação, mergulho, perfilagem, concretação, testemunhagem, pescaria, estimulação e outros serviços
 relacionados com a exploração e explotação de petróleo, gás natural e de outros recursos minerais."
4399199,4399-1/99,Serviços especializados para construção não especificados anteriormente,07.21,"7.21 - Pesquisa, perfuração, cimentação, mergulho, perfilagem, concretação, testemunhagem, pescaria, estimulação e outros serviços
 relacionados com a exploração e explotação de petróleo, gás natural e de outros recursos minerais."
7119702,7119-7/02,Atividades de estudos geológicos,07.21,"7.21 - Pesquisa, perfuração, cimentação, mergulho, perfilagem, concretação, testemunhagem, pescaria, estimulação e outros serviços
 relacionados com a exploração e explotação de petróleo, gás natural e de outros recursos minerais."
7490102,7490-1/02,Escafandria e mergulho,07.21,"7.21 - Pesquisa, perfuração, cimentação, mergulho, perfilagem, concretação, testemunhagem, pescaria, estimulação e outros serviços
 relacionados com a exploração e explotação de petróleo, gás natural e de outros recursos minerais."
0161099,0161-0/99,Atividades de apoio à agricultura não especificadas anteriormente,07.22,7.22 - Nucleação e bombardeamento de nuvens e congêneres.
4399199,4399-1/99,Serviços especializados para construção não especificados anteriormente,07.22,7.22 - Nucleação e bombardeamento de nuvens e congêneres.
8511200,8511-2/00,Educação infantil - creche,08.01,"8.01 - Ensino regular pré-escolar, fundamental, médio e superior."
8512100,8512-1/00,Educação infantil - pré-escola,08.01,"8.01 - Ensino regular pré-escolar, fundamental, médio e superior."
8513900,8513-9/00,Ensino fundamental,08.01,"8.01 - Ensino regular pré-escolar, fundamental, médio e superior."
8520100,8520-1/00,Ensino médio,08.01,"8.01 - Ensino regular pré-escolar, fundamental, médio e superior."
8531700,8531-7/00,Educação superior - graduação,08.01,"8.01 - Ensino regular pré-escolar, fundamental, médio e superior."
8532500,8532-5/00,Educação superior - graduação e pós-graduação,08.01,"8.01 - Ensino regular pré-escolar, fundamental, médio e superior."
8533300,8533-3/00,Educação superior - pós-graduação e extensão,08.01,"8.01 - Ensino regular pré-escolar, fundamental, médio e superior."
8541400,8541-4/00,Educação profissional de nível técnico,08.01,"8.01 - Ensino regular pré-escolar, fundamental, médio e superior."
8542200,8542-2/00,Educação profissional de nível tecnológico,08.01,"8.01 - Ensino regular pré-escolar, fundamental, médio e superior."
8592999,8592-9/99,Ensino de arte e cultura não especificado anteriormente,08.01,"8.01 - Ensino regular pré-escolar, fundamental, médio e superior."
8599699,8599-6/99,Outras atividades de ensino não especificadas anteriormente,08.01,"8.01 - Ensino regular pré-escolar, fundamental, médio e superior."
8550302,8550-3/02,"Atividades de apoio à educação, exceto caixas escolares",08.02,"8.02 - Instrução, treinamento, orientação pedagógica e educacional, avaliação de conhecimentos de qualquer natureza."
8592902,8592-9/02,"Ensino de artes cênicas, exceto dança",08.02,"8.02 - Instrução, treinamento, orientação pedagógica e educacional, avaliação de conhecimentos de qualquer natureza."
8592903,8592-9/03,Ensino de música,08.02,"8.02 - Instrução, treinamento, orientação pedagógica e educacional, avaliação de conhecimentos de qualquer natureza."
8592999,8592-9/99,Ensino de arte e cultura não especificado anteriormente,08.02,"8.02 - Instrução, treinamento, orientação pedagógica e educacional, avaliação de conhecimentos de qualquer natureza."
8593700,8593-7/00,Ensino de idiomas,08.02,"8.02 - Instrução, treinamento, orientação pedagógica e educacional, avaliação de conhecimentos de qualquer natureza."
8599601,8599-6/01,Formação de condutores,08.02,"8.02 - Instrução, treinamento, orientação pedagógica e educacional, avaliação de conhecimentos de qualquer natureza."
8599602,8599-6/02,Cursos de pilotagem,08.02,"8.02 - Instrução, treinamento, orientação pedagógica e educacional, avaliação de conhecimentos de qualquer natureza."
8599603,8599-6/03,Treinamento em informática,08.02,"8.02 - Instrução, treinamento, orientação pedagógica e educacional, avaliação de conhecimentos de qualquer natureza."
8599604,8599-6/04,Treinamento em desenvolvimento profissional e gerencial,08.02,"8.02 - Instrução, treinamento, orientação pedagógica e educacional, avaliação de conhecimentos de qualquer natureza."
8599605,8599-6/05,Cursos preparatórios para concursos,08.02,"8.02 - Instrução, treinamento, orientação pedagógica e educacional, avaliação de conhecimentos de qualquer natureza."
8599699,8599-6/99,Outras atividades de ensino não especificadas anteriormente,08.02,"8.02 - Instrução, treinamento, orientação pedagógica e educacional, avaliação de conhecimentos de qualquer natureza."
5510801,5510-8/01,Hotéis,09.01,"9.01 - Hospedagem de qualquer natureza em hotéis, apart-service condominiais, flat, aparthotéis, hotéis residência, residence-service, suite service, hotelaria marítima, motéis, pensões e congêneres; ocupação por temporada com fornecimento de serviço (o valor da alimentação e
 gorjeta, quando incluído no preço da diária, fica sujeito ao Imposto Sobre Serviços)."
5510802,5510-8/02,Apart-hotéis,09.01,"9.01 - Hospedagem de qualquer natureza em hotéis, apart-service condominiais, flat, aparthotéis, hotéis residência, residence-service, suite service, hotelaria marítima, motéis, pensões e congêneres; ocupação por temporada com fornecimento de serviço (o valor da alimentação e
 gorjeta, quando incluído no preço da diária, fica sujeito ao Imposto Sobre Serviços)."
5510803,5510-8/03,Motéis,09.01,"9.01 - Hospedagem de qualquer natureza em hotéis, apart-service condominiais, flat, aparthotéis, hotéis residência, residence-service, suite service, hotelaria marítima, motéis, pensões e congêneres; ocupação por temporada com fornecimento de serviço (o valor da alimentação e
 gorjeta, quando incluído no preço da diária, fica sujeito ao Imposto Sobre Serviços)."
5590601,5590-6/01,"Albergues, exceto assistenciais",09.01,"9.01 - Hospedagem de qualquer natureza em hotéis, apart-service condominiais, flat, aparthotéis, hotéis residência, residence-service, suite
 service, hotelaria marítima, motéis, pensões e congêneres; ocupação por temporada com fornecimento de serviço (o valor da alimentação e gorjeta, quando incluído no preço da diária, fica sujeito ao Imposto Sobre Serviços)."
5590602,5590-6/02,Campings,09.01,"9.01 - Hospedagem de qualquer natureza em hotéis, apart-service condominiais, flat, aparthotéis, hotéis residência, residence-service, suite service, hotelaria marítima, motéis, pensões e congêneres; ocupação por temporada com fornecimento de serviço (o valor da alimentação e
 gorjeta, quando incluído no preço da diária, fica sujeito ao Imposto Sobre Serviços)."
5590603,5590-6/03,Pensões (alojamento),09.01,"9.01 - Hospedagem de qualquer natureza em hotéis, apart-service condominiais, flat, aparthotéis, hotéis residência, residence-service, suite service, hotelaria marítima, motéis, pensões e congêneres; ocupação por temporada com fornecimento de serviço (o valor da alimentação e
 gorjeta, quando incluído no preço da diária, fica sujeito ao Imposto Sobre Serviços)."
5590699,5590-6/99,Outros alojamentos não especificados anteriormente,09.01,"9.01 - Hospedagem de qualquer natureza em hotéis, apart-service condominiais, flat, aparthotéis, hotéis residência, residence-service, suite service, hotelaria marítima, motéis, pensões e congêneres; ocupação por temporada com fornecimento de serviço (o valor da alimentação e
 gorjeta, quando incluído no preço da diária, fica sujeito ao Imposto Sobre Serviços)."
4929903,4929-9/03,"Organização de excursões em veículos rodoviários próprios, municipal",09.02,"9.02 - Agenciamento, organização, promoção, intermediação e execução de programas de turismo, passeios, viagens, excursões, hospedagens e
 congêneres"
7911200,7911-2/00,Agências de viagens,09.02,"9.02 - Agenciamento, organização, promoção, intermediação e execução de programas de turismo, passeios, viagens, excursões, hospedagens e
 congêneres"
7912100,7912-1/00,Operadores turísticos,09.02,"9.02 - Agenciamento, organização, promoção, intermediação e execução de programas de turismo, passeios, viagens, excursões, hospedagens e
 congêneres"
7990200,7990-2/00,Serviços de reservas e outros serviços de turismo não especificados anteriormente,09.02,"9.02 - Agenciamento, organização, promoção, intermediação e execução de programas de turismo, passeios, viagens, excursões, hospedagens e
 congêneres"
7912100,7912-1/00,Operadores turísticos,09.03,9.03 - Guias de turismo.
7990200,7990-2/00,Serviços de reservas e outros serviços de turismo não especificados anteriormente,09.03,9.03 - Guias de turismo.
6410700,6410-7/00,Banco Central,10.01,"10.01 - Agenciamento, corretagem ou intermediação de câmbio, de cartões de crédito, de planos de saúde e de planos de previdência privada."
6421200,6421-2/00,Bancos comerciais,10.01,"10.01 - Agenciamento, corretagem ou intermediação de câmbio, de cartões de crédito, de planos de saúde e de planos de previdência privada."
6422100,6422-1/00,"Bancos múltiplos, com carteira comercial",10.01,"10.01 - Agenciamento, corretagem ou intermediação de câmbio, de cartões de crédito, de planos de saúde e de planos de previdência privada."
6423900,6423-9/00,Caixas econômicas,10.01,"10.01 - Agenciamento, corretagem ou intermediação de câmbio, de cartões de crédito, de planos de saúde e de planos de previdência privada."
6438799,6438-7/99,Outras instituições de intermediação não-monetária não especificadas anteriormente,10.01,"10.01 - Agenciamento, corretagem ou intermediação de câmbio, de cartões de crédito, de planos de saúde e de planos de previdência privada."
6511101,6511-1/01,Sociedade seguradora de seguros vida,10.01,"10.01 - Agenciamento, corretagem ou intermediação de câmbio, de cartões de crédito, de planos de saúde e de planos de previdência privada."
6512000,6512-0/00,Sociedade seguradora de Seguros não-vida,10.01,"10.01 - Agenciamento, corretagem ou intermediação de câmbio, de cartões de crédito, de planos de saúde e de planos de previdência privada."
6520100,6520-1/00,Sociedade seguradora de Seguros-saúde,10.01,"10.01 - Agenciamento, corretagem ou intermediação de câmbio, de cartões de crédito, de planos de saúde e de planos de previdência privada."
6612603,6612-6/03,Corretoras de câmbio,10.01,"10.01 - Agenciamento, corretagem ou intermediação de câmbio, de cartões de crédito, de planos de saúde e de planos de previdência privada."
6622300,6622-3/00,"Corretores e agentes de seguros, de planos de previdência complementar e de saúde",10.01,"10.01 - Agenciamento, corretagem ou intermediação de câmbio, de cartões de crédito, de planos de saúde e de planos de previdência privada."
6629100,6629-1/00,"Atividades auxiliares dos seguros, da previdência complementar e dos planos de saúde não especificadas anteriormente",10.01,"10.01 - Agenciamento, corretagem ou intermediação de câmbio, de cartões de crédito, de planos de saúde e de planos de previdência privada."
7719599,7719-5/99,"Locação de outros meios de transporte não especificados anteriormente, sem condutor",10.01,"10.01 - Agenciamento, corretagem ou intermediação de câmbio, de cartões de crédito, de planos de saúde e de planos de previdência privada."
6410700,6410-7/00,Banco Central,10.02,"10.02 - Agenciamento, corretagem ou intermediação de títulos em geral, valores mobiliários e contratos quaisquer."
6421200,6421-2/00,Bancos comerciais,10.02,"10.02 - Agenciamento, corretagem ou intermediação de títulos em geral, valores mobiliários e contratos quaisquer."
6422100,6422-1/00,"Bancos múltiplos, com carteira comercial",10.02,"10.02 - Agenciamento, corretagem ou intermediação de títulos em geral, valores mobiliários e contratos quaisquer."
6423900,6423-9/00,Caixas econômicas,10.02,"10.02 - Agenciamento, corretagem ou intermediação de títulos em geral, valores mobiliários e contratos quaisquer."
6438799,6438-7/99,Outras instituições de intermediação não-monetária não especificadas anteriormente,10.02,"10.02 - Agenciamento, corretagem ou intermediação de títulos em geral, valores mobiliários e contratos quaisquer."
6611801,6611-8/01,Bolsa de valores,10.02,"10.02 - Agenciamento, corretagem ou intermediação de títulos em geral, valores mobiliários e contratos quaisquer."
6612601,6612-6/01,Corretoras de títulos e valores mobiliários,10.02,"10.02 - Agenciamento, corretagem ou intermediação de títulos em geral, valores mobiliários e contratos quaisquer."
6612602,6612-6/02,Distribuidoras de títulos e valores mobiliários,10.02,"10.02 - Agenciamento, corretagem ou intermediação de títulos em geral, valores mobiliários e contratos quaisquer."
6612604,6612-6/04,Corretoras de contratos de mercadorias,10.02,"10.02 - Agenciamento, corretagem ou intermediação de títulos em geral, valores mobiliários e contratos quaisquer."
6612605,6612-6/05,Agentes de investimentos em aplicações financeiras,10.02,"10.02 - Agenciamento, corretagem ou intermediação de títulos em geral, valores mobiliários e contratos quaisquer."
6622300,6622-3/00,"Corretores e agentes de seguros, de planos de previdência complementar e de saúde",10.02,"10.02 - Agenciamento, corretagem ou intermediação de títulos em geral, valores mobiliários e contratos quaisquer."
7490104,7490-1/04,"Atividades de intermediação e agenciamento de serviços e negócios em geral, exceto imobiliários",10.02,"10.02 - Agenciamento, corretagem ou intermediação de títulos em geral, valores mobiliários e contratos quaisquer."
7490105,7490-1/05,"Agenciamento de profissionais para atividades esportivas, culturais e artísticas",10.02,"10.02 - Agenciamento, corretagem ou intermediação de títulos em geral, valores mobiliários e contratos quaisquer."
8299705,8299-7/05,Serviços de levantamento de fundos sob contrato,10.02,"10.02 - Agenciamento, corretagem ou intermediação de títulos em geral, valores mobiliários e contratos quaisquer."
5811500,5811-5/00,Edição de livros,10.03,"10.03 - Agenciamento, corretagem ou intermediação de direitos de propriedade industrial, artística ou literária."
5812301,5812-3/01,Edição de jornais diários,10.03,"10.03 - Agenciamento, corretagem ou intermediação de direitos de propriedade industrial, artística ou literária."
5812302,5812-3/02,Edição de jornais não diários,10.03,"10.03 - Agenciamento, corretagem ou intermediação de direitos de propriedade industrial, artística ou literária."
5813100,5813-1/00,Edição de revistas,10.03,"10.03 - Agenciamento, corretagem ou intermediação de direitos de propriedade industrial, artística ou literária."
5819100,5819-1/00,"Edição de cadastros, listas e outros produtos gráficos",10.03,"10.03 - Agenciamento, corretagem ou intermediação de direitos de propriedade industrial, artística ou literária."
5821200,5821-2/00,Edição integrada à impressão de livros,10.03,"10.03 - Agenciamento, corretagem ou intermediação de direitos de propriedade industrial, artística ou literária."
5822101,5822-1/01,Edição integrada à impressão de jornais diários,10.03,"10.03 - Agenciamento, corretagem ou intermediação de direitos de propriedade industrial, artística ou literária."
5822102,5822-1/02,Edição integrada à impressão de jornais não diários,10.03,"10.03 - Agenciamento, corretagem ou intermediação de direitos de propriedade industrial, artística ou literária."
5823900,5823-9/00,Edição integrada à impressão de revistas,10.03,"10.03 - Agenciamento, corretagem ou intermediação de direitos de propriedade industrial, artística ou literária."
5829800,5829-8/00,"Edição integrada à impressão de cadastros, listas e outros produtos gráficos",10.03,"10.03 - Agenciamento, corretagem ou intermediação de direitos de propriedade industrial, artística ou literária."
6022502,6022-5/02,"Atividades relacionadas à televisão por assinatura, exceto programadoras",10.03,"10.03 - Agenciamento, corretagem ou intermediação de direitos de propriedade industrial, artística ou literária."
6438799,6438-7/99,Outras instituições de intermediação não-monetária não especificadas anteriormente,10.03,"10.03 - Agenciamento, corretagem ou intermediação de direitos de propriedade industrial, artística ou literária."
6911703,6911-7/03,Agente de propriedade industrial,10.03,"10.03 - Agenciamento, corretagem ou intermediação de direitos de propriedade industrial, artística ou literária."
7490105,7490-1/05,"Agenciamento de profissionais para atividades esportivas, culturais e artísticas",10.03,"10.03 - Agenciamento, corretagem ou intermediação de direitos de propriedade industrial, artística ou literária."
6438799,6438-7/99,Outras instituições de intermediação não-monetária não especificadas anteriormente,10.04,"10.04 - Agenciamento, corretagem ou intermediação de contratos de arrendamento mercantil (leasing), de franquia (franchising) e de faturização
 (factoring)."
7490104,7490-1/04,"Atividades de intermediação e agenciamento de serviços e negócios em geral, exceto imobiliários",10.04,"10.04 - Agenciamento, corretagem ou intermediação de contratos de arrendamento mercantil (leasing), de franquia (franchising) e de faturização
 (factoring)."
4512901,4512-9/01,Representantes comerciais e agentes do comércio de veículos automotores,10.05,"10.05 - Agenciamento, corretagem ou intermediação de bens móveis ou imóveis, não abrangidos em outros itens ou subitens, inclusive aqueles
 realizados no âmbito de Bolsas de Mercadorias e Futuros, por quaisquer meios."
4530706,4530-7/06,Representantes comerciais e agentes do comércio de peças e acessórios novos e usados para veículos automotores,10.05,"10.05 - Agenciamento, corretagem ou intermediação de bens móveis ou imóveis, não abrangidos em outros itens ou subitens, inclusive aqueles
 realizados no âmbito de Bolsas de Mercadorias e Futuros, por quaisquer meios."
4542101,4542-1/01,"Representantes comerciais e agentes do comércio de motocicletas e motonetas, peças e acessórios",10.05,"10.05 - Agenciamento, corretagem ou intermediação de bens móveis ou imóveis, não abrangidos em outros itens ou subitens, inclusive aqueles
 realizados no âmbito de Bolsas de Mercadorias e Futuros, por quaisquer meios."
4611700,4611-7/00,Representantes comerciais e agentes do comércio de matérias-primas agrícolas e animais vivos,10.05,"10.05 - Agenciamento, corretagem ou intermediação de bens móveis ou imóveis, não abrangidos em outros itens ou subitens, inclusive aqueles
 realizados no âmbito de Bolsas de Mercadorias e Futuros, por quaisquer meios."
4612500,4612-5/00,"Representantes comerciais e agentes do comércio de combustíveis, minerais, produtos siderúrgicos e químicos",10.05,"10.05 - Agenciamento, corretagem ou intermediação de bens móveis ou imóveis, não abrangidos em outros itens ou subitens, inclusive aqueles
 realizados no âmbito de Bolsas de Mercadorias e Futuros, por quaisquer meios."
4613300,4613-3/00,"Representantes comerciais e agentes do comércio de madeira, material de construção e ferragens",10.05,"10.05 - Agenciamento, corretagem ou intermediação de bens móveis ou imóveis, não abrangidos em outros itens ou subitens, inclusive aqueles
 realizados no âmbito de Bolsas de Mercadorias e Futuros, por quaisquer meios."
4614100,4614-1/00,"Representantes comerciais e agentes do comércio de máquinas, equipamentos, embarcações e aeronaves",10.05,"10.05 - Agenciamento, corretagem ou intermediação de bens móveis ou imóveis, não abrangidos em outros itens ou subitens, inclusive aqueles
 realizados no âmbito de Bolsas de Mercadorias e Futuros, por quaisquer meios."
4615000,4615-0/00,"Representantes comerciais e agentes do comércio de eletrodomésticos, móveis e artigos de uso doméstico",10.05,"10.05 - Agenciamento, corretagem ou intermediação de bens móveis ou imóveis, não abrangidos em outros itens ou subitens, inclusive aqueles
 realizados no âmbito de Bolsas de Mercadorias e Futuros, por quaisquer meios."
4616800,4616-8/00,"Representantes comerciais e agentes do comércio de têxteis, vestuário, calçados e artigos de viagem",10.05,"10.05 - Agenciamento, corretagem ou intermediação de bens móveis ou imóveis, não abrangidos em outros itens ou subitens, inclusive aqueles
 realizados no âmbito de Bolsas de Mercadorias e Futuros, por quaisquer meios."
4617600,4617-6/00,"Representantes comerciais e agentes do comércio de produtos alimentícios, bebidas e fumo",10.05,"10.05 - Agenciamento, corretagem ou intermediação de bens móveis ou imóveis, não abrangidos em outros itens ou subitens, inclusive aqueles
 realizados no âmbito de Bolsas de Mercadorias e Futuros, por quaisquer meios."
4618401,4618-4/01,"Representantes comerciais e agentes do comércio de medicamentos, cosméticos e produtos de perfumaria",10.05,"10.05 - Agenciamento, corretagem ou intermediação de bens móveis ou imóveis, não abrangidos em outros itens ou subitens, inclusive aqueles
 realizados no âmbito de Bolsas de Mercadorias e Futuros, por quaisquer meios."
4618402,4618-4/02,Representantes comerciais e agentes do comércio de instrumentos e materiais odonto-médico-hospitalares,10.05,"10.05 - Agenciamento, corretagem ou intermediação de bens móveis ou imóveis, não abrangidos em outros itens ou subitens, inclusive aqueles
 realizados no âmbito de Bolsas de Mercadorias e Futuros, por quaisquer meios."
4618403,4618-4/03,"Representantes comerciais e agentes do comércio de jornais, revistas e outras publicações",10.05,"10.05 - Agenciamento, corretagem ou intermediação de bens móveis ou imóveis, não abrangidos em outros itens ou subitens, inclusive aqueles
 realizados no âmbito de Bolsas de Mercadorias e Futuros, por quaisquer meios."
4618499,4618-4/99,Outros representantes comerciais e agentes do comércio especializado em produtos não especificados anteriormente,10.05,"10.05 - Agenciamento, corretagem ou intermediação de bens móveis ou imóveis, não abrangidos em outros itens ou subitens, inclusive aqueles
 realizados no âmbito de Bolsas de Mercadorias e Futuros, por quaisquer meios."
4619200,4619-2/00,Representantes comerciais e agentes do comércio de mercadorias em geral não especializado,10.05,"10.05 - Agenciamento, corretagem ou intermediação de bens móveis ou imóveis, não abrangidos em outros itens ou subitens, inclusive aqueles
 realizados no âmbito de Bolsas de Mercadorias e Futuros, por quaisquer meios."
5250803,5250-8/03,"Agenciamento de cargas, exceto para o transporte marítimo",10.05,"10.05 - Agenciamento, corretagem ou intermediação de bens móveis ou imóveis, não abrangidos em outros itens ou subitens, inclusive aqueles
 realizados no âmbito de Bolsas de Mercadorias e Futuros, por quaisquer meios."
6438799,6438-7/99,Outras instituições de intermediação não-monetária não especificadas anteriormente,10.05,"10.05 - Agenciamento, corretagem ou intermediação de bens móveis ou imóveis, não abrangidos em outros itens ou subitens, inclusive aqueles
 realizados no âmbito de Bolsas de Mercadorias e Futuros, por quaisquer meios."
6499999,6499-9/99,Outras atividades de serviços financeiros não especificadas anteriormente,10.05,"10.05 - Agenciamento, corretagem ou intermediação de bens móveis ou imóveis, não abrangidos em outros itens ou subitens, inclusive aqueles
 realizados no âmbito de Bolsas de Mercadorias e Futuros, por quaisquer meios."
6611802,6611-8/02,Bolsa de mercadorias,10.05,"10.05 - Agenciamento, corretagem ou intermediação de bens móveis ou imóveis, não abrangidos em outros itens ou subitens, inclusive aqueles
 realizados no âmbito de Bolsas de Mercadorias e Futuros, por quaisquer meios."
6611803,6611-8/03,Bolsa de mercadorias e futuros,10.05,"10.05 - Agenciamento, corretagem ou intermediação de bens móveis ou imóveis, não abrangidos em outros itens ou subitens, inclusive aqueles
 realizados no âmbito de Bolsas de Mercadorias e Futuros, por quaisquer meios."
6612604,6612-6/04,Corretoras de contratos de mercadorias,10.05,"10.05 - Agenciamento, corretagem ou intermediação de bens móveis ou imóveis, não abrangidos em outros itens ou subitens, inclusive aqueles
 realizados no âmbito de Bolsas de Mercadorias e Futuros, por quaisquer meios."
6612605,6612-6/05,Agentes de investimentos em aplicações financeiras,10.05,"10.05 - Agenciamento, corretagem ou intermediação de bens móveis ou imóveis, não abrangidos em outros itens ou subitens, inclusive aqueles
 realizados no âmbito de Bolsas de Mercadorias e Futuros, por quaisquer meios."
6821801,6821-8/01,Corretagem na compra e venda e avaliação de imóveis,10.05,"10.05 - Agenciamento, corretagem ou intermediação de bens móveis ou imóveis, não abrangidos em outros itens ou subitens, inclusive aqueles
 realizados no âmbito de Bolsas de Mercadorias e Futuros, por quaisquer meios."
6821802,6821-8/02,Corretagem no aluguel de imóveis,10.05,"10.05 - Agenciamento, corretagem ou intermediação de bens móveis ou imóveis, não abrangidos em outros itens ou subitens, inclusive aqueles
 realizados no âmbito de Bolsas de Mercadorias e Futuros, por quaisquer meios."
7312200,7312-2/00,"Agenciamento de espaços para publicidade, exceto em veículos de comunicação",10.05,"10.05 - Agenciamento, corretagem ou intermediação de bens móveis ou imóveis, não abrangidos em outros itens ou subitens, inclusive aqueles
 realizados no âmbito de Bolsas de Mercadorias e Futuros, por quaisquer meios."
7490104,7490-1/04,"Atividades de intermediação e agenciamento de serviços e negócios em geral, exceto imobiliários",10.05,"10.05 - Agenciamento, corretagem ou intermediação de bens móveis ou imóveis, não abrangidos em outros itens ou subitens, inclusive aqueles
 realizados no âmbito de Bolsas de Mercadorias e Futuros, por quaisquer meios."
5232000,5232-0/00,Atividades de agenciamento marítimo,10.06,10.06 - Agenciamento marítimo.
6391700,6391-7/00,Agências de notícias,10.07,10.07 - Agenciamento de notícias.
7311400,7311-4/00,Agências de publicidade,10.07,10.07 - Agenciamento de notícias.
7319099,7319-0/99,Outras atividades de publicidade não especificadas anteriormente,10.07,10.07 - Agenciamento de notícias.
6010100,6010-1/00,Atividades de rádio,10.08,"10.08 - Agenciamento de publicidade e propaganda, inclusive o agenciamento de veiculação por quaisquer meios."
6022501,6022-5/01,Programadoras,10.08,"10.08 - Agenciamento de publicidade e propaganda, inclusive o agenciamento de veiculação por quaisquer meios."
7311400,7311-4/00,Agências de publicidade,10.08,"10.08 - Agenciamento de publicidade e propaganda, inclusive o agenciamento de veiculação por quaisquer meios."
7312200,7312-2/00,"Agenciamento de espaços para publicidade, exceto em veículos de comunicação",10.08,"10.08 - Agenciamento de publicidade e propaganda, inclusive o agenciamento de veiculação por quaisquer meios."
7319099,7319-0/99,Outras atividades de publicidade não especificadas anteriormente,10.08,"10.08 - Agenciamento de publicidade e propaganda, inclusive o agenciamento de veiculação por quaisquer meios."
7490104,7490-1/04,"Atividades de intermediação e agenciamento de serviços e negócios em geral, exceto imobiliários",10.08,"10.08 - Agenciamento de publicidade e propaganda, inclusive o agenciamento de veiculação por quaisquer meios."
4512901,4512-9/01,Representantes comerciais e agentes do comércio de veículos automotores,10.09,"10.09 - Representação de qualquer natureza, inclusive comercial."
4530706,4530-7/06,Representantes comerciais e agentes do comércio de peças e acessórios novos e usados para veículos automotores,10.09,"10.09 - Representação de qualquer natureza, inclusive comercial."
4542101,4542-1/01,"Representantes comerciais e agentes do comércio de motocicletas e motonetas, peças e acessórios",10.09,"10.09 - Representação de qualquer natureza, inclusive comercial."
4611700,4611-7/00,Representantes comerciais e agentes do comércio de matérias-primas agrícolas e animais vivos,10.09,"10.09 - Representação de qualquer natureza, inclusive comercial."
4612500,4612-5/00,"Representantes comerciais e agentes do comércio de combustíveis, minerais, produtos siderúrgicos e químicos",10.09,"10.09 - Representação de qualquer natureza, inclusive comercial."
4613300,4613-3/00,"Representantes comerciais e agentes do comércio de madeira, material de construção e ferragens",10.09,"10.09 - Representação de qualquer natureza, inclusive comercial."
4614100,4614-1/00,"Representantes comerciais e agentes do comércio de máquinas, equipamentos, embarcações e aeronaves",10.09,"10.09 - Representação de qualquer natureza, inclusive comercial."
4615000,4615-0/00,"Representantes comerciais e agentes do comércio de eletrodomésticos, móveis e artigos de uso doméstico",10.09,"10.09 - Representação de qualquer natureza, inclusive comercial."
4616800,4616-8/00,"Representantes comerciais e agentes do comércio de têxteis, vestuário, calçados e artigos de viagem",10.09,"10.09 - Representação de qualquer natureza, inclusive comercial."
4617600,4617-6/00,"Representantes comerciais e agentes do comércio de produtos alimentícios, bebidas e fumo",10.09,"10.09 - Representação de qualquer natureza, inclusive comercial."
4618401,4618-4/01,"Representantes comerciais e agentes do comércio de medicamentos, cosméticos e produtos de perfumaria",10.09,"10.09 - Representação de qualquer natureza, inclusive comercial."
4618402,4618-4/02,Representantes comerciais e agentes do comércio de instrumentos e materiais odonto-médico-hospitalares,10.09,"10.09 - Representação de qualquer natureza, inclusive comercial."
4618403,4618-4/03,"Representantes comerciais e agentes do comércio de jornais, revistas e outras publicações",10.09,"10.09 - Representação de qualquer natureza, inclusive comercial."
4618499,4618-4/99,Outros representantes comerciais e agentes do comércio especializado em produtos não especificados anteriormente,10.09,"10.09 - Representação de qualquer natureza, inclusive comercial."
4619200,4619-2/00,Representantes comerciais e agentes do comércio de mercadorias em geral não especializado,10.09,"10.09 - Representação de qualquer natureza, inclusive comercial."
6438799,6438-7/99,Outras instituições de intermediação não-monetária não especificadas anteriormente,10.09,"10.09 - Representação de qualquer natureza, inclusive comercial."
6619302,6619-3/02,Correspondentes de instituições financeiras,10.09,"10.09 - Representação de qualquer natureza, inclusive comercial."
6619303,6619-3/03,Representações de bancos estrangeiros,10.09,"10.09 - Representação de qualquer natureza, inclusive comercial."
7319002,7319-0/02,Promoção de vendas,10.09,"10.09 - Representação de qualquer natureza, inclusive comercial."
7490104,7490-1/04,"Atividades de intermediação e agenciamento de serviços e negócios em geral, exceto imobiliários",10.09,"10.09 - Representação de qualquer natureza, inclusive comercial."
4512901,4512-9/01,Representantes comerciais e agentes do comércio de veículos automotores,10.10,10.10 - Distribuição de bens de terceiros.
4530706,4530-7/06,Representantes comerciais e agentes do comércio de peças e acessórios novos e usados para veículos automotores,10.10,10.10 - Distribuição de bens de terceiros.
4542101,4542-1/01,"Representantes comerciais e agentes do comércio de motocicletas e motonetas, peças e acessórios",10.10,10.10 - Distribuição de bens de terceiros.
4611700,4611-7/00,Representantes comerciais e agentes do comércio de matérias-primas agrícolas e animais vivos,10.10,10.10 - Distribuição de bens de terceiros.
4612500,4612-5/00,"Representantes comerciais e agentes do comércio de combustíveis, minerais, produtos siderúrgicos e químicos",10.10,10.10 - Distribuição de bens de terceiros.
4613300,4613-3/00,"Representantes comerciais e agentes do comércio de madeira, material de construção e ferragens",10.10,10.10 - Distribuição de bens de terceiros.
4614100,4614-1/00,"Representantes comerciais e agentes do comércio de máquinas, equipamentos, embarcações e aeronaves",10.10,10.10 - Distribuição de bens de terceiros.
4615000,4615-0/00,"Representantes comerciais e agentes do comércio de eletrodomésticos, móveis e artigos de uso doméstico",10.10,10.10 - Distribuição de bens de terceiros.
4616800,4616-8/00,"Representantes comerciais e agentes do comércio de têxteis, vestuário, calçados e artigos de viagem",10.10,10.10 - Distribuição de bens de terceiros.
4617600,4617-6/00,"Representantes comerciais e agentes do comércio de produtos alimentícios, bebidas e fumo",10.10,10.10 - Distribuição de bens de terceiros.
4618401,4618-4/01,"Representantes comerciais e agentes do comércio de medicamentos, cosméticos e produtos de perfumaria",10.10,10.10 - Distribuição de bens de terceiros.
4618402,4618-4/02,Representantes comerciais e agentes do comércio de instrumentos e materiais odonto-médico-hospitalares,10.10,10.10 - Distribuição de bens de terceiros.
4618403,4618-4/03,"Representantes comerciais e agentes do comércio de jornais, revistas e outras publicações",10.10,10.10 - Distribuição de bens de terceiros.
4618499,4618-4/99,Outros representantes comerciais e agentes do comércio especializado em produtos não especificados anteriormente,10.10,10.10 - Distribuição de bens de terceiros.
4619200,4619-2/00,Representantes comerciais e agentes do comércio de mercadorias em geral não especializado,10.10,10.10 - Distribuição de bens de terceiros.
6438799,6438-7/99,Outras instituições de intermediação não-monetária não especificadas anteriormente,10.10,10.10 - Distribuição de bens de terceiros.
6619302,6619-3/02,Correspondentes de instituições financeiras,10.10,10.10 - Distribuição de bens de terceiros.
6619303,6619-3/03,Representações de bancos estrangeiros,10.10,10.10 - Distribuição de bens de terceiros.
7319002,7319-0/02,Promoção de vendas,10.10,10.10 - Distribuição de bens de terceiros.
7490104,7490-1/04,"Atividades de intermediação e agenciamento de serviços e negócios em geral, exceto imobiliários",10.10,10.10 - Distribuição de bens de terceiros.
5223100,5223-1/00,Estacionamento de veículos,11.01,"11.01 - Guarda e estacionamento de veículos terrestres automotores, de aeronaves e de embarcações"
5240199,5240-1/99,"Atividades auxiliares dos transportes aéreos, exceto operação dos aeroportos e campos de aterrissagem",11.01,"11.01 - Guarda e estacionamento de veículos terrestres automotores, de aeronaves e de embarcações"
5211702,5211-7/02,Guarda-móveis,11.02,"11.02 - Vigilância, segurança ou monitoramento de bens, pessoas e semoventes."
5211799,5211-7/99,"Depósitos de mercadorias para terceiros, exceto armazéns gerais e guarda-móveis",11.02,"11.02 - Vigilância, segurança ou monitoramento de bens, pessoas e semoventes."
5590699,5590-6/99,Outros alojamentos não especificados anteriormente,11.02,"11.02 - Vigilância, segurança ou monitoramento de bens, pessoas e semoventes."
8011101,8011-1/01,Atividades de vigilância e segurança privada,11.02,"11.02 - Vigilância, segurança ou monitoramento de bens, pessoas e semoventes."
8020001,8020-0/01,Atividades de monitoramento de sistemas de segurança eletrônico,11.02,"11.02 - Vigilância, segurança ou monitoramento de bens, pessoas e semoventes."
8020002,8020-0/02,Outras atividades de serviços de segurança,11.02,"11.02 - Vigilância, segurança ou monitoramento de bens, pessoas e semoventes."
8424800,8424-8/00,Segurança e ordem pública,11.02,"11.02 - Vigilância, segurança ou monitoramento de bens, pessoas e semoventes."
5229099,5229-0/99,Outras atividades auxiliares dos transportes terrestres não especificadas anteriormente,11.03,"11.03 - Escolta, inclusive de veículos e cargas."
8020002,8020-0/02,Outras atividades de serviços de segurança,11.03,"11.03 - Escolta, inclusive de veículos e cargas."
1020101,1020-1/01,"Preservação de peixes, crustáceos e moluscos",11.04,"11.04 - Armazenamento, depósito, carga, descarga, arrumação e guarda de bens de qualquer espécie"
5211701,5211-7/01,Armazéns gerais - emissão de warrant,11.04,"11.04 - Armazenamento, depósito, carga, descarga, arrumação e guarda de bens de qualquer espécie"
5211702,5211-7/02,Guarda-móveis,11.04,"11.04 - Armazenamento, depósito, carga, descarga, arrumação e guarda de bens de qualquer espécie"
5211799,5211-7/99,"Depósitos de mercadorias para terceiros, exceto armazéns gerais e guarda-móveis",11.04,"11.04 - Armazenamento, depósito, carga, descarga, arrumação e guarda de bens de qualquer espécie"
5212500,5212-5/00,Carga e descarga,11.04,"11.04 - Armazenamento, depósito, carga, descarga, arrumação e guarda de bens de qualquer espécie"
5250804,5250-8/04,Organização logística do transporte de carga,11.04,"11.04 - Armazenamento, depósito, carga, descarga, arrumação e guarda de bens de qualquer espécie"
5590699,5590-6/99,Outros alojamentos não especificados anteriormente,11.04,"11.04 - Armazenamento, depósito, carga, descarga, arrumação e guarda de bens de qualquer espécie"
5211701,5211-7/01,Armazéns gerais - emissão de warrant,11.05,"11.05 - Serviços relacionados ao monitoramento e rastreamento a distância, em qualquer via ou local, de veículos, cargas, pessoas e semoventes em circulação ou movimento, realizados por meio de telefonia móvel, transmissão de satélites, rádio ou qualquer outro meio, inclusive pelas empresas de tecnologia da informação veicular, independentemente de o prestador de serviços ser proprietário ou não da infraestrutura de
 telecomunicações que utiliza."
5211702,5211-7/02,Guarda-móveis,11.05,"11.05 - Serviços relacionados ao monitoramento e rastreamento a distância, em qualquer via ou local, de veículos, cargas, pessoas e semoventes em circulação ou movimento, realizados por meio de telefonia móvel, transmissão de satélites, rádio ou qualquer outro meio, inclusive pelas empresas de tecnologia da informação veicular, independentemente de o prestador de serviços ser proprietário ou não da infraestrutura de
 telecomunicações que utiliza."
5211799,5211-7/99,"Depósitos de mercadorias para terceiros, exceto armazéns gerais e guarda-móveis",11.05,"11.05 - Serviços relacionados ao monitoramento e rastreamento a distância, em qualquer via ou local, de veículos, cargas, pessoas e semoventes em circulação ou movimento, realizados por meio de telefonia móvel, transmissão de satélites, rádio ou qualquer outro meio, inclusive pelas empresas de tecnologia da informação veicular, independentemente de o prestador de serviços ser proprietário ou não da infraestrutura de
 telecomunicações que utiliza."
8011101,8011-1/01,Atividades de vigilância e segurança privada,11.05,"11.05 - Serviços relacionados ao monitoramento e rastreamento a distância, em qualquer via ou local, de veículos, cargas, pessoas e semoventes em circulação ou movimento, realizados por meio de telefonia móvel, transmissão de satélites, rádio ou qualquer outro meio, inclusive pelas empresas de tecnologia da informação veicular, independentemente de o prestador de serviços ser proprietário ou não da infraestrutura de
 telecomunicações que utiliza."
8020001,8020-0/01,Atividades de monitoramento de sistemas de segurança eletrônico,11.05,"11.05 - Serviços relacionados ao monitoramento e rastreamento a distância, em qualquer via ou local, de veículos, cargas, pessoas e semoventes em circulação ou movimento, realizados por meio de telefonia móvel, transmissão de satélites, rádio ou qualquer outro meio, inclusive pelas empresas de tecnologia da informação veicular, independentemente de o prestador de serviços ser proprietário ou não da infraestrutura de
 telecomunicações que utiliza."
8020002,8020-0/02,Outras atividades de serviços de segurança,11.05,"11.05 - Serviços relacionados ao monitoramento e rastreamento a distância, em qualquer via ou local, de veículos, cargas, pessoas e semoventes em circulação ou movimento, realizados por meio de telefonia móvel, transmissão de satélites, rádio ou qualquer outro meio, inclusive pelas empresas de tecnologia da informação veicular, independentemente de o prestador de serviços ser proprietário ou não da infraestrutura de
 telecomunicações que utiliza."
9001999,9001-9/99,"Artes cênicas, espetáculos e atividades complementares não especificados anteriormente",12.01,12.01 - Espetáculos teatrais.
9329899,9329-8/99,Outras atividades de recreação e lazer não especificadas anteriormente,12.01,12.01 - Espetáculos teatrais.
5913800,5913-8/00,"Distribuição cinematográfica, de vídeo e de programas de televisão",12.02,12.02 - Exibições cinematográficas.
5914600,5914-6/00,Atividades de exibição cinematográfica,12.02,12.02 - Exibições cinematográficas.
9001904,9001-9/04,"Produção de espetáculos circenses, de marionetes e similares",12.03,12.03 - Espetáculos circenses.
9001999,9001-9/99,"Artes cênicas, espetáculos e atividades complementares não especificados anteriormente",12.03,12.03 - Espetáculos circenses.
9329899,9329-8/99,Outras atividades de recreação e lazer não especificadas anteriormente,12.03,12.03 - Espetáculos circenses.
5911199,5911-1/99,"Atividades de produção cinematográfica, de vídeos e de programas de televisão não especificadas anteriormente",12.04,12.04 - Programas de auditório.
9001999,9001-9/99,"Artes cênicas, espetáculos e atividades complementares não especificados anteriormente",12.04,12.04 - Programas de auditório.
9329899,9329-8/99,Outras atividades de recreação e lazer não especificadas anteriormente,12.04,12.04 - Programas de auditório.
9001999,9001-9/99,"Artes cênicas, espetáculos e atividades complementares não especificados anteriormente",12.05,"12.05 - Parques de diversões, centros de lazer e congêneres."
9321200,9321-2/00,Parques de diversão e parques temáticos,12.05,"12.05 - Parques de diversões, centros de lazer e congêneres."
9329899,9329-8/99,Outras atividades de recreação e lazer não especificadas anteriormente,12.05,"12.05 - Parques de diversões, centros de lazer e congêneres."
9001999,9001-9/99,"Artes cênicas, espetáculos e atividades complementares não especificados anteriormente",12.06,"12.06 - Boates, taxi-dancing e congêneres."
9200399,9200-3/99,Exploração de jogos de azar e apostas não especificados anteriormente,12.06,"12.06 - Boates, taxi-dancing e congêneres."
9319199,9319-1/99,Outras atividades esportivas não especificadas anteriormente,12.06,"12.06 - Boates, taxi-dancing e congêneres."
9329801,9329-8/01,"Discotecas, danceterias, salões de dança e similares",12.06,"12.06 - Boates, taxi-dancing e congêneres."
9329899,9329-8/99,Outras atividades de recreação e lazer não especificadas anteriormente,12.06,"12.06 - Boates, taxi-dancing e congêneres."
9001999,9001-9/99,"Artes cênicas, espetáculos e atividades complementares não especificados anteriormente",12.07,"12.07 - Shows, ballet, danças, desfiles, bailes, óperas, concertos, recitais, festivais e congêneres."
9329801,9329-8/01,"Discotecas, danceterias, salões de dança e similares",12.07,"12.07 - Shows, ballet, danças, desfiles, bailes, óperas, concertos, recitais, festivais e congêneres."
9329899,9329-8/99,Outras atividades de recreação e lazer não especificadas anteriormente,12.07,"12.07 - Shows, ballet, danças, desfiles, bailes, óperas, concertos, recitais, festivais e congêneres."
7319001,7319-0/01,Criação de estandes para feiras e exposições,12.08,"12.08 - Feiras, exposições, congressos e congêneres."
8230001,8230-0/01,"Serviços de organização de feiras, congressos, exposições e festas",12.08,"12.08 - Feiras, exposições, congressos e congêneres."
9001999,9001-9/99,"Artes cênicas, espetáculos e atividades complementares não especificados anteriormente",12.08,"12.08 - Feiras, exposições, congressos e congêneres."
9103100,9103-1/00,"Atividades de jardins botânicos, zoológicos, parques nacionais, reservas ecológicas e áreas de proteção ambiental",12.08,"12.08 - Feiras, exposições, congressos e congêneres."
9329899,9329-8/99,Outras atividades de recreação e lazer não especificadas anteriormente,12.08,"12.08 - Feiras, exposições, congressos e congêneres."
9200399,9200-3/99,Exploração de jogos de azar e apostas não especificados anteriormente,12.09,"12.09 - Bilhares, boliches e diversões eletrônicas ou não."
9319199,9319-1/99,Outras atividades esportivas não especificadas anteriormente,12.09,"12.09 - Bilhares, boliches e diversões eletrônicas ou não."
9329802,9329-8/02,Exploração de boliches,12.09,"12.09 - Bilhares, boliches e diversões eletrônicas ou não."
9329803,9329-8/03,"Exploração de jogos de sinuca, bilhar e similares",12.09,"12.09 - Bilhares, boliches e diversões eletrônicas ou não."
9329804,9329-8/04,Exploração de jogos eletrônicos recreativos,12.09,"12.09 - Bilhares, boliches e diversões eletrônicas ou não."
9329899,9329-8/99,Outras atividades de recreação e lazer não especificadas anteriormente,12.09,"12.09 - Bilhares, boliches e diversões eletrônicas ou não."
9609204,9609-2/04,Exploração de máquinas de serviços pessoais acionadas por moeda,12.09,"12.09 - Bilhares, boliches e diversões eletrônicas ou não."
9001905,9001-9/05,"Produção de espetáculos de rodeios, vaquejadas e similares",12.10,12.10 - Corridas e competições de animais.
9200302,9200-3/02,Exploração de apostas em corridas de cavalos,12.10,12.10 - Corridas e competições de animais.
9200399,9200-3/99,Exploração de jogos de azar e apostas não especificados anteriormente,12.10,12.10 - Corridas e competições de animais.
9319199,9319-1/99,Outras atividades esportivas não especificadas anteriormente,12.10,12.10 - Corridas e competições de animais.
9329899,9329-8/99,Outras atividades de recreação e lazer não especificadas anteriormente,12.10,12.10 - Corridas e competições de animais.
9001999,9001-9/99,"Artes cênicas, espetáculos e atividades complementares não especificados anteriormente",12.11,"12.11 - Competições esportivas ou de destreza física ou intelectual, com ou sem a participação do espectador."
9200399,9200-3/99,Exploração de jogos de azar e apostas não especificados anteriormente,12.11,"12.11 - Competições esportivas ou de destreza física ou intelectual, com ou sem a participação do espectador."
9319101,9319-1/01,Produção e promoção de eventos esportivos,12.11,"12.11 - Competições esportivas ou de destreza física ou intelectual, com ou sem a participação do espectador."
9319199,9319-1/99,Outras atividades esportivas não especificadas anteriormente,12.11,"12.11 - Competições esportivas ou de destreza física ou intelectual, com ou sem a participação do espectador."
9329899,9329-8/99,Outras atividades de recreação e lazer não especificadas anteriormente,12.11,"12.11 - Competições esportivas ou de destreza física ou intelectual, com ou sem a participação do espectador."
9001999,9001-9/99,"Artes cênicas, espetáculos e atividades complementares não especificados anteriormente",12.12,12.12 - Execução de música.
9329801,9329-8/01,"Discotecas, danceterias, salões de dança e similares",12.12,12.12 - Execução de música.
9329899,9329-8/99,Outras atividades de recreação e lazer não especificadas anteriormente,12.12,12.12 - Execução de música.
5911199,5911-1/99,"Atividades de produção cinematográfica, de vídeos e de programas de televisão não especificadas anteriormente",12.13,"12.13 - Produção, mediante ou sem encomenda prévia, de eventos, espetáculos, entrevistas, shows, ballet, danças, desfiles, bailes, teatros,
 óperas, concertos, recitais, festivais e congêneres."
6021700,6021-7/00,Atividades de televisão aberta,12.13,"12.13 - Produção, mediante ou sem encomenda prévia, de eventos, espetáculos, entrevistas, shows, ballet, danças, desfiles, bailes, teatros,
 óperas, concertos, recitais, festivais e congêneres."
6022501,6022-5/01,Programadoras,12.13,"12.13 - Produção, mediante ou sem encomenda prévia, de eventos, espetáculos, entrevistas, shows, ballet, danças, desfiles, bailes, teatros,
 óperas, concertos, recitais, festivais e congêneres."
9001901,9001-9/01,Produção teatral,12.13,"12.13 - Produção, mediante ou sem encomenda prévia, de eventos, espetáculos, entrevistas, shows, ballet, danças, desfiles, bailes, teatros,
 óperas, concertos, recitais, festivais e congêneres."
9001902,9001-9/02,Produção musical,12.13,"12.13 - Produção, mediante ou sem encomenda prévia, de eventos, espetáculos, entrevistas, shows, ballet, danças, desfiles, bailes, teatros,
 óperas, concertos, recitais, festivais e congêneres."
9001903,9001-9/03,Produção de espetáculos de dança,12.13,"12.13 - Produção, mediante ou sem encomenda prévia, de eventos, espetáculos, entrevistas, shows, ballet, danças, desfiles, bailes, teatros,
 óperas, concertos, recitais, festivais e congêneres."
9001999,9001-9/99,"Artes cênicas, espetáculos e atividades complementares não especificados anteriormente",12.13,"12.13 - Produção, mediante ou sem encomenda prévia, de eventos, espetáculos, entrevistas, shows, ballet, danças, desfiles, bailes, teatros,
 óperas, concertos, recitais, festivais e congêneres."
9329899,9329-8/99,Outras atividades de recreação e lazer não especificadas anteriormente,12.13,"12.13 - Produção, mediante ou sem encomenda prévia, de eventos, espetáculos, entrevistas, shows, ballet, danças, desfiles, bailes, teatros,
 óperas, concertos, recitais, festivais e congêneres."
9001999,9001-9/99,"Artes cênicas, espetáculos e atividades complementares não especificados anteriormente",12.14,"12.14 - Fornecimento de música para ambientes fechados ou não, mediante transmissão por qualquer processo."
9329899,9329-8/99,Outras atividades de recreação e lazer não especificadas anteriormente,12.14,"12.14 - Fornecimento de música para ambientes fechados ou não, mediante transmissão por qualquer processo."
9001999,9001-9/99,"Artes cênicas, espetáculos e atividades complementares não especificados anteriormente",12.15,"12.15 - Desfiles de blocos carnavalescos ou folclóricos, trios elétricos e congêneres."
9329801,9329-8/01,"Discotecas, danceterias, salões de dança e similares",12.15,"12.15 - Desfiles de blocos carnavalescos ou folclóricos, trios elétricos e congêneres."
9329899,9329-8/99,Outras atividades de recreação e lazer não especificadas anteriormente,12.15,"12.15 - Desfiles de blocos carnavalescos ou folclóricos, trios elétricos e congêneres."
5914600,5914-6/00,Atividades de exibição cinematográfica,12.16,"12.16 - Exibição de filmes, entrevistas, musicais, espetáculos, shows, concertos, desfiles, óperas, competições esportivas, de destreza intelectual
 ou congêneres."
9001999,9001-9/99,"Artes cênicas, espetáculos e atividades complementares não especificados anteriormente",12.16,"12.16 - Exibição de filmes, entrevistas, musicais, espetáculos, shows, concertos, desfiles, óperas, competições esportivas, de destreza intelectual
 ou congêneres."
9329899,9329-8/99,Outras atividades de recreação e lazer não especificadas anteriormente,12.16,"12.16 - Exibição de filmes, entrevistas, musicais, espetáculos, shows, concertos, desfiles, óperas, competições esportivas, de destreza intelectual
 ou congêneres."
9001999,9001-9/99,"Artes cênicas, espetáculos e atividades complementares não especificados anteriormente",12.17,"12.17 - Recreação e animação, inclusive em festas e eventos de qualquer natureza."
9200399,9200-3/99,Exploração de jogos de azar e apostas não especificados anteriormente,12.17,"12.17 - Recreação e animação, inclusive em festas e eventos de qualquer natureza."
9319199,9319-1/99,Outras atividades esportivas não especificadas anteriormente,12.17,"12.17 - Recreação e animação, inclusive em festas e eventos de qualquer natureza."
9321200,9321-2/00,Parques de diversão e parques temáticos,12.17,"12.17 - Recreação e animação, inclusive em festas e eventos de qualquer natureza."
9329899,9329-8/99,Outras atividades de recreação e lazer não especificadas anteriormente,12.17,"12.17 - Recreação e animação, inclusive em festas e eventos de qualquer natureza."
1830001,1830-0/01,Reprodução de som em qualquer suporte,13.02,"13.02 - Fonografia ou gravação de sons, inclusive trucagem, dublagem, mixagem e congêneres."
1830002,1830-0/02,Reprodução de vídeo em qualquer suporte,13.02,"13.02 - Fonografia ou gravação de sons, inclusive trucagem, dublagem, mixagem e congêneres."
5911101,5911-1/01,Estúdios cinematográficos,13.02,"13.02 - Fonografia ou gravação de sons, inclusive trucagem, dublagem, mixagem e congêneres."
5912001,5912-0/01,Serviços de dublagem,13.02,"13.02 - Fonografia ou gravação de sons, inclusive trucagem, dublagem, mixagem e congêneres."
5912002,5912-0/02,Serviços de mixagem sonora em produção audiovisual,13.02,"13.02 - Fonografia ou gravação de sons, inclusive trucagem, dublagem, mixagem e congêneres."
5912099,5912-0/99,"Atividades de pós-produção cinematográfica, de vídeos e de programas de televisão não especificadas anteriormente",13.02,"13.02 - Fonografia ou gravação de sons, inclusive trucagem, dublagem, mixagem e congêneres."
5920100,5920-1/00,Atividades de gravação de som e de edição de música,13.02,"13.02 - Fonografia ou gravação de sons, inclusive trucagem, dublagem, mixagem e congêneres."
7420004,7420-0/04,Filmagem de festas e eventos,13.02,"13.02 - Fonografia ou gravação de sons, inclusive trucagem, dublagem, mixagem e congêneres."
9001999,9001-9/99,"Artes cênicas, espetáculos e atividades complementares não especificados anteriormente",13.02,"13.02 - Fonografia ou gravação de sons, inclusive trucagem, dublagem, mixagem e congêneres."
9329899,9329-8/99,Outras atividades de recreação e lazer não especificadas anteriormente,13.02,"13.02 - Fonografia ou gravação de sons, inclusive trucagem, dublagem, mixagem e congêneres."
1830002,1830-0/02,Reprodução de vídeo em qualquer suporte,13.03,"13.03 - Fotografia e cinematografia, inclusive revelação, ampliação, cópia, reprodução, trucagem e congêneres."
5911101,5911-1/01,Estúdios cinematográficos,13.03,"13.03 - Fotografia e cinematografia, inclusive revelação, ampliação, cópia, reprodução, trucagem e congêneres."
5911199,5911-1/99,"Atividades de produção cinematográfica, de vídeos e de programas de televisão não especificadas anteriormente",13.03,"13.03 - Fotografia e cinematografia, inclusive revelação, ampliação, cópia, reprodução, trucagem e congêneres."
5912099,5912-0/99,"Atividades de pós-produção cinematográfica, de vídeos e de programas de televisão não especificadas anteriormente",13.03,"13.03 - Fotografia e cinematografia, inclusive revelação, ampliação, cópia, reprodução, trucagem e congêneres."
7420001,7420-0/01,"Atividades de produção de fotografias, exceto aérea e submarina",13.03,"13.03 - Fotografia e cinematografia, inclusive revelação, ampliação, cópia, reprodução, trucagem e congêneres."
7420002,7420-0/02,Atividades de produção de fotografias aéreas e submarinas,13.03,"13.03 - Fotografia e cinematografia, inclusive revelação, ampliação, cópia, reprodução, trucagem e congêneres."
7420003,7420-0/03,Laboratórios fotográficos,13.03,"13.03 - Fotografia e cinematografia, inclusive revelação, ampliação, cópia, reprodução, trucagem e congêneres."
7420004,7420-0/04,Filmagem de festas e eventos,13.03,"13.03 - Fotografia e cinematografia, inclusive revelação, ampliação, cópia, reprodução, trucagem e congêneres."
7420005,7420-0/05,Serviços de microfilmagem,13.03,"13.03 - Fotografia e cinematografia, inclusive revelação, ampliação, cópia, reprodução, trucagem e congêneres."
1813099,1813-0/99,Impressão de material para outros usos,13.04,"13.04 - Reprografia, microfilmagem e digitalização."
1822999,1822-9/99,"Serviços de acabamentos gráficos, exceto encadernação e plastificação",13.04,"13.04 - Reprografia, microfilmagem e digitalização."
7420005,7420-0/05,Serviços de microfilmagem,13.04,"13.04 - Reprografia, microfilmagem e digitalização."
8219901,8219-9/01,Fotocópias,13.04,"13.04 - Reprografia, microfilmagem e digitalização."
1811301,1811-3/01,Impressão de jornais,13.05,"13.05 - Composição gráfica, inclusive confecção de impressos gráficos, fotocomposição, clicheria, zincografia, litografia e fotolitografia, exceto se destinados a posterior operação de comercialização ou industrialização, ainda que incorporados, de qualquer forma, a outra mercadoria que deva ser objeto de posterior circulação, tais como bulas, rótulos, etiquetas, caixas, cartuchos, embalagens e manuais técnicos e de instrução,
 quando ficam sujeitos ao ICMS."
1811302,1811-3/02,"Impressão de livros, revistas e outras publicações periódicas",13.05,"13.05 - Composição gráfica, inclusive confecção de impressos gráficos, fotocomposição, clicheria, zincografia, litografia e fotolitografia, exceto se destinados a posterior operação de comercialização ou industrialização, ainda que incorporados, de qualquer forma, a outra mercadoria que deva ser objeto de posterior circulação, tais como bulas, rótulos, etiquetas, caixas, cartuchos, embalagens e manuais técnicos e de instrução,
 quando ficam sujeitos ao ICMS."
1812100,1812-1/00,Impressão de material de segurança,13.05,"13.05 - Composição gráfica, inclusive confecção de impressos gráficos, fotocomposição, clicheria, zincografia, litografia e fotolitografia, exceto se destinados a posterior operação de comercialização ou industrialização, ainda que incorporados, de qualquer forma, a outra mercadoria que deva ser objeto de posterior circulação, tais como bulas, rótulos, etiquetas, caixas, cartuchos, embalagens e manuais técnicos e de instrução,
 quando ficam sujeitos ao ICMS."
1813001,1813-0/01,Impressão de material para uso publicitário,13.05,"13.05 - Composição gráfica, inclusive confecção de impressos gráficos, fotocomposição, clicheria, zincografia, litografia e fotolitografia, exceto se destinados a posterior operação de comercialização ou industrialização, ainda que incorporados, de qualquer forma, a outra mercadoria que deva ser objeto de posterior circulação, tais como bulas, rótulos, etiquetas, caixas, cartuchos, embalagens e manuais técnicos e de instrução,
 quando ficam sujeitos ao ICMS."
1813099,1813-0/99,Impressão de material para outros usos,13.05,"13.05 - Composição gráfica, inclusive confecção de impressos gráficos, fotocomposição, clicheria, zincografia, litografia e fotolitografia, exceto se destinados a posterior operação de comercialização ou industrialização, ainda que incorporados, de qualquer forma, a outra mercadoria que deva ser objeto de posterior circulação, tais como bulas, rótulos, etiquetas, caixas, cartuchos, embalagens e manuais técnicos e de instrução,
 quando ficam sujeitos ao ICMS."
1821100,1821-1/00,Serviços de pré-impressão,13.05,"13.05 - Composição gráfica, inclusive confecção de impressos gráficos, fotocomposição, clicheria, zincografia, litografia e fotolitografia, exceto se destinados a posterior operação de comercialização ou industrialização, ainda que incorporados, de qualquer forma, a outra mercadoria que deva ser objeto de posterior circulação, tais como bulas, rótulos, etiquetas, caixas, cartuchos, embalagens e manuais técnicos e de instrução,
 quando ficam sujeitos ao ICMS."
1822901,1822-9/01,Serviços de encadernação e plastificação,13.05,"13.05 - Composição gráfica, inclusive confecção de impressos gráficos, fotocomposição, clicheria, zincografia, litografia e fotolitografia, exceto se destinados a posterior operação de comercialização ou industrialização, ainda que incorporados, de qualquer forma, a outra mercadoria que deva ser objeto de posterior circulação, tais como bulas, rótulos, etiquetas, caixas, cartuchos, embalagens e manuais técnicos e de instrução,
 quando ficam sujeitos ao ICMS."
1822999,1822-9/99,"Serviços de acabamentos gráficos, exceto encadernação e plastificação",13.05,"13.05 - Composição gráfica, inclusive confecção de impressos gráficos, fotocomposição, clicheria, zincografia, litografia e fotolitografia, exceto se destinados a posterior operação de comercialização ou industrialização, ainda que incorporados, de qualquer forma, a outra mercadoria que deva ser objeto de posterior circulação, tais como bulas, rótulos, etiquetas, caixas, cartuchos, embalagens e manuais técnicos e de instrução,
 quando ficam sujeitos ao ICMS."
2513600,2513-6/00,Fabricação de obras de caldeiraria pesada,14.01,"14.01 - Lubrificação, limpeza, lustração, revisão, carga e recarga, conserto, restauração, blindagem, manutenção e conservação de máquinas, veículos, aparelhos, equipamentos, motores, elevadores ou de qualquer objeto (exceto peças e partes empregadas, que ficam sujeitas ao ICMS)."
2521700,2521-7/00,"Fabricação de tanques, reservatórios metálicos e caldeiras para aquecimento central",14.01,"14.01 - Lubrificação, limpeza, lustração, revisão, carga e recarga, conserto, restauração, blindagem, manutenção e conservação de máquinas, veículos, aparelhos, equipamentos, motores, elevadores ou de qualquer objeto (exceto peças e partes empregadas, que ficam sujeitas ao ICMS)."
2539001,2539-0/01,"Serviços de usinagem, tornearia e solda",14.01,"14.01 - Lubrificação, limpeza, lustração, revisão, carga e recarga, conserto, restauração, blindagem, manutenção e conservação de máquinas, veículos, aparelhos, equipamentos, motores, elevadores ou de qualquer objeto (exceto peças e partes empregadas, que ficam sujeitas ao ICMS)."
2539002,2539-0/02,Serviços de tratamento e revestimento em metais,14.01,"14.01 - Lubrificação, limpeza, lustração, revisão, carga e recarga, conserto, restauração, blindagem, manutenção e conservação de máquinas, veículos, aparelhos, equipamentos, motores, elevadores ou de qualquer objeto (exceto peças e partes empregadas, que ficam sujeitas ao ICMS)."
2722802,2722-8/02,Recondicionamento de baterias e acumuladores para veículos automotores,14.01,"14.01 - Lubrificação, limpeza, lustração, revisão, carga e recarga, conserto, restauração, blindagem, manutenção e conservação de máquinas, veículos, aparelhos, equipamentos, motores, elevadores ou de qualquer objeto (exceto peças e partes empregadas, que ficam sujeitas ao ICMS)."
3311200,3311-2/00,"Manutenção e reparação de tanques, reservatórios metálicos e caldeiras, exceto para veículos",14.01,"14.01 - Lubrificação, limpeza, lustração, revisão, carga e recarga, conserto, restauração, blindagem, manutenção e conservação de máquinas, veículos, aparelhos, equipamentos, motores, elevadores ou de qualquer objeto (exceto peças e partes empregadas, que ficam sujeitas ao ICMS)."
3312102,3312-1/02,"Manutenção e reparação de aparelhos e instrumentos de medida, teste e controle",14.01,"14.01 - Lubrificação, limpeza, lustração, revisão, carga e recarga, conserto, restauração, blindagem, manutenção e conservação de máquinas, veículos, aparelhos, equipamentos, motores, elevadores ou de qualquer objeto (exceto peças e partes empregadas, que ficam sujeitas ao ICMS)."
3312103,3312-1/03,Manutenção e reparação de aparelhos eletromédicos e eletroterapêuticos e equipamentos de irradiação,14.01,"14.01 - Lubrificação, limpeza, lustração, revisão, carga e recarga, conserto, restauração, blindagem, manutenção e conservação de máquinas, veículos, aparelhos, equipamentos, motores, elevadores ou de qualquer objeto (exceto peças e partes empregadas, que ficam sujeitas ao ICMS)."
3312104,3312-1/04,Manutenção e reparação de equipamentos e instrumentos ópticos,14.01,"14.01 - Lubrificação, limpeza, lustração, revisão, carga e recarga, conserto, restauração, blindagem, manutenção e conservação de máquinas, veículos, aparelhos, equipamentos, motores, elevadores ou de qualquer objeto (exceto peças e partes empregadas, que ficam sujeitas ao ICMS)."
3313901,3313-9/01,"Manutenção e reparação de geradores, transformadores e motores elétricos",14.01,"14.01 - Lubrificação, limpeza, lustração, revisão, carga e recarga, conserto, restauração, blindagem, manutenção e conservação de máquinas, veículos, aparelhos, equipamentos, motores, elevadores ou de qualquer objeto (exceto peças e partes empregadas, que ficam sujeitas ao ICMS)."
3313902,3313-9/02,"Manutenção e reparação de baterias e acumuladores elétricos, exceto para veículos",14.01,"14.01 - Lubrificação, limpeza, lustração, revisão, carga e recarga, conserto, restauração, blindagem, manutenção e conservação de máquinas, veículos, aparelhos, equipamentos, motores, elevadores ou de qualquer objeto (exceto peças e partes empregadas, que ficam sujeitas ao ICMS)."
3313999,3313-9/99,"Manutenção e reparação de máquinas, aparelhos e materiais elétricos não especificados anteriormente",14.01,"14.01 - Lubrificação, limpeza, lustração, revisão, carga e recarga, conserto, restauração, blindagem, manutenção e conservação de máquinas, veículos, aparelhos, equipamentos, motores, elevadores ou de qualquer objeto (exceto peças e partes empregadas, que ficam sujeitas ao ICMS)."
3314701,3314-7/01,Manutenção e reparação de máquinas motrizes não-elétricas,14.01,"14.01 - Lubrificação, limpeza, lustração, revisão, carga e recarga, conserto, restauração, blindagem, manutenção e conservação de máquinas, veículos, aparelhos, equipamentos, motores, elevadores ou de qualquer objeto (exceto peças e partes empregadas, que ficam sujeitas ao ICMS)."
3314702,3314-7/02,"Manutenção e reparação de equipamentos hidráulicos e pneumáticos, exceto válvulas",14.01,"14.01 - Lubrificação, limpeza, lustração, revisão, carga e recarga, conserto, restauração, blindagem, manutenção e conservação de máquinas, veículos, aparelhos, equipamentos, motores, elevadores ou de qualquer objeto (exceto peças e partes empregadas, que ficam sujeitas ao ICMS)."
3314703,3314-7/03,Manutenção e reparação de válvulas industriais,14.01,"14.01 - Lubrificação, limpeza, lustração, revisão, carga e recarga, conserto, restauração, blindagem, manutenção e conservação de máquinas, veículos, aparelhos, equipamentos, motores, elevadores ou de qualquer objeto (exceto peças e partes empregadas, que ficam sujeitas ao ICMS)."
3314704,3314-7/04,Manutenção e reparação de compressores,14.01,"14.01 - Lubrificação, limpeza, lustração, revisão, carga e recarga, conserto, restauração, blindagem, manutenção e conservação de máquinas, veículos, aparelhos, equipamentos, motores, elevadores ou de qualquer objeto (exceto peças e partes empregadas, que ficam sujeitas ao ICMS)."
3314705,3314-7/05,Manutenção e reparação de equipamentos de transmissão para fins industriais,14.01,"14.01 - Lubrificação, limpeza, lustração, revisão, carga e recarga, conserto, restauração, blindagem, manutenção e conservação de máquinas, veículos, aparelhos, equipamentos, motores, elevadores ou de qualquer objeto (exceto peças e partes empregadas, que ficam sujeitas ao ICMS)."
3314706,3314-7/06,"Manutenção e reparação de máquinas, aparelhos e equipamentos para instalações térmicas",14.01,"14.01 - Lubrificação, limpeza, lustração, revisão, carga e recarga, conserto, restauração, blindagem, manutenção e conservação de máquinas, veículos, aparelhos, equipamentos, motores, elevadores ou de qualquer objeto (exceto peças e partes empregadas, que ficam sujeitas ao ICMS)."
3314707,3314-7/07,Manutenção e reparação de máquinas e aparelhos de refrigeração e ventilação para uso industrial e comercial,14.01,"14.01 - Lubrificação, limpeza, lustração, revisão, carga e recarga, conserto, restauração, blindagem, manutenção e conservação de máquinas, veículos, aparelhos, equipamentos, motores, elevadores ou de qualquer objeto (exceto peças e partes empregadas, que ficam sujeitas ao ICMS)."
3314708,3314-7/08,"Manutenção e reparação de máquinas, equipamentos e aparelhos para transporte e elevação de cargas",14.01,"14.01 - Lubrificação, limpeza, lustração, revisão, carga e recarga, conserto, restauração, blindagem, manutenção e conservação de máquinas, veículos, aparelhos, equipamentos, motores, elevadores ou de qualquer objeto (exceto peças e partes empregadas, que ficam sujeitas ao ICMS)."
3314709,3314-7/09,"Manutenção e reparação de máquinas de escrever, calcular e de outros equipamentos não-eletrônicos para escritório",14.01,"14.01 - Lubrificação, limpeza, lustração, revisão, carga e recarga, conserto, restauração, blindagem, manutenção e conservação de máquinas, veículos, aparelhos, equipamentos, motores, elevadores ou de qualquer objeto (exceto peças e partes empregadas, que ficam sujeitas ao ICMS)."
3314710,3314-7/10,Manutenção e reparação de máquinas e equipamentos para uso geral não especificados anteriormente,14.01,"14.01 - Lubrificação, limpeza, lustração, revisão, carga e recarga, conserto, restauração, blindagem, manutenção e conservação de máquinas, veículos, aparelhos, equipamentos, motores, elevadores ou de qualquer objeto (exceto peças e partes empregadas, que ficam sujeitas ao ICMS)."
3314711,3314-7/11,Manutenção e reparação de máquinas e equipamentos para agricultura e pecuária,14.01,"14.01 - Lubrificação, limpeza, lustração, revisão, carga e recarga, conserto, restauração, blindagem, manutenção e conservação de máquinas, veículos, aparelhos, equipamentos, motores, elevadores ou de qualquer objeto (exceto peças e partes empregadas, que ficam sujeitas ao ICMS)."
3314712,3314-7/12,Manutenção e reparação de tratores agrícolas,14.01,"14.01 - Lubrificação, limpeza, lustração, revisão, carga e recarga, conserto, restauração, blindagem, manutenção e conservação de máquinas, veículos, aparelhos, equipamentos, motores, elevadores ou de qualquer objeto (exceto peças e partes empregadas, que ficam sujeitas ao ICMS)."
3314713,3314-7/13,Manutenção e reparação de máquinas-ferramenta,14.01,"14.01 - Lubrificação, limpeza, lustração, revisão, carga e recarga, conserto, restauração, blindagem, manutenção e conservação de máquinas, veículos, aparelhos, equipamentos, motores, elevadores ou de qualquer objeto (exceto peças e partes empregadas, que ficam sujeitas ao ICMS)."
3314714,3314-7/14,Manutenção e reparação de máquinas e equipamentos para a prospecção e extração de petróleo,14.01,"14.01 - Lubrificação, limpeza, lustração, revisão, carga e recarga, conserto, restauração, blindagem, manutenção e conservação de máquinas, veículos, aparelhos, equipamentos, motores, elevadores ou de qualquer objeto (exceto peças e partes empregadas, que ficam sujeitas ao ICMS)."
3314715,3314-7/15,"Manutenção e reparação de máquinas e equipamentos para uso na extração mineral, exceto na extração de petróleo",14.01,"14.01 - Lubrificação, limpeza, lustração, revisão, carga e recarga, conserto, restauração, blindagem, manutenção e conservação de máquinas, veículos, aparelhos, equipamentos, motores, elevadores ou de qualquer objeto (exceto peças e partes empregadas, que ficam sujeitas ao ICMS)."
3314716,3314-7/16,"Manutenção e reparação de tratores, exceto agrícolas",14.01,"14.01 - Lubrificação, limpeza, lustração, revisão, carga e recarga, conserto, restauração, blindagem, manutenção e conservação de máquinas, veículos, aparelhos, equipamentos, motores, elevadores ou de qualquer objeto (exceto peças e partes empregadas, que ficam sujeitas ao ICMS)."
3314717,3314-7/17,"Manutenção e reparação de máquinas e equipamentos de terraplenagem, pavimentação e construção, exceto tratores",14.01,"14.01 - Lubrificação, limpeza, lustração, revisão, carga e recarga, conserto, restauração, blindagem, manutenção e conservação de máquinas, veículos, aparelhos, equipamentos, motores, elevadores ou de qualquer objeto (exceto peças e partes empregadas, que ficam sujeitas ao ICMS)."
3314718,3314-7/18,"Manutenção e reparação de máquinas para a indústria metalúrgica, exceto máquinas-ferramenta",14.01,"14.01 - Lubrificação, limpeza, lustração, revisão, carga e recarga, conserto, restauração, blindagem, manutenção e conservação de máquinas, veículos, aparelhos, equipamentos, motores, elevadores ou de qualquer objeto (exceto peças e partes empregadas, que ficam sujeitas ao ICMS)."
3314719,3314-7/19,"Manutenção e reparação de máquinas e equipamentos para as indústrias de alimentos, bebidas e fumo",14.01,"14.01 - Lubrificação, limpeza, lustração, revisão, carga e recarga, conserto, restauração, blindagem, manutenção e conservação de máquinas, veículos, aparelhos, equipamentos, motores, elevadores ou de qualquer objeto (exceto peças e partes empregadas, que ficam sujeitas ao ICMS)."
3314720,3314-7/20,"Manutenção e reparação de máquinas e equipamentos para a indústria têxtil, do vestuário, do couro e calçados",14.01,"14.01 - Lubrificação, limpeza, lustração, revisão, carga e recarga, conserto, restauração, blindagem, manutenção e conservação de máquinas, veículos, aparelhos, equipamentos, motores, elevadores ou de qualquer objeto (exceto peças e partes empregadas, que ficam sujeitas ao ICMS)."
3314721,3314-7/21,"Manutenção e reparação de máquinas e aparelhos para a indústria de celulose, papel e papelão e artefatos",14.01,"14.01 - Lubrificação, limpeza, lustração, revisão, carga e recarga, conserto, restauração, blindagem, manutenção e conservação de máquinas, veículos, aparelhos, equipamentos, motores, elevadores ou de qualquer objeto (exceto peças e partes empregadas, que ficam sujeitas ao ICMS)."
3314722,3314-7/22,Manutenção e reparação de máquinas e aparelhos para a indústria do plástico,14.01,"14.01 - Lubrificação, limpeza, lustração, revisão, carga e recarga, conserto, restauração, blindagem, manutenção e conservação de máquinas, veículos, aparelhos, equipamentos, motores, elevadores ou de qualquer objeto (exceto peças e partes empregadas, que ficam sujeitas ao ICMS)."
3314799,3314-7/99,Manutenção e reparação de outras máquinas e equipamentos para usos industriais não especificados anteriormente,14.01,"14.01 - Lubrificação, limpeza, lustração, revisão, carga e recarga, conserto, restauração, blindagem, manutenção e conservação de máquinas, veículos, aparelhos, equipamentos, motores, elevadores ou de qualquer objeto (exceto peças e partes empregadas, que ficam sujeitas ao ICMS)."
3315500,3315-5/00,Manutenção e reparação de veículos ferroviários,14.01,"14.01 - Lubrificação, limpeza, lustração, revisão, carga e recarga, conserto, restauração, blindagem, manutenção e conservação de máquinas, veículos, aparelhos, equipamentos, motores, elevadores ou de qualquer objeto (exceto peças e partes empregadas, que ficam sujeitas ao ICMS)."
3316301,3316-3/01,"Manutenção e reparação de aeronaves, exceto a manutenção na pista",14.01,"14.01 - Lubrificação, limpeza, lustração, revisão, carga e recarga, conserto, restauração, blindagem, manutenção e conservação de máquinas, veículos, aparelhos, equipamentos, motores, elevadores ou de qualquer objeto (exceto peças e partes empregadas, que ficam sujeitas ao ICMS)."
3316302,3316-3/02,Manutenção de aeronaves na pista,14.01,"14.01 - Lubrificação, limpeza, lustração, revisão, carga e recarga, conserto, restauração, blindagem, manutenção e conservação de máquinas, veículos, aparelhos, equipamentos, motores, elevadores ou de qualquer objeto (exceto peças e partes empregadas, que ficam sujeitas ao ICMS)."
3317101,3317-1/01,Manutenção e reparação de embarcações e estruturas flutuantes,14.01,"14.01 - Lubrificação, limpeza, lustração, revisão, carga e recarga, conserto, restauração, blindagem, manutenção e conservação de máquinas, veículos, aparelhos, equipamentos, motores, elevadores ou de qualquer objeto (exceto peças e partes empregadas, que ficam sujeitas ao ICMS)."
3317102,3317-1/02,Manutenção e reparação de embarcações para esporte e lazer,14.01,"14.01 - Lubrificação, limpeza, lustração, revisão, carga e recarga, conserto, restauração, blindagem, manutenção e conservação de máquinas, veículos, aparelhos, equipamentos, motores, elevadores ou de qualquer objeto (exceto peças e partes empregadas, que ficam sujeitas ao ICMS)."
3319800,3319-8/00,Manutenção e reparação de equipamentos e produtos não especificados anteriormente,14.01,"14.01 - Lubrificação, limpeza, lustração, revisão, carga e recarga, conserto, restauração, blindagem, manutenção e conservação de máquinas, veículos, aparelhos, equipamentos, motores, elevadores ou de qualquer objeto (exceto peças e partes empregadas, que ficam sujeitas ao ICMS)."
3831999,3831-9/99,"Recuperação de materiais metálicos, exceto alumínio",14.01,"14.01 - Lubrificação, limpeza, lustração, revisão, carga e recarga, conserto, restauração, blindagem, manutenção e conservação de máquinas, veículos, aparelhos, equipamentos, motores, elevadores ou de qualquer objeto (exceto peças e partes empregadas, que ficam sujeitas ao ICMS)."
3839499,3839-4/99,Recuperação de materiais não especificados anteriormente,14.01,"14.01 - Lubrificação, limpeza, lustração, revisão, carga e recarga, conserto, restauração, blindagem, manutenção e conservação de máquinas, veículos, aparelhos, equipamentos, motores, elevadores ou de qualquer objeto (exceto peças e partes empregadas, que ficam sujeitas ao ICMS)."
4322302,4322-3/02,"Instalação e manutenção de sistemas centrais de ar condicionado, de ventilação e refrigeração",14.01,"14.01 - Lubrificação, limpeza, lustração, revisão, carga e recarga, conserto, restauração, blindagem, manutenção e conservação de máquinas, veículos, aparelhos, equipamentos, motores, elevadores ou de qualquer objeto (exceto peças e partes empregadas, que ficam sujeitas ao ICMS)."
4329103,4329-1/03,"Instalação, manutenção e reparação de elevadores, escadas e esteiras rolantes",14.01,"14.01 - Lubrificação, limpeza, lustração, revisão, carga e recarga, conserto, restauração, blindagem, manutenção e conservação de máquinas, veículos, aparelhos, equipamentos, motores, elevadores ou de qualquer objeto (exceto peças e partes empregadas, que ficam sujeitas ao ICMS)."
4520001,4520-0/01,Serviços de manutenção e reparação mecânica de veículos automotores,14.01,"14.01 - Lubrificação, limpeza, lustração, revisão, carga e recarga, conserto, restauração, blindagem, manutenção e conservação de máquinas, veículos, aparelhos, equipamentos, motores, elevadores ou de qualquer objeto (exceto peças e partes empregadas, que ficam sujeitas ao ICMS)."
4520003,4520-0/03,Serviços de manutenção e reparação elétrica de veículos automotores,14.01,"14.01 - Lubrificação, limpeza, lustração, revisão, carga e recarga, conserto, restauração, blindagem, manutenção e conservação de máquinas, veículos, aparelhos, equipamentos, motores, elevadores ou de qualquer objeto (exceto peças e partes empregadas, que ficam sujeitas ao ICMS)."
4520004,4520-0/04,Serviços de alinhamento e balanceamento de veículos automotores,14.01,"14.01 - Lubrificação, limpeza, lustração, revisão, carga e recarga, conserto, restauração, blindagem, manutenção e conservação de máquinas, veículos, aparelhos, equipamentos, motores, elevadores ou de qualquer objeto (exceto peças e partes empregadas, que ficam sujeitas ao ICMS)."
4520005,4520-0/05,"Serviços de lavagem, lubrificação e polimento de veículos automotores",14.01,"14.01 - Lubrificação, limpeza, lustração, revisão, carga e recarga, conserto, restauração, blindagem, manutenção e conservação de máquinas, veículos, aparelhos, equipamentos, motores, elevadores ou de qualquer objeto (exceto peças e partes empregadas, que ficam sujeitas ao ICMS)."
4520006,4520-0/06,Serviços de borracharia para veículos automotores,14.01,"14.01 - Lubrificação, limpeza, lustração, revisão, carga e recarga, conserto, restauração, blindagem, manutenção e conservação de máquinas, veículos, aparelhos, equipamentos, motores, elevadores ou de qualquer objeto (exceto peças e partes empregadas, que ficam sujeitas ao ICMS)."
4520007,4520-0/07,"Serviços de instalação, manutenção e reparação de acessórios para veículos automotores",14.01,"14.01 - Lubrificação, limpeza, lustração, revisão, carga e recarga, conserto, restauração, blindagem, manutenção e conservação de máquinas, veículos, aparelhos, equipamentos, motores, elevadores ou de qualquer objeto (exceto peças e partes empregadas, que ficam sujeitas ao ICMS)."
4543900,4543-9/00,Manutenção e reparação de motocicletas e motonetas,14.01,"14.01 - Lubrificação, limpeza, lustração, revisão, carga e recarga, conserto, restauração, blindagem, manutenção e conservação de máquinas, veículos, aparelhos, equipamentos, motores, elevadores ou de qualquer objeto (exceto peças e partes empregadas, que ficam sujeitas ao ICMS)."
4751202,4751-2/02,Recarga de cartuchos para equipamentos de informática,14.01,"14.01 - Lubrificação, limpeza, lustração, revisão, carga e recarga, conserto, restauração, blindagem, manutenção e conservação de máquinas, veículos, aparelhos, equipamentos, motores, elevadores ou de qualquer objeto (exceto peças e partes empregadas, que ficam sujeitas ao ICMS)."
5229099,5229-0/99,Outras atividades auxiliares dos transportes terrestres não especificadas anteriormente,14.01,"14.01 - Lubrificação, limpeza, lustração, revisão, carga e recarga, conserto, restauração, blindagem, manutenção e conservação de máquinas, veículos, aparelhos, equipamentos, motores, elevadores ou de qualquer objeto (exceto peças e partes empregadas, que ficam sujeitas ao ICMS)."
5240199,5240-1/99,"Atividades auxiliares dos transportes aéreos, exceto operação dos aeroportos e campos de aterrissagem",14.01,"14.01 - Lubrificação, limpeza, lustração, revisão, carga e recarga, conserto, restauração, blindagem, manutenção e conservação de máquinas, veículos, aparelhos, equipamentos, motores, elevadores ou de qualquer objeto (exceto peças e partes empregadas, que ficam sujeitas ao ICMS)."
9511800,9511-8/00,Reparação e manutenção de computadores e de equipamentos periféricos,14.01,"14.01 - Lubrificação, limpeza, lustração, revisão, carga e recarga, conserto, restauração, blindagem, manutenção e conservação de máquinas, veículos, aparelhos, equipamentos, motores, elevadores ou de qualquer objeto (exceto peças e partes empregadas, que ficam sujeitas ao ICMS)."
9512600,9512-6/00,Reparação e manutenção de equipamentos de comunicação,14.01,"14.01 - Lubrificação, limpeza, lustração, revisão, carga e recarga, conserto, restauração, blindagem, manutenção e conservação de máquinas, veículos, aparelhos, equipamentos, motores, elevadores ou de qualquer objeto (exceto peças e partes empregadas, que ficam sujeitas ao ICMS)."
9521500,9521-5/00,Reparação e manutenção de equipamentos eletroeletrônicos de uso pessoal e doméstico,14.01,"14.01 - Lubrificação, limpeza, lustração, revisão, carga e recarga, conserto, restauração, blindagem, manutenção e conservação de máquinas, veículos, aparelhos, equipamentos, motores, elevadores ou de qualquer objeto (exceto peças e partes empregadas, que ficam sujeitas ao ICMS)."
9529104,9529-1/04,"Reparação de bicicletas, triciclos e outros veículos não-motorizados",14.01,"14.01 - Lubrificação, limpeza, lustração, revisão, carga e recarga, conserto, restauração, blindagem, manutenção e conservação de máquinas, veículos, aparelhos, equipamentos, motores, elevadores ou de qualquer objeto (exceto peças e partes empregadas, que ficam sujeitas ao ICMS)."
9529199,9529-1/99,Reparação e manutenção de outros objetos e equipamentos pessoais e domésticos não especificados anteriormente,14.01,"14.01 - Lubrificação, limpeza, lustração, revisão, carga e recarga, conserto, restauração, blindagem, manutenção e conservação de máquinas, veículos, aparelhos, equipamentos, motores, elevadores ou de qualquer objeto (exceto peças e partes empregadas, que ficam sujeitas ao ICMS)."
3311200,3311-2/00,"Manutenção e reparação de tanques, reservatórios metálicos e caldeiras, exceto para veículos",14.02,14.02 - Assistência técnica.
3312102,3312-1/02,"Manutenção e reparação de aparelhos e instrumentos de medida, teste e controle",14.02,14.02 - Assistência técnica.
3312103,3312-1/03,Manutenção e reparação de aparelhos eletromédicos e eletroterapêuticos e equipamentos de irradiação,14.02,14.02 - Assistência técnica.
3312104,3312-1/04,Manutenção e reparação de equipamentos e instrumentos ópticos,14.02,14.02 - Assistência técnica.
3313901,3313-9/01,"Manutenção e reparação de geradores, transformadores e motores elétricos",14.02,14.02 - Assistência técnica.
3313902,3313-9/02,"Manutenção e reparação de baterias e acumuladores elétricos, exceto para veículos",14.02,14.02 - Assistência técnica.
3313999,3313-9/99,"Manutenção e reparação de máquinas, aparelhos e materiais elétricos não especificados anteriormente",14.02,14.02 - Assistência técnica.
3314701,3314-7/01,Manutenção e reparação de máquinas motrizes não-elétricas,14.02,14.02 - Assistência técnica.
3314702,3314-7/02,"Manutenção e reparação de equipamentos hidráulicos e pneumáticos, exceto válvulas",14.02,14.02 - Assistência técnica.
3314703,3314-7/03,Manutenção e reparação de válvulas industriais,14.02,14.02 - Assistência técnica.
3314704,3314-7/04,Manutenção e reparação de compressores,14.02,14.02 - Assistência técnica.
3314705,3314-7/05,Manutenção e reparação de equipamentos de transmissão para fins industriais,14.02,14.02 - Assistência técnica.
3314706,3314-7/06,"Manutenção e reparação de máquinas, aparelhos e equipamentos para instalações térmicas",14.02,14.02 - Assistência técnica.
3314707,3314-7/07,Manutenção e reparação de máquinas e aparelhos de refrigeração e ventilação para uso industrial e comercial,14.02,14.02 - Assistência técnica.
3314708,3314-7/08,"Manutenção e reparação de máquinas, equipamentos e aparelhos para transporte e elevação de cargas",14.02,14.02 - Assistência técnica.
3314709,3314-7/09,"Manutenção e reparação de máquinas de escrever, calcular e de outros equipamentos não-eletrônicos para escritório",14.02,14.02 - Assistência técnica.
3314710,3314-7/10,Manutenção e reparação de máquinas e equipamentos para uso geral não especificados anteriormente,14.02,14.02 - Assistência técnica.
3314711,3314-7/11,Manutenção e reparação de máquinas e equipamentos para agricultura e pecuária,14.02,14.02 - Assistência técnica.
3314712,3314-7/12,Manutenção e reparação de tratores agrícolas,14.02,14.02 - Assistência técnica.
3314713,3314-7/13,Manutenção e reparação de máquinas-ferramenta,14.02,14.02 - Assistência técnica.
3314714,3314-7/14,Manutenção e reparação de máquinas e equipamentos para a prospecção e extração de petróleo,14.02,14.02 - Assistência técnica.
3314715,3314-7/15,"Manutenção e reparação de máquinas e equipamentos para uso na extração mineral, exceto na extração de petróleo",14.02,14.02 - Assistência técnica.
3314716,3314-7/16,"Manutenção e reparação de tratores, exceto agrícolas",14.02,14.02 - Assistência técnica.
3314717,3314-7/17,"Manutenção e reparação de máquinas e equipamentos de terraplenagem, pavimentação e construção, exceto tratores",14.02,14.02 - Assistência técnica.
3314718,3314-7/18,"Manutenção e reparação de máquinas para a indústria metalúrgica, exceto máquinas-ferramenta",14.02,14.02 - Assistência técnica.
3314719,3314-7/19,"Manutenção e reparação de máquinas e equipamentos para as indústrias de alimentos, bebidas e fumo",14.02,14.02 - Assistência técnica.
3314720,3314-7/20,"Manutenção e reparação de máquinas e equipamentos para a indústria têxtil, do vestuário, do couro e calçados",14.02,14.02 - Assistência técnica.
3314721,3314-7/21,"Manutenção e reparação de máquinas e aparelhos para a indústria de celulose, papel e papelão e artefatos",14.02,14.02 - Assistência técnica.
3314722,3314-7/22,Manutenção e reparação de máquinas e aparelhos para a indústria do plástico,14.02,14.02 - Assistência técnica.
3314799,3314-7/99,Manutenção e reparação de outras máquinas e equipamentos para usos industriais não especificados anteriormente,14.02,14.02 - Assistência técnica.
3315500,3315-5/00,Manutenção e reparação de veículos ferroviários,14.02,14.02 - Assistência técnica.
3316301,3316-3/01,"Manutenção e reparação de aeronaves, exceto a manutenção na pista",14.02,14.02 - Assistência técnica.
3316302,3316-3/02,Manutenção de aeronaves na pista,14.02,14.02 - Assistência técnica.
3317101,3317-1/01,Manutenção e reparação de embarcações e estruturas flutuantes,14.02,14.02 - Assistência técnica.
3317102,3317-1/02,Manutenção e reparação de embarcações para esporte e lazer,14.02,14.02 - Assistência técnica.
3319800,3319-8/00,Manutenção e reparação de equipamentos e produtos não especificados anteriormente,14.02,14.02 - Assistência técnica.
9511800,9511-8/00,Reparação e manutenção de computadores e de equipamentos periféricos,14.02,14.02 - Assistência técnica.
2950600,2950-6/00,Recondicionamento e recuperação de motores para veículos automotores,14.03,"14.03 - Recondicionamento de motores (exceto peças e partes empregadas, que ficam sujeitas ao ICMS)."
3313999,3313-9/99,"Manutenção e reparação de máquinas, aparelhos e materiais elétricos não especificados anteriormente",14.03,"14.03 - Recondicionamento de motores (exceto peças e partes empregadas, que ficam sujeitas ao ICMS)."
3314799,3314-7/99,Manutenção e reparação de outras máquinas e equipamentos para usos industriais não especificados anteriormente,14.03,"14.03 - Recondicionamento de motores (exceto peças e partes empregadas, que ficam sujeitas ao ICMS)."
9529199,9529-1/99,Reparação e manutenção de outros objetos e equipamentos pessoais e domésticos não especificados anteriormente,14.03,"14.03 - Recondicionamento de motores (exceto peças e partes empregadas, que ficam sujeitas ao ICMS)."
2212900,2212-9/00,Reforma de pneumáticos usados,14.04,14.04 - Recauchutagem ou regeneração de pneus.
3313999,3313-9/99,"Manutenção e reparação de máquinas, aparelhos e materiais elétricos não especificados anteriormente",14.04,14.04 - Recauchutagem ou regeneração de pneus.
3314799,3314-7/99,Manutenção e reparação de outras máquinas e equipamentos para usos industriais não especificados anteriormente,14.04,14.04 - Recauchutagem ou regeneração de pneus.
4520006,4520-0/06,Serviços de borracharia para veículos automotores,14.04,14.04 - Recauchutagem ou regeneração de pneus.
9529199,9529-1/99,Reparação e manutenção de outros objetos e equipamentos pessoais e domésticos não especificados anteriormente,14.04,14.04 - Recauchutagem ou regeneração de pneus.
1011202,1011-2/02,Frigorífico - abate de eqüinos,14.05,"14.05 - Restauração, recondicionamento, acondicionamento, pintura, beneficiamento, lavagem, secagem, tingimento, galvanoplastia,
 anodização, corte, recorte, plastificação, costura, acabamento, polimento e congêneres de objetos quaisquer."
1011203,1011-2/03,Frigorífico - abate de ovinos e caprinos,14.05,"14.05 - Restauração, recondicionamento, acondicionamento, pintura, beneficiamento, lavagem, secagem, tingimento, galvanoplastia,
 anodização, corte, recorte, plastificação, costura, acabamento, polimento e congêneres de objetos quaisquer."
1011204,1011-2/04,Frigorífico - abate de bufalinos,14.05,"14.05 - Restauração, recondicionamento, acondicionamento, pintura, beneficiamento, lavagem, secagem, tingimento, galvanoplastia,
 anodização, corte, recorte, plastificação, costura, acabamento, polimento e congêneres de objetos quaisquer."
1011205,1011-2/05,"Matadouro - abate de reses sob contrato, exceto abate de suínos",14.05,"14.05 - Restauração, recondicionamento, acondicionamento, pintura, beneficiamento, lavagem, secagem, tingimento, galvanoplastia,
 anodização, corte, recorte, plastificação, costura, acabamento, polimento e congêneres de objetos quaisquer."
1012101,1012-1/01,Abate de aves,14.05,"14.05 - Restauração, recondicionamento, acondicionamento, pintura, beneficiamento, lavagem, secagem, tingimento, galvanoplastia,
 anodização, corte, recorte, plastificação, costura, acabamento, polimento e congêneres de objetos quaisquer."
1012102,1012-1/02,Abate de pequenos animais,14.05,"14.05 - Restauração, recondicionamento, acondicionamento, pintura, beneficiamento, lavagem, secagem, tingimento, galvanoplastia,
 anodização, corte, recorte, plastificação, costura, acabamento, polimento e congêneres de objetos quaisquer."
1012103,1012-1/03,Frigorífico - abate de suínos,14.05,"14.05 - Restauração, recondicionamento, acondicionamento, pintura, beneficiamento, lavagem, secagem, tingimento, galvanoplastia,
 anodização, corte, recorte, plastificação, costura, acabamento, polimento e congêneres de objetos quaisquer."
1012104,1012-1/04,Matadouro - abate de suínos sob contrato,14.05,"14.05 - Restauração, recondicionamento, acondicionamento, pintura, beneficiamento, lavagem, secagem, tingimento, galvanoplastia,
 anodização, corte, recorte, plastificação, costura, acabamento, polimento e congêneres de objetos quaisquer."
1069400,1069-4/00,Moagem e fabricação de produtos de origem vegetal não especificados anteriormente,14.05,"14.05 - Restauração, recondicionamento, acondicionamento, pintura, beneficiamento, lavagem, secagem, tingimento, galvanoplastia,
 anodização, corte, recorte, plastificação, costura, acabamento, polimento e congêneres de objetos quaisquer."
1081301,1081-3/01,Beneficiamento de café,14.05,"14.05 - Restauração, recondicionamento, acondicionamento, pintura, beneficiamento, lavagem, secagem, tingimento, galvanoplastia,
 anodização, corte, recorte, plastificação, costura, acabamento, polimento e congêneres de objetos quaisquer."
1081302,1081-3/02,Torrefação e moagem de café,14.05,"14.05 - Restauração, recondicionamento, acondicionamento, pintura, beneficiamento, lavagem, secagem, tingimento, galvanoplastia,
 anodização, corte, recorte, plastificação, costura, acabamento, polimento e congêneres de objetos quaisquer."
1096100,1096-1/00,Fabricação de alimentos e pratos prontos,14.05,"14.05 - Restauração, recondicionamento, acondicionamento, pintura, beneficiamento, lavagem, secagem, tingimento, galvanoplastia,
 anodização, corte, recorte, plastificação, costura, acabamento, polimento e congêneres de objetos quaisquer."
1340501,1340-5/01,"Estamparia e texturização em fios, tecidos, artefatos têxteis e peças do vestuário",14.05,"14.05 - Restauração, recondicionamento, acondicionamento, pintura, beneficiamento, lavagem, secagem, tingimento, galvanoplastia,
 anodização, corte, recorte, plastificação, costura, acabamento, polimento e congêneres de objetos quaisquer."
1340502,1340-5/02,"Alvejamento, tingimento e torção em fios, tecidos, artefatos têxteis e peças do vestuário",14.05,"14.05 - Restauração, recondicionamento, acondicionamento, pintura, beneficiamento, lavagem, secagem, tingimento, galvanoplastia,
 anodização, corte, recorte, plastificação, costura, acabamento, polimento e congêneres de objetos quaisquer."
1340599,1340-5/99,"Outros serviços de acabamento em fios, tecidos, artefatos têxteis e peças do vestuário",14.05,"14.05 - Restauração, recondicionamento, acondicionamento, pintura, beneficiamento, lavagem, secagem, tingimento, galvanoplastia,
 anodização, corte, recorte, plastificação, costura, acabamento, polimento e congêneres de objetos quaisquer."
1351100,1351-1/00,Fabricação de artefatos têxteis para uso doméstico,14.05,"14.05 - Restauração, recondicionamento, acondicionamento, pintura, beneficiamento, lavagem, secagem, tingimento, galvanoplastia,
 anodização, corte, recorte, plastificação, costura, acabamento, polimento e congêneres de objetos quaisquer."
1531902,1531-9/02,Acabamento de calçados de couro sob contrato,14.05,"14.05 - Restauração, recondicionamento, acondicionamento, pintura, beneficiamento, lavagem, secagem, tingimento, galvanoplastia,
 anodização, corte, recorte, plastificação, costura, acabamento, polimento e congêneres de objetos quaisquer."
1610205,1610-2/05,Serviço de tratamento de madeira realizado sob contrato,14.05,"14.05 - Restauração, recondicionamento, acondicionamento, pintura, beneficiamento, lavagem, secagem, tingimento, galvanoplastia,
 anodização, corte, recorte, plastificação, costura, acabamento, polimento e congêneres de objetos quaisquer."
2391503,2391-5/03,"Aparelhamento de placas e execução de trabalhos em mármore, granito, ardósia e outras pedras",14.05,"14.05 - Restauração, recondicionamento, acondicionamento, pintura, beneficiamento, lavagem, secagem, tingimento, galvanoplastia,
 anodização, corte, recorte, plastificação, costura, acabamento, polimento e congêneres de objetos quaisquer."
2399101,2399-1/01,"Decoração, lapidação, gravação, vitrificação e outros trabalhos em cerâmica, louça, vidro e cristal",14.05,"14.05 - Restauração, recondicionamento, acondicionamento, pintura, beneficiamento, lavagem, secagem, tingimento, galvanoplastia,
 anodização, corte, recorte, plastificação, costura, acabamento, polimento e congêneres de objetos quaisquer."
2399102,2399-1/02,Fabricação de abrasivos,14.05,"14.05 - Restauração, recondicionamento, acondicionamento, pintura, beneficiamento, lavagem, secagem, tingimento, galvanoplastia,
 anodização, corte, recorte, plastificação, costura, acabamento, polimento e congêneres de objetos quaisquer."
2511000,2511-0/00,Fabricação de estruturas metálicas,14.05,"14.05 - Restauração, recondicionamento, acondicionamento, pintura, beneficiamento, lavagem, secagem, tingimento, galvanoplastia,
 anodização, corte, recorte, plastificação, costura, acabamento, polimento e congêneres de objetos quaisquer."
2539001,2539-0/01,"Serviços de usinagem, tornearia e solda",14.05,"14.05 - Restauração, recondicionamento, acondicionamento, pintura, beneficiamento, lavagem, secagem, tingimento, galvanoplastia,
 anodização, corte, recorte, plastificação, costura, acabamento, polimento e congêneres de objetos quaisquer."
2539002,2539-0/02,Serviços de tratamento e revestimento em metais,14.05,"14.05 - Restauração, recondicionamento, acondicionamento, pintura, beneficiamento, lavagem, secagem, tingimento, galvanoplastia,
 anodização, corte, recorte, plastificação, costura, acabamento, polimento e congêneres de objetos quaisquer."
2592601,2592-6/01,Fabricação de produtos de trefilados de metal padronizados,14.05,"14.05 - Restauração, recondicionamento, acondicionamento, pintura, beneficiamento, lavagem, secagem, tingimento, galvanoplastia,
 anodização, corte, recorte, plastificação, costura, acabamento, polimento e congêneres de objetos quaisquer."
2599301,2599-3/01,Serviços de confecção de armações metálicas para a construção,14.05,"14.05 - Restauração, recondicionamento, acondicionamento, pintura, beneficiamento, lavagem, secagem, tingimento, galvanoplastia,
 anodização, corte, recorte, plastificação, costura, acabamento, polimento e congêneres de objetos quaisquer."
2599302,2599-3/02,Serviço de corte e dobra de metais,14.05,"14.05 - Restauração, recondicionamento, acondicionamento, pintura, beneficiamento, lavagem, secagem, tingimento, galvanoplastia,
 anodização, corte, recorte, plastificação, costura, acabamento, polimento e congêneres de objetos quaisquer."
2722802,2722-8/02,Recondicionamento de baterias e acumuladores para veículos automotores,14.05,"14.05 - Restauração, recondicionamento, acondicionamento, pintura, beneficiamento, lavagem, secagem, tingimento, galvanoplastia,
 anodização, corte, recorte, plastificação, costura, acabamento, polimento e congêneres de objetos quaisquer."
3299005,3299-0/05,Fabricação de aviamentos para costura,14.05,"14.05 - Restauração, recondicionamento, acondicionamento, pintura, beneficiamento, lavagem, secagem, tingimento, galvanoplastia,
 anodização, corte, recorte, plastificação, costura, acabamento, polimento e congêneres de objetos quaisquer."
3313999,3313-9/99,"Manutenção e reparação de máquinas, aparelhos e materiais elétricos não especificados anteriormente",14.05,"14.05 - Restauração, recondicionamento, acondicionamento, pintura, beneficiamento, lavagem, secagem, tingimento, galvanoplastia,
 anodização, corte, recorte, plastificação, costura, acabamento, polimento e congêneres de objetos quaisquer."
3314711,3314-7/11,Manutenção e reparação de máquinas e equipamentos para agricultura e pecuária,14.05,"14.05 - Restauração, recondicionamento, acondicionamento, pintura, beneficiamento, lavagem, secagem, tingimento, galvanoplastia,
 anodização, corte, recorte, plastificação, costura, acabamento, polimento e congêneres de objetos quaisquer."
3314799,3314-7/99,Manutenção e reparação de outras máquinas e equipamentos para usos industriais não especificados anteriormente,14.05,"14.05 - Restauração, recondicionamento, acondicionamento, pintura, beneficiamento, lavagem, secagem, tingimento, galvanoplastia,
 anodização, corte, recorte, plastificação, costura, acabamento, polimento e congêneres de objetos quaisquer."
3831999,3831-9/99,"Recuperação de materiais metálicos, exceto alumínio",14.05,"14.05 - Restauração, recondicionamento, acondicionamento, pintura, beneficiamento, lavagem, secagem, tingimento, galvanoplastia,
 anodização, corte, recorte, plastificação, costura, acabamento, polimento e congêneres de objetos quaisquer."
3839499,3839-4/99,Recuperação de materiais não especificados anteriormente,14.05,"14.05 - Restauração, recondicionamento, acondicionamento, pintura, beneficiamento, lavagem, secagem, tingimento, galvanoplastia,
 anodização, corte, recorte, plastificação, costura, acabamento, polimento e congêneres de objetos quaisquer."
4520002,4520-0/02,Serviços de lanternagem ou funilaria e pintura de veículos automotores,14.05,"14.05 - Restauração, recondicionamento, acondicionamento, pintura, beneficiamento, lavagem, secagem, tingimento, galvanoplastia,
 anodização, corte, recorte, plastificação, costura, acabamento, polimento e congêneres de objetos quaisquer."
4520005,4520-0/05,"Serviços de lavagem, lubrificação e polimento de veículos automotores",14.05,"14.05 - Restauração, recondicionamento, acondicionamento, pintura, beneficiamento, lavagem, secagem, tingimento, galvanoplastia,
 anodização, corte, recorte, plastificação, costura, acabamento, polimento e congêneres de objetos quaisquer."
8292000,8292-0/00,Envasamento e empacotamento sob contrato,14.05,"14.05 - Restauração, recondicionamento, acondicionamento, pintura, beneficiamento, lavagem, secagem, tingimento, galvanoplastia,
 anodização, corte, recorte, plastificação, costura, acabamento, polimento e congêneres de objetos quaisquer."
9002702,9002-7/02,Restauração de obras de arte,14.05,"14.05 - Restauração, recondicionamento, acondicionamento, pintura, beneficiamento, lavagem, secagem, tingimento, galvanoplastia,
 anodização, corte, recorte, plastificação, costura, acabamento, polimento e congêneres de objetos quaisquer."
9529101,9529-1/01,"Reparação de calçados, bolsas e artigos de viagem",14.05,"14.05 - Restauração, recondicionamento, acondicionamento, pintura, beneficiamento, lavagem, secagem, tingimento, galvanoplastia,
 anodização, corte, recorte, plastificação, costura, acabamento, polimento e congêneres de objetos quaisquer."
9529103,9529-1/03,Reparação de relógios,14.05,"14.05 - Restauração, recondicionamento, acondicionamento, pintura, beneficiamento, lavagem, secagem, tingimento, galvanoplastia,
 anodização, corte, recorte, plastificação, costura, acabamento, polimento e congêneres de objetos quaisquer."
9529105,9529-1/05,Reparação de artigos do mobiliário,14.05,"14.05 - Restauração, recondicionamento, acondicionamento, pintura, beneficiamento, lavagem, secagem, tingimento, galvanoplastia,
 anodização, corte, recorte, plastificação, costura, acabamento, polimento e congêneres de objetos quaisquer."
9529106,9529-1/06,Reparação de jóias,14.05,"14.05 - Restauração, recondicionamento, acondicionamento, pintura, beneficiamento, lavagem, secagem, tingimento, galvanoplastia,
 anodização, corte, recorte, plastificação, costura, acabamento, polimento e congêneres de objetos quaisquer."
9529199,9529-1/99,Reparação e manutenção de outros objetos e equipamentos pessoais e domésticos não especificados anteriormente,14.05,"14.05 - Restauração, recondicionamento, acondicionamento, pintura, beneficiamento, lavagem, secagem, tingimento, galvanoplastia,
 anodização, corte, recorte, plastificação, costura, acabamento, polimento e congêneres de objetos quaisquer."
2513600,2513-6/00,Fabricação de obras de caldeiraria pesada,14.06,"14.06 - Instalação e montagem de aparelhos, máquinas e equipamentos, inclusive montagem industrial, prestados ao usuário final,
 exclusivamente com material por ele fornecido."
2521700,2521-7/00,"Fabricação de tanques, reservatórios metálicos e caldeiras para aquecimento central",14.06,"14.06 - Instalação e montagem de aparelhos, máquinas e equipamentos, inclusive montagem industrial, prestados ao usuário final,
 exclusivamente com material por ele fornecido."
3313999,3313-9/99,"Manutenção e reparação de máquinas, aparelhos e materiais elétricos não especificados anteriormente",14.06,"14.06 - Instalação e montagem de aparelhos, máquinas e equipamentos, inclusive montagem industrial, prestados ao usuário final,
 exclusivamente com material por ele fornecido."
3314799,3314-7/99,Manutenção e reparação de outras máquinas e equipamentos para usos industriais não especificados anteriormente,14.06,"14.06 - Instalação e montagem de aparelhos, máquinas e equipamentos, inclusive montagem industrial, prestados ao usuário final,
 exclusivamente com material por ele fornecido."
3321000,3321-0/00,Instalação de máquinas e equipamentos industriais,14.06,"14.06 - Instalação e montagem de aparelhos, máquinas e equipamentos, inclusive montagem industrial, prestados ao usuário final,
 exclusivamente com material por ele fornecido."
3329501,3329-5/01,Serviços de montagem de móveis de qualquer material,14.06,"14.06 - Instalação e montagem de aparelhos, máquinas e equipamentos, inclusive montagem industrial, prestados ao usuário final,
 exclusivamente com material por ele fornecido."
3329599,3329-5/99,Instalação de outros equipamentos não especificados anteriormente,14.06,"14.06 - Instalação e montagem de aparelhos, máquinas e equipamentos, inclusive montagem industrial, prestados ao usuário final,
 exclusivamente com material por ele fornecido."
4292801,4292-8/01,Montagem de estruturas metálicas,14.06,"14.06 - Instalação e montagem de aparelhos, máquinas e equipamentos, inclusive montagem industrial, prestados ao usuário final,
 exclusivamente com material por ele fornecido."
4292802,4292-8/02,Obras de montagem industrial,14.06,"14.06 - Instalação e montagem de aparelhos, máquinas e equipamentos, inclusive montagem industrial, prestados ao usuário final,
 exclusivamente com material por ele fornecido."
4322302,4322-3/02,"Instalação e manutenção de sistemas centrais de ar condicionado, de ventilação e refrigeração",14.06,"14.06 - Instalação e montagem de aparelhos, máquinas e equipamentos, inclusive montagem industrial, prestados ao usuário final,
 exclusivamente com material por ele fornecido."
4329101,4329-1/01,Instalação de painéis publicitários,14.06,"14.06 - Instalação e montagem de aparelhos, máquinas e equipamentos, inclusive montagem industrial, prestados ao usuário final,
 exclusivamente com material por ele fornecido."
4329102,4329-1/02,"Instalação de equipamentos para orientação à navegação marítima, fluvial e lacustre",14.06,"14.06 - Instalação e montagem de aparelhos, máquinas e equipamentos, inclusive montagem industrial, prestados ao usuário final,
 exclusivamente com material por ele fornecido."
4329103,4329-1/03,"Instalação, manutenção e reparação de elevadores, escadas e esteiras rolantes",14.06,"14.06 - Instalação e montagem de aparelhos, máquinas e equipamentos, inclusive montagem industrial, prestados ao usuário final,
 exclusivamente com material por ele fornecido."
4329199,4329-1/99,Outras obras de instalações em construções não especificadas anteriormente,14.06,"14.06 - Instalação e montagem de aparelhos, máquinas e equipamentos, inclusive montagem industrial, prestados ao usuário final,
 exclusivamente com material por ele fornecido."
4330402,4330-4/02,"Instalação de portas, janelas, tetos, divisórias e armários embutidos de qualquer material",14.06,"14.06 - Instalação e montagem de aparelhos, máquinas e equipamentos, inclusive montagem industrial, prestados ao usuário final,
 exclusivamente com material por ele fornecido."
4399102,4399-1/02,Montagem e desmontagem de andaimes e outras estruturas temporárias,14.06,"14.06 - Instalação e montagem de aparelhos, máquinas e equipamentos, inclusive montagem industrial, prestados ao usuário final,
 exclusivamente com material por ele fornecido."
4520007,4520-0/07,"Serviços de instalação, manutenção e reparação de acessórios para veículos automotores",14.06,"14.06 - Instalação e montagem de aparelhos, máquinas e equipamentos, inclusive montagem industrial, prestados ao usuário final,
 exclusivamente com material por ele fornecido."
9529199,9529-1/99,Reparação e manutenção de outros objetos e equipamentos pessoais e domésticos não especificados anteriormente,14.06,"14.06 - Instalação e montagem de aparelhos, máquinas e equipamentos, inclusive montagem industrial, prestados ao usuário final,
 exclusivamente com material por ele fornecido."
2513600,2513-6/00,Fabricação de obras de caldeiraria pesada,14.07,14.07 - Colocação de molduras e congêneres.
2521700,2521-7/00,"Fabricação de tanques, reservatórios metálicos e caldeiras para aquecimento central",14.07,14.07 - Colocação de molduras e congêneres.
4329101,4329-1/01,Instalação de painéis publicitários,14.07,14.07 - Colocação de molduras e congêneres.
1822901,1822-9/01,Serviços de encadernação e plastificação,14.08,"14.08 - Encadernação, gravação e douração de livros, revistas e congêneres."
1822999,1822-9/99,"Serviços de acabamentos gráficos, exceto encadernação e plastificação",14.08,"14.08 - Encadernação, gravação e douração de livros, revistas e congêneres."
1340501,1340-5/01,"Estamparia e texturização em fios, tecidos, artefatos têxteis e peças do vestuário",14.09,"14.09 - Alfaiataria e costura, quando o material for fornecido pelo usuário final, exceto aviamento."
1340599,1340-5/99,"Outros serviços de acabamento em fios, tecidos, artefatos têxteis e peças do vestuário",14.09,"14.09 - Alfaiataria e costura, quando o material for fornecido pelo usuário final, exceto aviamento."
1412602,1412-6/02,"Confecção, sob medida, de peças do vestuário, exceto roupas íntimas",14.09,"14.09 - Alfaiataria e costura, quando o material for fornecido pelo usuário final, exceto aviamento."
1412603,1412-6/03,"Facção de peças do vestuário, exceto roupas íntimas",14.09,"14.09 - Alfaiataria e costura, quando o material for fornecido pelo usuário final, exceto aviamento."
1413402,1413-4/02,"Confecção, sob medida, de roupas profissionais",14.09,"14.09 - Alfaiataria e costura, quando o material for fornecido pelo usuário final, exceto aviamento."
1531902,1531-9/02,Acabamento de calçados de couro sob contrato,14.09,"14.09 - Alfaiataria e costura, quando o material for fornecido pelo usuário final, exceto aviamento."
9529199,9529-1/99,Reparação e manutenção de outros objetos e equipamentos pessoais e domésticos não especificados anteriormente,14.09,"14.09 - Alfaiataria e costura, quando o material for fornecido pelo usuário final, exceto aviamento."
1340501,1340-5/01,"Estamparia e texturização em fios, tecidos, artefatos têxteis e peças do vestuário",14.10,14.10 - Tinturaria e lavanderia.
1340502,1340-5/02,"Alvejamento, tingimento e torção em fios, tecidos, artefatos têxteis e peças do vestuário",14.10,14.10 - Tinturaria e lavanderia.
1340599,1340-5/99,"Outros serviços de acabamento em fios, tecidos, artefatos têxteis e peças do vestuário",14.10,14.10 - Tinturaria e lavanderia.
1412602,1412-6/02,"Confecção, sob medida, de peças do vestuário, exceto roupas íntimas",14.10,14.10 - Tinturaria e lavanderia.
1412603,1412-6/03,"Facção de peças do vestuário, exceto roupas íntimas",14.10,14.10 - Tinturaria e lavanderia.
1413402,1413-4/02,"Confecção, sob medida, de roupas profissionais",14.10,14.10 - Tinturaria e lavanderia.
9529199,9529-1/99,Reparação e manutenção de outros objetos e equipamentos pessoais e domésticos não especificados anteriormente,14.10,14.10 - Tinturaria e lavanderia.
9601701,9601-7/01,Lavanderias,14.10,14.10 - Tinturaria e lavanderia.
9601702,9601-7/02,Tinturarias,14.10,14.10 - Tinturaria e lavanderia.
9601703,9601-7/03,Toalheiros,14.10,14.10 - Tinturaria e lavanderia.
1340599,1340-5/99,"Outros serviços de acabamento em fios, tecidos, artefatos têxteis e peças do vestuário",14.11,14.11 - Tapeçaria e reforma de estofamentos em geral.
4520008,4520-0/08,Serviços de capotaria,14.11,14.11 - Tapeçaria e reforma de estofamentos em geral.
9529199,9529-1/99,Reparação e manutenção de outros objetos e equipamentos pessoais e domésticos não especificados anteriormente,14.11,14.11 - Tapeçaria e reforma de estofamentos em geral.
3831999,3831-9/99,"Recuperação de materiais metálicos, exceto alumínio",14.12,14.12 - Funilaria e lanternagem.
4520002,4520-0/02,Serviços de lanternagem ou funilaria e pintura de veículos automotores,14.12,14.12 - Funilaria e lanternagem.
9529199,9529-1/99,Reparação e manutenção de outros objetos e equipamentos pessoais e domésticos não especificados anteriormente,14.12,14.12 - Funilaria e lanternagem.
1610205,1610-2/05,Serviço de tratamento de madeira realizado sob contrato,14.13,14.13 - Carpintaria e serralheria.
2542000,2542-0/00,"Fabricação de artigos de serralheria, exceto esquadrias",14.13,14.13 - Carpintaria e serralheria.
4330402,4330-4/02,"Instalação de portas, janelas, tetos, divisórias e armários embutidos de qualquer material",14.13,14.13 - Carpintaria e serralheria.
9529199,9529-1/99,Reparação e manutenção de outros objetos e equipamentos pessoais e domésticos não especificados anteriormente,14.13,14.13 - Carpintaria e serralheria.
4399104,4399-1/04,Serviços de operação e fornecimento de equipamentos para transporte e elevação de cargas e pessoas para uso em obras,14.14,"14.14 - Guincho intramunicipal, guindaste e içamento."
5030103,5030-1/03,Serviço de rebocadores e empurradores,14.14,"14.14 - Guincho intramunicipal, guindaste e içamento."
5212500,5212-5/00,Carga e descarga,14.14,"14.14 - Guincho intramunicipal, guindaste e içamento."
5229002,5229-0/02,Serviços de reboque de veículos,14.14,"14.14 - Guincho intramunicipal, guindaste e içamento."
6410700,6410-7/00,Banco Central,15.01,"15.01 - Administração de fundos quaisquer, de consórcio, de carteira de clientes, de cheques pré-datados e congêneres."
6421200,6421-2/00,Bancos comerciais,15.01,"15.01 - Administração de fundos quaisquer, de consórcio, de carteira de clientes, de cheques pré-datados e congêneres."
6422100,6422-1/00,"Bancos múltiplos, com carteira comercial",15.01,"15.01 - Administração de fundos quaisquer, de consórcio, de carteira de clientes, de cheques pré-datados e congêneres."
6423900,6423-9/00,Caixas econômicas,15.01,"15.01 - Administração de fundos quaisquer, de consórcio, de carteira de clientes, de cheques pré-datados e congêneres."
6424701,6424-7/01,Bancos cooperativos,15.01,"15.01 - Administração de fundos quaisquer, de consórcio, de carteira de clientes, de cheques pré-datados e congêneres."
6424702,6424-7/02,Cooperativas centrais de crédito,15.01,"15.01 - Administração de fundos quaisquer, de consórcio, de carteira de clientes, de cheques pré-datados e congêneres."
6424703,6424-7/03,Cooperativas de crédito mútuo,15.01,"15.01 - Administração de fundos quaisquer, de consórcio, de carteira de clientes, de cheques pré-datados e congêneres."
6424704,6424-7/04,Cooperativas de crédito rural,15.01,"15.01 - Administração de fundos quaisquer, de consórcio, de carteira de clientes, de cheques pré-datados e congêneres."
6431000,6431-0/00,"Bancos múltiplos, sem carteira comercial",15.01,"15.01 - Administração de fundos quaisquer, de consórcio, de carteira de clientes, de cheques pré-datados e congêneres."
6432800,6432-8/00,Bancos de investimento,15.01,"15.01 - Administração de fundos quaisquer, de consórcio, de carteira de clientes, de cheques pré-datados e congêneres."
6433600,6433-6/00,Bancos de desenvolvimento,15.01,"15.01 - Administração de fundos quaisquer, de consórcio, de carteira de clientes, de cheques pré-datados e congêneres."
6434400,6434-4/00,Agências de fomento,15.01,"15.01 - Administração de fundos quaisquer, de consórcio, de carteira de clientes, de cheques pré-datados e congêneres."
6435201,6435-2/01,Sociedades de crédito imobiliário,15.01,"15.01 - Administração de fundos quaisquer, de consórcio, de carteira de clientes, de cheques pré-datados e congêneres."
6435202,6435-2/02,Associações de poupança e empréstimo,15.01,"15.01 - Administração de fundos quaisquer, de consórcio, de carteira de clientes, de cheques pré-datados e congêneres."
6435203,6435-2/03,Companhias hipotecárias,15.01,"15.01 - Administração de fundos quaisquer, de consórcio, de carteira de clientes, de cheques pré-datados e congêneres."
6436100,6436-1/00,"Sociedades de crédito, financiamento e investimento - financeiras",15.01,"15.01 - Administração de fundos quaisquer, de consórcio, de carteira de clientes, de cheques pré-datados e congêneres."
6437900,6437-9/00,Sociedades de crédito ao microempreendedor,15.01,"15.01 - Administração de fundos quaisquer, de consórcio, de carteira de clientes, de cheques pré-datados e congêneres."
6470101,6470-1/01,"Fundos de investimento, exceto previdenciários e imobiliários",15.01,"15.01 - Administração de fundos quaisquer, de consórcio, de carteira de clientes, de cheques pré-datados e congêneres."
6470102,6470-1/02,Fundos de investimento previdenciários,15.01,"15.01 - Administração de fundos quaisquer, de consórcio, de carteira de clientes, de cheques pré-datados e congêneres."
6470103,6470-1/03,Fundos de investimento imobiliários,15.01,"15.01 - Administração de fundos quaisquer, de consórcio, de carteira de clientes, de cheques pré-datados e congêneres."
6493000,6493-0/00,Administração de consórcios para aquisição de bens e direitos,15.01,"15.01 - Administração de fundos quaisquer, de consórcio, de carteira de clientes, de cheques pré-datados e congêneres."
6499901,6499-9/01,Clubes de investimento,15.01,"15.01 - Administração de fundos quaisquer, de consórcio, de carteira de clientes, de cheques pré-datados e congêneres."
6499902,6499-9/02,Sociedades de investimento,15.01,"15.01 - Administração de fundos quaisquer, de consórcio, de carteira de clientes, de cheques pré-datados e congêneres."
6499903,6499-9/03,Fundo garantidor de crédito,15.01,"15.01 - Administração de fundos quaisquer, de consórcio, de carteira de clientes, de cheques pré-datados e congêneres."
6499905,6499-9/05,Concessão de crédito pelas OSCIP,15.01,"15.01 - Administração de fundos quaisquer, de consórcio, de carteira de clientes, de cheques pré-datados e congêneres."
6613400,6613-4/00,Administração de cartões de crédito,15.01,"15.01 - Administração de fundos quaisquer, de consórcio, de carteira de clientes, de cheques pré-datados e congêneres."
6619305,6619-3/05,Operadoras de cartões de débito,15.01,"15.01 - Administração de fundos quaisquer, de consórcio, de carteira de clientes, de cheques pré-datados e congêneres."
6619399,6619-3/99,Outras atividades auxiliares dos serviços financeiros não especificadas anteriormente,15.01,"15.01 - Administração de fundos quaisquer, de consórcio, de carteira de clientes, de cheques pré-datados e congêneres."
6630400,6630-4/00,Atividades de administração de fundos por contrato ou comissão,15.01,"15.01 - Administração de fundos quaisquer, de consórcio, de carteira de clientes, de cheques pré-datados e congêneres."
6410700,6410-7/00,Banco Central,15.02,"15.02 - Abertura de contas em geral, inclusive conta - corrente, conta de investimentos e aplicação e caderneta de poupança, no País e no
 exterior, bem como a manutenção das referidas contas ativas e inativas."
6421200,6421-2/00,Bancos comerciais,15.02,"15.02 - Abertura de contas em geral, inclusive conta - corrente, conta de investimentos e aplicação e caderneta de poupança, no País e no
 exterior, bem como a manutenção das referidas contas ativas e inativas."
6422100,6422-1/00,"Bancos múltiplos, com carteira comercial",15.02,"15.02 - Abertura de contas em geral, inclusive conta - corrente, conta de investimentos e aplicação e caderneta de poupança, no País e no
 exterior, bem como a manutenção das referidas contas ativas e inativas."
6423900,6423-9/00,Caixas econômicas,15.02,"15.02 - Abertura de contas em geral, inclusive conta - corrente, conta de investimentos e aplicação e caderneta de poupança, no País e no
 exterior, bem como a manutenção das referidas contas ativas e inativas."
6424701,6424-7/01,Bancos cooperativos,15.02,"15.02 - Abertura de contas em geral, inclusive conta - corrente, conta de investimentos e aplicação e caderneta de poupança, no País e no
 exterior, bem como a manutenção das referidas contas ativas e inativas."
6424702,6424-7/02,Cooperativas centrais de crédito,15.02,"15.02 - Abertura de contas em geral, inclusive conta - corrente, conta de investimentos e aplicação e caderneta de poupança, no País e no
 exterior, bem como a manutenção das referidas contas ativas e inativas."
6424703,6424-7/03,Cooperativas de crédito mútuo,15.02,"15.02 - Abertura de contas em geral, inclusive conta - corrente, conta de investimentos e aplicação e caderneta de poupança, no País e no
 exterior, bem como a manutenção das referidas contas ativas e inativas."
6424704,6424-7/04,Cooperativas de crédito rural,15.02,"15.02 - Abertura de contas em geral, inclusive conta - corrente, conta de investimentos e aplicação e caderneta de poupança, no País e no
 exterior, bem como a manutenção das referidas contas ativas e inativas."
6431000,6431-0/00,"Bancos múltiplos, sem carteira comercial",15.02,"15.02 - Abertura de contas em geral, inclusive conta - corrente, conta de investimentos e aplicação e caderneta de poupança, no País e no
 exterior, bem como a manutenção das referidas contas ativas e inativas."
6432800,6432-8/00,Bancos de investimento,15.02,"15.02 - Abertura de contas em geral, inclusive conta - corrente, conta de investimentos e aplicação e caderneta de poupança, no País e no
 exterior, bem como a manutenção das referidas contas ativas e inativas."
6433600,6433-6/00,Bancos de desenvolvimento,15.02,"15.02 - Abertura de contas em geral, inclusive conta - corrente, conta de investimentos e aplicação e caderneta de poupança, no País e no
 exterior, bem como a manutenção das referidas contas ativas e inativas."
6434400,6434-4/00,Agências de fomento,15.02,"15.02 - Abertura de contas em geral, inclusive conta - corrente, conta de investimentos e aplicação e caderneta de poupança, no País e no
 exterior, bem como a manutenção das referidas contas ativas e inativas."
6435201,6435-2/01,Sociedades de crédito imobiliário,15.02,"15.02 - Abertura de contas em geral, inclusive conta - corrente, conta de investimentos e aplicação e caderneta de poupança, no País e no
 exterior, bem como a manutenção das referidas contas ativas e inativas."
6435202,6435-2/02,Associações de poupança e empréstimo,15.02,"15.02 - Abertura de contas em geral, inclusive conta - corrente, conta de investimentos e aplicação e caderneta de poupança, no País e no
 exterior, bem como a manutenção das referidas contas ativas e inativas."
6435203,6435-2/03,Companhias hipotecárias,15.02,"15.02 - Abertura de contas em geral, inclusive conta - corrente, conta de investimentos e aplicação e caderneta de poupança, no País e no
 exterior, bem como a manutenção das referidas contas ativas e inativas."
6436100,6436-1/00,"Sociedades de crédito, financiamento e investimento - financeiras",15.02,"15.02 - Abertura de contas em geral, inclusive conta - corrente, conta de investimentos e aplicação e caderneta de poupança, no País e no
 exterior, bem como a manutenção das referidas contas ativas e inativas."
6437900,6437-9/00,Sociedades de crédito ao microempreendedor,15.02,"15.02 - Abertura de contas em geral, inclusive conta - corrente, conta de investimentos e aplicação e caderneta de poupança, no País e no
 exterior, bem como a manutenção das referidas contas ativas e inativas."
6438701,6438-7/01,Bancos de câmbio,15.02,"15.02 - Abertura de contas em geral, inclusive conta - corrente, conta de investimentos e aplicação e caderneta de poupança, no País e no
 exterior, bem como a manutenção das referidas contas ativas e inativas."
6450600,6450-6/00,Sociedades de capitalização,15.02,"15.02 - Abertura de contas em geral, inclusive conta - corrente, conta de investimentos e aplicação e caderneta de poupança, no País e no
 exterior, bem como a manutenção das referidas contas ativas e inativas."
6499901,6499-9/01,Clubes de investimento,15.02,"15.02 - Abertura de contas em geral, inclusive conta - corrente, conta de investimentos e aplicação e caderneta de poupança, no País e no
 exterior, bem como a manutenção das referidas contas ativas e inativas."
6499902,6499-9/02,Sociedades de investimento,15.02,"15.02 - Abertura de contas em geral, inclusive conta - corrente, conta de investimentos e aplicação e caderneta de poupança, no País e no
 exterior, bem como a manutenção das referidas contas ativas e inativas."
6499904,6499-9/04,Caixas de financiamento de corporações,15.02,"15.02 - Abertura de contas em geral, inclusive conta - corrente, conta de investimentos e aplicação e caderneta de poupança, no País e no
 exterior, bem como a manutenção das referidas contas ativas e inativas."
6499999,6499-9/99,Outras atividades de serviços financeiros não especificadas anteriormente,15.02,"15.02 - Abertura de contas em geral, inclusive conta - corrente, conta de investimentos e aplicação e caderneta de poupança, no País e no
 exterior, bem como a manutenção das referidas contas ativas e inativas."
6612603,6612-6/03,Corretoras de câmbio,15.02,"15.02 - Abertura de contas em geral, inclusive conta - corrente, conta de investimentos e aplicação e caderneta de poupança, no País e no
 exterior, bem como a manutenção das referidas contas ativas e inativas."
6619399,6619-3/99,Outras atividades auxiliares dos serviços financeiros não especificadas anteriormente,15.02,"15.02 - Abertura de contas em geral, inclusive conta - corrente, conta de investimentos e aplicação e caderneta de poupança, no País e no
 exterior, bem como a manutenção das referidas contas ativas e inativas."
6410700,6410-7/00,Banco Central,15.03,"15.03 - Locação e manutenção de cofres particulares, de terminais eletrônicos, de terminais de atendimento e de bens e equipamentos em geral."
6421200,6421-2/00,Bancos comerciais,15.03,"15.03 - Locação e manutenção de cofres particulares, de terminais eletrônicos, de terminais de atendimento e de bens e equipamentos em geral."
6422100,6422-1/00,"Bancos múltiplos, com carteira comercial",15.03,"15.03 - Locação e manutenção de cofres particulares, de terminais eletrônicos, de terminais de atendimento e de bens e equipamentos em geral."
6423900,6423-9/00,Caixas econômicas,15.03,"15.03 - Locação e manutenção de cofres particulares, de terminais eletrônicos, de terminais de atendimento e de bens e equipamentos em geral."
6424701,6424-7/01,Bancos cooperativos,15.03,"15.03 - Locação e manutenção de cofres particulares, de terminais eletrônicos, de terminais de atendimento e de bens e equipamentos em geral."
6424702,6424-7/02,Cooperativas centrais de crédito,15.03,"15.03 - Locação e manutenção de cofres particulares, de terminais eletrônicos, de terminais de atendimento e de bens e equipamentos em geral."
6424703,6424-7/03,Cooperativas de crédito mútuo,15.03,"15.03 - Locação e manutenção de cofres particulares, de terminais eletrônicos, de terminais de atendimento e de bens e equipamentos em geral."
6424704,6424-7/04,Cooperativas de crédito rural,15.03,"15.03 - Locação e manutenção de cofres particulares, de terminais eletrônicos, de terminais de atendimento e de bens e equipamentos em geral."
6431000,6431-0/00,"Bancos múltiplos, sem carteira comercial",15.03,"15.03 - Locação e manutenção de cofres particulares, de terminais eletrônicos, de terminais de atendimento e de bens e equipamentos em geral."
6432800,6432-8/00,Bancos de investimento,15.03,"15.03 - Locação e manutenção de cofres particulares, de terminais eletrônicos, de terminais de atendimento e de bens e equipamentos em geral."
6433600,6433-6/00,Bancos de desenvolvimento,15.03,"15.03 - Locação e manutenção de cofres particulares, de terminais eletrônicos, de terminais de atendimento e de bens e equipamentos em geral."
6435201,6435-2/01,Sociedades de crédito imobiliário,15.03,"15.03 - Locação e manutenção de cofres particulares, de terminais eletrônicos, de terminais de atendimento e de bens e equipamentos em geral."
6435202,6435-2/02,Associações de poupança e empréstimo,15.03,"15.03 - Locação e manutenção de cofres particulares, de terminais eletrônicos, de terminais de atendimento e de bens e equipamentos em geral."
6435203,6435-2/03,Companhias hipotecárias,15.03,"15.03 - Locação e manutenção de cofres particulares, de terminais eletrônicos, de terminais de atendimento e de bens e equipamentos em geral."
6436100,6436-1/00,"Sociedades de crédito, financiamento e investimento - financeiras",15.03,"15.03 - Locação e manutenção de cofres particulares, de terminais eletrônicos, de terminais de atendimento e de bens e equipamentos em geral."
6437900,6437-9/00,Sociedades de crédito ao microempreendedor,15.03,"15.03 - Locação e manutenção de cofres particulares, de terminais eletrônicos, de terminais de atendimento e de bens e equipamentos em geral."
6499999,6499-9/99,Outras atividades de serviços financeiros não especificadas anteriormente,15.03,"15.03 - Locação e manutenção de cofres particulares, de terminais eletrônicos, de terminais de atendimento e de bens e equipamentos em geral."
6619399,6619-3/99,Outras atividades auxiliares dos serviços financeiros não especificadas anteriormente,15.03,"15.03 - Locação e manutenção de cofres particulares, de terminais eletrônicos, de terminais de atendimento e de bens e equipamentos em geral."
6410700,6410-7/00,Banco Central,15.04,"15.04 - Fornecimento ou emissão de atestados em geral, inclusive atestado de idoneidade, atestado de capacidade financeira e congêneres."
6421200,6421-2/00,Bancos comerciais,15.04,"15.04 - Fornecimento ou emissão de atestados em geral, inclusive atestado de idoneidade, atestado de capacidade financeira e congêneres."
6422100,6422-1/00,"Bancos múltiplos, com carteira comercial",15.04,"15.04 - Fornecimento ou emissão de atestados em geral, inclusive atestado de idoneidade, atestado de capacidade financeira e congêneres."
6423900,6423-9/00,Caixas econômicas,15.04,"15.04 - Fornecimento ou emissão de atestados em geral, inclusive atestado de idoneidade, atestado de capacidade financeira e congêneres."
6424701,6424-7/01,Bancos cooperativos,15.04,"15.04 - Fornecimento ou emissão de atestados em geral, inclusive atestado de idoneidade, atestado de capacidade financeira e congêneres."
6424702,6424-7/02,Cooperativas centrais de crédito,15.04,"15.04 - Fornecimento ou emissão de atestados em geral, inclusive atestado de idoneidade, atestado de capacidade financeira e congêneres."
6424703,6424-7/03,Cooperativas de crédito mútuo,15.04,"15.04 - Fornecimento ou emissão de atestados em geral, inclusive atestado de idoneidade, atestado de capacidade financeira e congêneres."
6424704,6424-7/04,Cooperativas de crédito rural,15.04,"15.04 - Fornecimento ou emissão de atestados em geral, inclusive atestado de idoneidade, atestado de capacidade financeira e congêneres."
6431000,6431-0/00,"Bancos múltiplos, sem carteira comercial",15.04,"15.04 - Fornecimento ou emissão de atestados em geral, inclusive atestado de idoneidade, atestado de capacidade financeira e congêneres."
6432800,6432-8/00,Bancos de investimento,15.04,"15.04 - Fornecimento ou emissão de atestados em geral, inclusive atestado de idoneidade, atestado de capacidade financeira e congêneres."
6433600,6433-6/00,Bancos de desenvolvimento,15.04,"15.04 - Fornecimento ou emissão de atestados em geral, inclusive atestado de idoneidade, atestado de capacidade financeira e congêneres."
6434400,6434-4/00,Agências de fomento,15.04,"15.04 - Fornecimento ou emissão de atestados em geral, inclusive atestado de idoneidade, atestado de capacidade financeira e congêneres."
6435201,6435-2/01,Sociedades de crédito imobiliário,15.04,"15.04 - Fornecimento ou emissão de atestados em geral, inclusive atestado de idoneidade, atestado de capacidade financeira e congêneres."
6435202,6435-2/02,Associações de poupança e empréstimo,15.04,"15.04 - Fornecimento ou emissão de atestados em geral, inclusive atestado de idoneidade, atestado de capacidade financeira e congêneres."
6435203,6435-2/03,Companhias hipotecárias,15.04,"15.04 - Fornecimento ou emissão de atestados em geral, inclusive atestado de idoneidade, atestado de capacidade financeira e congêneres."
6436100,6436-1/00,"Sociedades de crédito, financiamento e investimento - financeiras",15.04,"15.04 - Fornecimento ou emissão de atestados em geral, inclusive atestado de idoneidade, atestado de capacidade financeira e congêneres."
6437900,6437-9/00,Sociedades de crédito ao microempreendedor,15.04,"15.04 - Fornecimento ou emissão de atestados em geral, inclusive atestado de idoneidade, atestado de capacidade financeira e congêneres."
6438701,6438-7/01,Bancos de câmbio,15.04,"15.04 - Fornecimento ou emissão de atestados em geral, inclusive atestado de idoneidade, atestado de capacidade financeira e congêneres."
6450600,6450-6/00,Sociedades de capitalização,15.04,"15.04 - Fornecimento ou emissão de atestados em geral, inclusive atestado de idoneidade, atestado de capacidade financeira e congêneres."
6499901,6499-9/01,Clubes de investimento,15.04,"15.04 - Fornecimento ou emissão de atestados em geral, inclusive atestado de idoneidade, atestado de capacidade financeira e congêneres."
6499902,6499-9/02,Sociedades de investimento,15.04,"15.04 - Fornecimento ou emissão de atestados em geral, inclusive atestado de idoneidade, atestado de capacidade financeira e congêneres."
6499904,6499-9/04,Caixas de financiamento de corporações,15.04,"15.04 - Fornecimento ou emissão de atestados em geral, inclusive atestado de idoneidade, atestado de capacidade financeira e congêneres."
6499999,6499-9/99,Outras atividades de serviços financeiros não especificadas anteriormente,15.04,"15.04 - Fornecimento ou emissão de atestados em geral, inclusive atestado de idoneidade, atestado de capacidade financeira e congêneres."
6612603,6612-6/03,Corretoras de câmbio,15.04,"15.04 - Fornecimento ou emissão de atestados em geral, inclusive atestado de idoneidade, atestado de capacidade financeira e congêneres."
6619399,6619-3/99,Outras atividades auxiliares dos serviços financeiros não especificadas anteriormente,15.04,"15.04 - Fornecimento ou emissão de atestados em geral, inclusive atestado de idoneidade, atestado de capacidade financeira e congêneres."
6410700,6410-7/00,Banco Central,15.05,"15.05 - Cadastro, elaboração de ficha cadastral, renovação cadastral e congêneres, inclusão ou exclusão no Cadastro de Emitentes de Cheques
 sem Fundos - CCF ou em quaisquer outros bancos cadastrais."
6421200,6421-2/00,Bancos comerciais,15.05,"15.05 - Cadastro, elaboração de ficha cadastral, renovação cadastral e congêneres, inclusão ou exclusão no Cadastro de Emitentes de Cheques
 sem Fundos - CCF ou em quaisquer outros bancos cadastrais."
6422100,6422-1/00,"Bancos múltiplos, com carteira comercial",15.05,"15.05 - Cadastro, elaboração de ficha cadastral, renovação cadastral e congêneres, inclusão ou exclusão no Cadastro de Emitentes de Cheques
 sem Fundos - CCF ou em quaisquer outros bancos cadastrais."
6423900,6423-9/00,Caixas econômicas,15.05,"15.05 - Cadastro, elaboração de ficha cadastral, renovação cadastral e congêneres, inclusão ou exclusão no Cadastro de Emitentes de Cheques
 sem Fundos - CCF ou em quaisquer outros bancos cadastrais."
6424701,6424-7/01,Bancos cooperativos,15.05,"15.05 - Cadastro, elaboração de ficha cadastral, renovação cadastral e congêneres, inclusão ou exclusão no Cadastro de Emitentes de Cheques
 sem Fundos - CCF ou em quaisquer outros bancos cadastrais."
6424702,6424-7/02,Cooperativas centrais de crédito,15.05,"15.05 - Cadastro, elaboração de ficha cadastral, renovação cadastral e congêneres, inclusão ou exclusão no Cadastro de Emitentes de Cheques
 sem Fundos - CCF ou em quaisquer outros bancos cadastrais."
6424703,6424-7/03,Cooperativas de crédito mútuo,15.05,"15.05 - Cadastro, elaboração de ficha cadastral, renovação cadastral e congêneres, inclusão ou exclusão no Cadastro de Emitentes de Cheques
 sem Fundos - CCF ou em quaisquer outros bancos cadastrais."
6424704,6424-7/04,Cooperativas de crédito rural,15.05,"15.05 - Cadastro, elaboração de ficha cadastral, renovação cadastral e congêneres, inclusão ou exclusão no Cadastro de Emitentes de Cheques
 sem Fundos - CCF ou em quaisquer outros bancos cadastrais."
6431000,6431-0/00,"Bancos múltiplos, sem carteira comercial",15.05,"15.05 - Cadastro, elaboração de ficha cadastral, renovação cadastral e congêneres, inclusão ou exclusão no Cadastro de Emitentes de Cheques
 sem Fundos - CCF ou em quaisquer outros bancos cadastrais."
6432800,6432-8/00,Bancos de investimento,15.05,"15.05 - Cadastro, elaboração de ficha cadastral, renovação cadastral e congêneres, inclusão ou exclusão no Cadastro de Emitentes de Cheques
 sem Fundos - CCF ou em quaisquer outros bancos cadastrais."
6433600,6433-6/00,Bancos de desenvolvimento,15.05,"15.05 - Cadastro, elaboração de ficha cadastral, renovação cadastral e congêneres, inclusão ou exclusão no Cadastro de Emitentes de Cheques
 sem Fundos - CCF ou em quaisquer outros bancos cadastrais."
6434400,6434-4/00,Agências de fomento,15.05,"15.05 - Cadastro, elaboração de ficha cadastral, renovação cadastral e congêneres, inclusão ou exclusão no Cadastro de Emitentes de Cheques
 sem Fundos - CCF ou em quaisquer outros bancos cadastrais."
6435201,6435-2/01,Sociedades de crédito imobiliário,15.05,"15.05 - Cadastro, elaboração de ficha cadastral, renovação cadastral e congêneres, inclusão ou exclusão no Cadastro de Emitentes de Cheques
 sem Fundos - CCF ou em quaisquer outros bancos cadastrais."
6435202,6435-2/02,Associações de poupança e empréstimo,15.05,"15.05 - Cadastro, elaboração de ficha cadastral, renovação cadastral e congêneres, inclusão ou exclusão no Cadastro de Emitentes de Cheques
 sem Fundos - CCF ou em quaisquer outros bancos cadastrais."
6435203,6435-2/03,Companhias hipotecárias,15.05,"15.05 - Cadastro, elaboração de ficha cadastral, renovação cadastral e congêneres, inclusão ou exclusão no Cadastro de Emitentes de Cheques
 sem Fundos - CCF ou em quaisquer outros bancos cadastrais."
6436100,6436-1/00,"Sociedades de crédito, financiamento e investimento - financeiras",15.05,"15.05 - Cadastro, elaboração de ficha cadastral, renovação cadastral e congêneres, inclusão ou exclusão no Cadastro de Emitentes de Cheques
 sem Fundos - CCF ou em quaisquer outros bancos cadastrais."
6437900,6437-9/00,Sociedades de crédito ao microempreendedor,15.05,"15.05 - Cadastro, elaboração de ficha cadastral, renovação cadastral e congêneres, inclusão ou exclusão no Cadastro de Emitentes de Cheques
 sem Fundos - CCF ou em quaisquer outros bancos cadastrais."
6438701,6438-7/01,Bancos de câmbio,15.05,"15.05 - Cadastro, elaboração de ficha cadastral, renovação cadastral e congêneres, inclusão ou exclusão no Cadastro de Emitentes de Cheques
 sem Fundos - CCF ou em quaisquer outros bancos cadastrais."
6450600,6450-6/00,Sociedades de capitalização,15.05,"15.05 - Cadastro, elaboração de ficha cadastral, renovação cadastral e congêneres, inclusão ou exclusão no Cadastro de Emitentes de Cheques
 sem Fundos - CCF ou em quaisquer outros bancos cadastrais."
6499901,6499-9/01,Clubes de investimento,15.05,"15.05 - Cadastro, elaboração de ficha cadastral, renovação cadastral e congêneres, inclusão ou exclusão no Cadastro de Emitentes de Cheques
 sem Fundos - CCF ou em quaisquer outros bancos cadastrais."
6499902,6499-9/02,Sociedades de investimento,15.05,"15.05 - Cadastro, elaboração de ficha cadastral, renovação cadastral e congêneres, inclusão ou exclusão no Cadastro de Emitentes de Cheques
 sem Fundos - CCF ou em quaisquer outros bancos cadastrais."
6499904,6499-9/04,Caixas de financiamento de corporações,15.05,"15.05 - Cadastro, elaboração de ficha cadastral, renovação cadastral e congêneres, inclusão ou exclusão no Cadastro de Emitentes de Cheques
 sem Fundos - CCF ou em quaisquer outros bancos cadastrais."
6499999,6499-9/99,Outras atividades de serviços financeiros não especificadas anteriormente,15.05,"15.05 - Cadastro, elaboração de ficha cadastral, renovação cadastral e congêneres, inclusão ou exclusão no Cadastro de Emitentes de Cheques
 sem Fundos - CCF ou em quaisquer outros bancos cadastrais."
6612603,6612-6/03,Corretoras de câmbio,15.05,"15.05 - Cadastro, elaboração de ficha cadastral, renovação cadastral e congêneres, inclusão ou exclusão no Cadastro de Emitentes de Cheques
 sem Fundos - CCF ou em quaisquer outros bancos cadastrais."
6619399,6619-3/99,Outras atividades auxiliares dos serviços financeiros não especificadas anteriormente,15.05,"15.05 - Cadastro, elaboração de ficha cadastral, renovação cadastral e congêneres, inclusão ou exclusão no Cadastro de Emitentes de Cheques
 sem Fundos - CCF ou em quaisquer outros bancos cadastrais."
6410700,6410-7/00,Banco Central,15.06,"15.06 - Emissão, reemissão e fornecimento de avisos, comprovantes e documentos em geral; abono de firmas; coleta e entrega de documentos, bens e valores; comunicação com outra agência ou com a administração central; licenciamento eletrônico de veículos; transferência de
 veículos;agenciamento fiduciário ou depositário; devolução de bens em custódia."
6421200,6421-2/00,Bancos comerciais,15.06,"15.06 - Emissão, reemissão e fornecimento de avisos, comprovantes e documentos em geral; abono de firmas; coleta e entrega de documentos, bens e valores; comunicação com outra agência ou com a administração central; licenciamento eletrônico de veículos; transferência de
 veículos;agenciamento fiduciário ou depositário; devolução de bens em custódia."
6422100,6422-1/00,"Bancos múltiplos, com carteira comercial",15.06,"15.06 - Emissão, reemissão e fornecimento de avisos, comprovantes e documentos em geral; abono de firmas; coleta e entrega de documentos, bens e valores; comunicação com outra agência ou com a administração central; licenciamento eletrônico de veículos; transferência de
 veículos;agenciamento fiduciário ou depositário; devolução de bens em custódia."
6423900,6423-9/00,Caixas econômicas,15.06,"15.06 - Emissão, reemissão e fornecimento de avisos, comprovantes e documentos em geral; abono de firmas; coleta e entrega de documentos,
 bens e valores; comunicação com outra agência ou com a administração central; licenciamento eletrônico de veículos; transferência de veículos;agenciamento fiduciário ou depositário; devolução de bens em custódia."
6424701,6424-7/01,Bancos cooperativos,15.06,"15.06 - Emissão, reemissão e fornecimento de avisos, comprovantes e documentos em geral; abono de firmas; coleta e entrega de documentos, bens e valores; comunicação com outra agência ou com a administração central; licenciamento eletrônico de veículos; transferência de
 veículos;agenciamento fiduciário ou depositário; devolução de bens em custódia."
6424702,6424-7/02,Cooperativas centrais de crédito,15.06,"15.06 - Emissão, reemissão e fornecimento de avisos, comprovantes e documentos em geral; abono de firmas; coleta e entrega de documentos, bens e valores; comunicação com outra agência ou com a administração central; licenciamento eletrônico de veículos; transferência de
 veículos;agenciamento fiduciário ou depositário; devolução de bens em custódia."
6424703,6424-7/03,Cooperativas de crédito mútuo,15.06,"15.06 - Emissão, reemissão e fornecimento de avisos, comprovantes e documentos em geral; abono de firmas; coleta e entrega de documentos, bens e valores; comunicação com outra agência ou com a administração central; licenciamento eletrônico de veículos; transferência de
 veículos;agenciamento fiduciário ou depositário; devolução de bens em custódia."
6424704,6424-7/04,Cooperativas de crédito rural,15.06,"15.06 - Emissão, reemissão e fornecimento de avisos, comprovantes e documentos em geral; abono de firmas; coleta e entrega de documentos, bens e valores; comunicação com outra agência ou com a administração central; licenciamento eletrônico de veículos; transferência de
 veículos;agenciamento fiduciário ou depositário; devolução de bens em custódia."
6431000,6431-0/00,"Bancos múltiplos, sem carteira comercial",15.06,"15.06 - Emissão, reemissão e fornecimento de avisos, comprovantes e documentos em geral; abono de firmas; coleta e entrega de documentos, bens e valores; comunicação com outra agência ou com a administração central; licenciamento eletrônico de veículos; transferência de
 veículos;agenciamento fiduciário ou depositário; devolução de bens em custódia."
6432800,6432-8/00,Bancos de investimento,15.06,"15.06 - Emissão, reemissão e fornecimento de avisos, comprovantes e documentos em geral; abono de firmas; coleta e entrega de documentos, bens e valores; comunicação com outra agência ou com a administração central; licenciamento eletrônico de veículos; transferência de
 veículos;agenciamento fiduciário ou depositário; devolução de bens em custódia."
6433600,6433-6/00,Bancos de desenvolvimento,15.06,"15.06 - Emissão, reemissão e fornecimento de avisos, comprovantes e documentos em geral; abono de firmas; coleta e entrega de documentos, bens e valores; comunicação com outra agência ou com a administração central; licenciamento eletrônico de veículos; transferência de
 veículos;agenciamento fiduciário ou depositário; devolução de bens em custódia."
6435201,6435-2/01,Sociedades de crédito imobiliário,15.06,"15.06 - Emissão, reemissão e fornecimento de avisos, comprovantes e documentos em geral; abono de firmas; coleta e entrega de documentos,
 bens e valores; comunicação com outra agência ou com a administração central; licenciamento eletrônico de veículos; transferência de veículos;agenciamento fiduciário ou depositário; devolução de bens em custódia."
6435202,6435-2/02,Associações de poupança e empréstimo,15.06,"15.06 - Emissão, reemissão e fornecimento de avisos, comprovantes e documentos em geral; abono de firmas; coleta e entrega de documentos, bens e valores; comunicação com outra agência ou com a administração central; licenciamento eletrônico de veículos; transferência de
 veículos;agenciamento fiduciário ou depositário; devolução de bens em custódia."
6435203,6435-2/03,Companhias hipotecárias,15.06,"15.06 - Emissão, reemissão e fornecimento de avisos, comprovantes e documentos em geral; abono de firmas; coleta e entrega de documentos, bens e valores; comunicação com outra agência ou com a administração central; licenciamento eletrônico de veículos; transferência de
 veículos;agenciamento fiduciário ou depositário; devolução de bens em custódia."
6436100,6436-1/00,"Sociedades de crédito, financiamento e investimento - financeiras",15.06,"15.06 - Emissão, reemissão e fornecimento de avisos, comprovantes e documentos em geral; abono de firmas; coleta e entrega de documentos,
 bens e valores; comunicação com outra agência ou com a administração central; licenciamento eletrônico de veículos; transferência de veículos;agenciamento fiduciário ou depositário; devolução de bens em custódia."
6437900,6437-9/00,Sociedades de crédito ao microempreendedor,15.06,"15.06 - Emissão, reemissão e fornecimento de avisos, comprovantes e documentos em geral; abono de firmas; coleta e entrega de documentos,
 bens e valores; comunicação com outra agência ou com a administração central; licenciamento eletrônico de veículos; transferência de veículos;agenciamento fiduciário ou depositário; devolução de bens em custódia."
6499999,6499-9/99,Outras atividades de serviços financeiros não especificadas anteriormente,15.06,"15.06 - Emissão, reemissão e fornecimento de avisos, comprovantes e documentos em geral; abono de firmas; coleta e entrega de documentos, bens e valores; comunicação com outra agência ou com a administração central; licenciamento eletrônico de veículos; transferência de
 veículos;agenciamento fiduciário ou depositário; devolução de bens em custódia."
6619399,6619-3/99,Outras atividades auxiliares dos serviços financeiros não especificadas anteriormente,15.06,"15.06 - Emissão, reemissão e fornecimento de avisos, comprovantes e documentos em geral; abono de firmas; coleta e entrega de documentos, bens e valores; comunicação com outra agência ou com a administração central; licenciamento eletrônico de veículos; transferência de
 veículos;agenciamento fiduciário ou depositário; devolução de bens em custódia."
6410700,6410-7/00,Banco Central,15.07,"15.07 - Acesso, movimentação, atendimento e consulta a contas em geral, por qualquer meio ou processo, inclusive por telefone, fac-símile, internet e telex, acesso a terminais de atendimento, inclusive vinte e quatro horas; acesso a outro banco e a rede compartilhada; fornecimento
 de saldo, extrato e demais informações relativas a contas em geral, por qualquer meio ou processo."
6421200,6421-2/00,Bancos comerciais,15.07,"15.07 - Acesso, movimentação, atendimento e consulta a contas em geral, por qualquer meio ou processo, inclusive por telefone, fac-símile, internet e telex, acesso a terminais de atendimento, inclusive vinte e quatro horas; acesso a outro banco e a rede compartilhada; fornecimento
 de saldo, extrato e demais informações relativas a contas em geral, por qualquer meio ou processo."
6422100,6422-1/00,"Bancos múltiplos, com carteira comercial",15.07,"15.07 - Acesso, movimentação, atendimento e consulta a contas em geral, por qualquer meio ou processo, inclusive por telefone, fac-símile, internet e telex, acesso a terminais de atendimento, inclusive vinte e quatro horas; acesso a outro banco e a rede compartilhada; fornecimento
 de saldo, extrato e demais informações relativas a contas em geral, por qualquer meio ou processo."
6423900,6423-9/00,Caixas econômicas,15.07,"15.07 - Acesso, movimentação, atendimento e consulta a contas em geral, por qualquer meio ou processo, inclusive por telefone, fac-símile, internet e telex, acesso a terminais de atendimento, inclusive vinte e quatro horas; acesso a outro banco e a rede compartilhada; fornecimento
 de saldo, extrato e demais informações relativas a contas em geral, por qualquer meio ou processo."
6424701,6424-7/01,Bancos cooperativos,15.07,"15.07 - Acesso, movimentação, atendimento e consulta a contas em geral, por qualquer meio ou processo, inclusive por telefone, fac-símile, internet e telex, acesso a terminais de atendimento, inclusive vinte e quatro horas; acesso a outro banco e a rede compartilhada; fornecimento
 de saldo, extrato e demais informações relativas a contas em geral, por qualquer meio ou processo."
6424702,6424-7/02,Cooperativas centrais de crédito,15.07,"15.07 - Acesso, movimentação, atendimento e consulta a contas em geral, por qualquer meio ou processo, inclusive por telefone, fac-símile, internet e telex, acesso a terminais de atendimento, inclusive vinte e quatro horas; acesso a outro banco e a rede compartilhada; fornecimento
 de saldo, extrato e demais informações relativas a contas em geral, por qualquer meio ou processo."
6424703,6424-7/03,Cooperativas de crédito mútuo,15.07,"15.07 - Acesso, movimentação, atendimento e consulta a contas em geral, por qualquer meio ou processo, inclusive por telefone, fac-símile,
 internet e telex, acesso a terminais de atendimento, inclusive vinte e quatro horas; acesso a outro banco e a rede compartilhada; fornecimento de saldo, extrato e demais informações relativas a contas em geral, por qualquer meio ou processo."
6424704,6424-7/04,Cooperativas de crédito rural,15.07,"15.07 - Acesso, movimentação, atendimento e consulta a contas em geral, por qualquer meio ou processo, inclusive por telefone, fac-símile, internet e telex, acesso a terminais de atendimento, inclusive vinte e quatro horas; acesso a outro banco e a rede compartilhada; fornecimento
 de saldo, extrato e demais informações relativas a contas em geral, por qualquer meio ou processo."
6431000,6431-0/00,"Bancos múltiplos, sem carteira comercial",15.07,"15.07 - Acesso, movimentação, atendimento e consulta a contas em geral, por qualquer meio ou processo, inclusive por telefone, fac-símile, internet e telex, acesso a terminais de atendimento, inclusive vinte e quatro horas; acesso a outro banco e a rede compartilhada; fornecimento
 de saldo, extrato e demais informações relativas a contas em geral, por qualquer meio ou processo."
6432800,6432-8/00,Bancos de investimento,15.07,"15.07 - Acesso, movimentação, atendimento e consulta a contas em geral, por qualquer meio ou processo, inclusive por telefone, fac-símile, internet e telex, acesso a terminais de atendimento, inclusive vinte e quatro horas; acesso a outro banco e a rede compartilhada; fornecimento
 de saldo, extrato e demais informações relativas a contas em geral, por qualquer meio ou processo."
6433600,6433-6/00,Bancos de desenvolvimento,15.07,"15.07 - Acesso, movimentação, atendimento e consulta a contas em geral, por qualquer meio ou processo, inclusive por telefone, fac-símile, internet e telex, acesso a terminais de atendimento, inclusive vinte e quatro horas; acesso a outro banco e a rede compartilhada; fornecimento
 de saldo, extrato e demais informações relativas a contas em geral, por qualquer meio ou processo."
6435201,6435-2/01,Sociedades de crédito imobiliário,15.07,"15.07 - Acesso, movimentação, atendimento e consulta a contas em geral, por qualquer meio ou processo, inclusive por telefone, fac-símile, internet e telex, acesso a terminais de atendimento, inclusive vinte e quatro horas; acesso a outro banco e a rede compartilhada; fornecimento
 de saldo, extrato e demais informações relativas a contas em geral, por qualquer meio ou processo."
6435202,6435-2/02,Associações de poupança e empréstimo,15.07,"15.07 - Acesso, movimentação, atendimento e consulta a contas em geral, por qualquer meio ou processo, inclusive por telefone, fac-símile, internet e telex, acesso a terminais de atendimento, inclusive vinte e quatro horas; acesso a outro banco e a rede compartilhada; fornecimento
 de saldo, extrato e demais informações relativas a contas em geral, por qualquer meio ou processo."
6435203,6435-2/03,Companhias hipotecárias,15.07,"15.07 - Acesso, movimentação, atendimento e consulta a contas em geral, por qualquer meio ou processo, inclusive por telefone, fac-símile, internet e telex, acesso a terminais de atendimento, inclusive vinte e quatro horas; acesso a outro banco e a rede compartilhada; fornecimento
 de saldo, extrato e demais informações relativas a contas em geral, por qualquer meio ou processo."
6436100,6436-1/00,"Sociedades de crédito, financiamento e investimento - financeiras",15.07,"15.07 - Acesso, movimentação, atendimento e consulta a contas em geral, por qualquer meio ou processo, inclusive por telefone, fac-símile,
 internet e telex, acesso a terminais de atendimento, inclusive vinte e quatro horas; acesso a outro banco e a rede compartilhada; fornecimento de saldo, extrato e demais informações relativas a contas em geral, por qualquer meio ou processo."
6437900,6437-9/00,Sociedades de crédito ao microempreendedor,15.07,"15.07 - Acesso, movimentação, atendimento e consulta a contas em geral, por qualquer meio ou processo, inclusive por telefone, fac-símile, internet e telex, acesso a terminais de atendimento, inclusive vinte e quatro horas; acesso a outro banco e a rede compartilhada; fornecimento
 de saldo, extrato e demais informações relativas a contas em geral, por qualquer meio ou processo."
6438701,6438-7/01,Bancos de câmbio,15.07,"15.07 - Acesso, movimentação, atendimento e consulta a contas em geral, por qualquer meio ou processo, inclusive por telefone, fac-símile, internet e telex, acesso a terminais de atendimento, inclusive vinte e quatro horas; acesso a outro banco e a rede compartilhada; fornecimento
 de saldo, extrato e demais informações relativas a contas em geral, por qualquer meio ou processo."
6450600,6450-6/00,Sociedades de capitalização,15.07,"15.07 - Acesso, movimentação, atendimento e consulta a contas em geral, por qualquer meio ou processo, inclusive por telefone, fac-símile,
 internet e telex, acesso a terminais de atendimento, inclusive vinte e quatro horas; acesso a outro banco e a rede compartilhada; fornecimento de saldo, extrato e demais informações relativas a contas em geral, por qualquer meio ou processo."
6619304,6619-3/04,Caixas eletrônicos,15.07,"15.07 - Acesso, movimentação, atendimento e consulta a contas em geral, por qualquer meio ou processo, inclusive por telefone, fac-símile,
 internet e telex, acesso a terminais de atendimento, inclusive vinte e quatro horas; acesso a outro banco e a rede compartilhada; fornecimento de saldo, extrato e demais informações relativas a contas em geral, por qualquer meio ou processo."
6619399,6619-3/99,Outras atividades auxiliares dos serviços financeiros não especificadas anteriormente,15.07,"15.07 - Acesso, movimentação, atendimento e consulta a contas em geral, por qualquer meio ou processo, inclusive por telefone, fac-símile, internet e telex, acesso a terminais de atendimento, inclusive vinte e quatro horas; acesso a outro banco e a rede compartilhada; fornecimento
 de saldo, extrato e demais informações relativas a contas em geral, por qualquer meio ou processo."
8299706,8299-7/06,Casas lotéricas,15.07,"15.07 - Acesso, movimentação, atendimento e consulta a contas em geral, por qualquer meio ou processo, inclusive por telefone, fac-símile, internet e telex, acesso a terminais de atendimento, inclusive vinte e quatro horas; acesso a outro banco e a rede compartilhada; fornecimento
 de saldo, extrato e demais informações relativas a contas em geral, por qualquer meio ou processo."
6410700,6410-7/00,Banco Central,15.08,"15.08 - Emissão, reemissão, alteração, cessão, substituição, cancelamento e registro de contrato de crédito; estudo, análise e avaliação de operações de crédito; emissão, concessão, alteração ou contratação de aval, fiança, anuência e congêneres; serviços relativos a abertura de
 crédito, para quaisquer fins."
6421200,6421-2/00,Bancos comerciais,15.08,"15.08 - Emissão, reemissão, alteração, cessão, substituição, cancelamento e registro de contrato de crédito; estudo, análise e avaliação de operações de crédito; emissão, concessão, alteração ou contratação de aval, fiança, anuência e congêneres; serviços relativos a abertura de
 crédito, para quaisquer fins."
6422100,6422-1/00,"Bancos múltiplos, com carteira comercial",15.08,"15.08 - Emissão, reemissão, alteração, cessão, substituição, cancelamento e registro de contrato de crédito; estudo, análise e avaliação de operações de crédito; emissão, concessão, alteração ou contratação de aval, fiança, anuência e congêneres; serviços relativos a abertura de
 crédito, para quaisquer fins."
6423900,6423-9/00,Caixas econômicas,15.08,"15.08 - Emissão, reemissão, alteração, cessão, substituição, cancelamento e registro de contrato de crédito; estudo, análise e avaliação de operações de crédito; emissão, concessão, alteração ou contratação de aval, fiança, anuência e congêneres; serviços relativos a abertura de
 crédito, para quaisquer fins."
6424701,6424-7/01,Bancos cooperativos,15.08,"15.08 - Emissão, reemissão, alteração, cessão, substituição, cancelamento e registro de contrato de crédito; estudo, análise e avaliação de operações de crédito; emissão, concessão, alteração ou contratação de aval, fiança, anuência e congêneres; serviços relativos a abertura de
 crédito, para quaisquer fins."
6424702,6424-7/02,Cooperativas centrais de crédito,15.08,"15.08 - Emissão, reemissão, alteração, cessão, substituição, cancelamento e registro de contrato de crédito; estudo, análise e avaliação de operações de crédito; emissão, concessão, alteração ou contratação de aval, fiança, anuência e congêneres; serviços relativos a abertura de
 crédito, para quaisquer fins."
6424703,6424-7/03,Cooperativas de crédito mútuo,15.08,"15.08 - Emissão, reemissão, alteração, cessão, substituição, cancelamento e registro de contrato de crédito; estudo, análise e avaliação de
 operações de crédito; emissão, concessão, alteração ou contratação de aval, fiança, anuência e congêneres; serviços relativos a abertura de crédito, para quaisquer fins."
6424704,6424-7/04,Cooperativas de crédito rural,15.08,"15.08 - Emissão, reemissão, alteração, cessão, substituição, cancelamento e registro de contrato de crédito; estudo, análise e avaliação de operações de crédito; emissão, concessão, alteração ou contratação de aval, fiança, anuência e congêneres; serviços relativos a abertura de
 crédito, para quaisquer fins."
6431000,6431-0/00,"Bancos múltiplos, sem carteira comercial",15.08,"15.08 - Emissão, reemissão, alteração, cessão, substituição, cancelamento e registro de contrato de crédito; estudo, análise e avaliação de operações de crédito; emissão, concessão, alteração ou contratação de aval, fiança, anuência e congêneres; serviços relativos a abertura de
 crédito, para quaisquer fins."
6432800,6432-8/00,Bancos de investimento,15.08,"15.08 - Emissão, reemissão, alteração, cessão, substituição, cancelamento e registro de contrato de crédito; estudo, análise e avaliação de operações de crédito; emissão, concessão, alteração ou contratação de aval, fiança, anuência e congêneres; serviços relativos a abertura de
 crédito, para quaisquer fins."
6433600,6433-6/00,Bancos de desenvolvimento,15.08,"15.08 - Emissão, reemissão, alteração, cessão, substituição, cancelamento e registro de contrato de crédito; estudo, análise e avaliação de operações de crédito; emissão, concessão, alteração ou contratação de aval, fiança, anuência e congêneres; serviços relativos a abertura de
 crédito, para quaisquer fins."
6434400,6434-4/00,Agências de fomento,15.08,"15.08 - Emissão, reemissão, alteração, cessão, substituição, cancelamento e registro de contrato de crédito; estudo, análise e avaliação de operações de crédito; emissão, concessão, alteração ou contratação de aval, fiança, anuência e congêneres; serviços relativos a abertura de
 crédito, para quaisquer fins."
6435201,6435-2/01,Sociedades de crédito imobiliário,15.08,"15.08 - Emissão, reemissão, alteração, cessão, substituição, cancelamento e registro de contrato de crédito; estudo, análise e avaliação de operações de crédito; emissão, concessão, alteração ou contratação de aval, fiança, anuência e congêneres; serviços relativos a abertura de
 crédito, para quaisquer fins."
6435202,6435-2/02,Associações de poupança e empréstimo,15.08,"15.08 - Emissão, reemissão, alteração, cessão, substituição, cancelamento e registro de contrato de crédito; estudo, análise e avaliação de operações de crédito; emissão, concessão, alteração ou contratação de aval, fiança, anuência e congêneres; serviços relativos a abertura de
 crédito, para quaisquer fins."
6435203,6435-2/03,Companhias hipotecárias,15.08,"15.08 - Emissão, reemissão, alteração, cessão, substituição, cancelamento e registro de contrato de crédito; estudo, análise e avaliação de
 operações de crédito; emissão, concessão, alteração ou contratação de aval, fiança, anuência e congêneres; serviços relativos a abertura de crédito, para quaisquer fins."
6436100,6436-1/00,"Sociedades de crédito, financiamento e investimento - financeiras",15.08,"15.08 - Emissão, reemissão, alteração, cessão, substituição, cancelamento e registro de contrato de crédito; estudo, análise e avaliação de operações de crédito; emissão, concessão, alteração ou contratação de aval, fiança, anuência e congêneres; serviços relativos a abertura de
 crédito, para quaisquer fins."
6437900,6437-9/00,Sociedades de crédito ao microempreendedor,15.08,"15.08 - Emissão, reemissão, alteração, cessão, substituição, cancelamento e registro de contrato de crédito; estudo, análise e avaliação de operações de crédito; emissão, concessão, alteração ou contratação de aval, fiança, anuência e congêneres; serviços relativos a abertura de
 crédito, para quaisquer fins."
6438701,6438-7/01,Bancos de câmbio,15.08,"15.08 - Emissão, reemissão, alteração, cessão, substituição, cancelamento e registro de contrato de crédito; estudo, análise e avaliação de
 operações de crédito; emissão, concessão, alteração ou contratação de aval, fiança, anuência e congêneres; serviços relativos a abertura de crédito, para quaisquer fins."
6450600,6450-6/00,Sociedades de capitalização,15.08,"15.08 - Emissão, reemissão, alteração, cessão, substituição, cancelamento e registro de contrato de crédito; estudo, análise e avaliação de operações de crédito; emissão, concessão, alteração ou contratação de aval, fiança, anuência e congêneres; serviços relativos a abertura de
 crédito, para quaisquer fins."
6499901,6499-9/01,Clubes de investimento,15.08,"15.08 - Emissão, reemissão, alteração, cessão, substituição, cancelamento e registro de contrato de crédito; estudo, análise e avaliação de operações de crédito; emissão, concessão, alteração ou contratação de aval, fiança, anuência e congêneres; serviços relativos a abertura de
 crédito, para quaisquer fins."
6499902,6499-9/02,Sociedades de investimento,15.08,"15.08 - Emissão, reemissão, alteração, cessão, substituição, cancelamento e registro de contrato de crédito; estudo, análise e avaliação de operações de crédito; emissão, concessão, alteração ou contratação de aval, fiança, anuência e congêneres; serviços relativos a abertura de
 crédito, para quaisquer fins."
6499904,6499-9/04,Caixas de financiamento de corporações,15.08,"15.08 - Emissão, reemissão, alteração, cessão, substituição, cancelamento e registro de contrato de crédito; estudo, análise e avaliação de operações de crédito; emissão, concessão, alteração ou contratação de aval, fiança, anuência e congêneres; serviços relativos a abertura de
 crédito, para quaisquer fins."
6499905,6499-9/05,Concessão de crédito pelas OSCIP,15.08,"15.08 - Emissão, reemissão, alteração, cessão, substituição, cancelamento e registro de contrato de crédito; estudo, análise e avaliação de operações de crédito; emissão, concessão, alteração ou contratação de aval, fiança, anuência e congêneres; serviços relativos a abertura de
 crédito, para quaisquer fins."
6499999,6499-9/99,Outras atividades de serviços financeiros não especificadas anteriormente,15.08,"15.08 - Emissão, reemissão, alteração, cessão, substituição, cancelamento e registro de contrato de crédito; estudo, análise e avaliação de operações de crédito; emissão, concessão, alteração ou contratação de aval, fiança, anuência e congêneres; serviços relativos a abertura de
 crédito, para quaisquer fins."
6612603,6612-6/03,Corretoras de câmbio,15.08,"15.08 - Emissão, reemissão, alteração, cessão, substituição, cancelamento e registro de contrato de crédito; estudo, análise e avaliação de operações de crédito; emissão, concessão, alteração ou contratação de aval, fiança, anuência e congêneres; serviços relativos a abertura de
 crédito, para quaisquer fins."
6619399,6619-3/99,Outras atividades auxiliares dos serviços financeiros não especificadas anteriormente,15.08,"15.08 - Emissão, reemissão, alteração, cessão, substituição, cancelamento e registro de contrato de crédito; estudo, análise e avaliação de operações de crédito; emissão, concessão, alteração ou contratação de aval, fiança, anuência e congêneres; serviços relativos a abertura de
 crédito, para quaisquer fins."
6410700,6410-7/00,Banco Central,15.09,"15.09 - Arrendamento mercantil (leasing) de quaisquer bens, inclusive cessão de direitos e obrigações, substituição de garantia, alteração,
 cancelamento e registro de contrato, e demais serviços relacionados ao arrendamento mercantil (leasing)."
6421200,6421-2/00,Bancos comerciais,15.09,"15.09 - Arrendamento mercantil (leasing) de quaisquer bens, inclusive cessão de direitos e obrigações, substituição de garantia, alteração,
 cancelamento e registro de contrato, e demais serviços relacionados ao arrendamento mercantil (leasing)."
6422100,6422-1/00,"Bancos múltiplos, com carteira comercial",15.09,"15.09 - Arrendamento mercantil (leasing) de quaisquer bens, inclusive cessão de direitos e obrigações, substituição de garantia, alteração,
 cancelamento e registro de contrato, e demais serviços relacionados ao arrendamento mercantil (leasing)."
6423900,6423-9/00,Caixas econômicas,15.09,"15.09 - Arrendamento mercantil (leasing) de quaisquer bens, inclusive cessão de direitos e obrigações, substituição de garantia, alteração,
 cancelamento e registro de contrato, e demais serviços relacionados ao arrendamento mercantil (leasing)."
6424701,6424-7/01,Bancos cooperativos,15.09,"15.09 - Arrendamento mercantil (leasing) de quaisquer bens, inclusive cessão de direitos e obrigações, substituição de garantia, alteração,
 cancelamento e registro de contrato, e demais serviços relacionados ao arrendamento mercantil (leasing)."
6424703,6424-7/03,Cooperativas de crédito mútuo,15.09,"15.09 - Arrendamento mercantil (leasing) de quaisquer bens, inclusive cessão de direitos e obrigações, substituição de garantia, alteração,
 cancelamento e registro de contrato, e demais serviços relacionados ao arrendamento mercantil (leasing)."
6424704,6424-7/04,Cooperativas de crédito rural,15.09,"15.09 - Arrendamento mercantil (leasing) de quaisquer bens, inclusive cessão de direitos e obrigações, substituição de garantia, alteração,
 cancelamento e registro de contrato, e demais serviços relacionados ao arrendamento mercantil (leasing)."
6431000,6431-0/00,"Bancos múltiplos, sem carteira comercial",15.09,"15.09 - Arrendamento mercantil (leasing) de quaisquer bens, inclusive cessão de direitos e obrigações, substituição de garantia, alteração,
 cancelamento e registro de contrato, e demais serviços relacionados ao arrendamento mercantil (leasing)."
6440900,6440-9/00,Arrendamento mercantil,15.09,"15.09 - Arrendamento mercantil (leasing) de quaisquer bens, inclusive cessão de direitos e obrigações, substituição de garantia, alteração,
 cancelamento e registro de contrato, e demais serviços relacionados ao arrendamento mercantil (leasing)."
6619399,6619-3/99,Outras atividades auxiliares dos serviços financeiros não especificadas anteriormente,15.09,"15.09 - Arrendamento mercantil (leasing) de quaisquer bens, inclusive cessão de direitos e obrigações, substituição de garantia, alteração,
 cancelamento e registro de contrato, e demais serviços relacionados ao arrendamento mercantil (leasing)."
6410700,6410-7/00,Banco Central,15.10,"15.10 - Serviços relacionados a cobranças, recebimentos ou pagamentos em geral, de títulos quaisquer, de contas ou carnês, de câmbio, de tributos e por conta de terceiros, inclusive os efetuados por meio eletrônico, automático ou por máquinas de atendimento; fornecimento de posição de cobrança, recebimento ou pagamento; emissão de carnês, fichas de compensação, impressos e documentos em geral."
6421200,6421-2/00,Bancos comerciais,15.10,"15.10 - Serviços relacionados a cobranças, recebimentos ou pagamentos em geral, de títulos quaisquer, de contas ou carnês, de câmbio, de tributos e por conta de terceiros, inclusive os efetuados por meio eletrônico, automático ou por máquinas de atendimento; fornecimento de posição de cobrança, recebimento ou pagamento; emissão de carnês, fichas de compensação, impressos e documentos em geral."
6422100,6422-1/00,"Bancos múltiplos, com carteira comercial",15.10,"15.10 - Serviços relacionados a cobranças, recebimentos ou pagamentos em geral, de títulos quaisquer, de contas ou carnês, de câmbio, de tributos e por conta de terceiros, inclusive os efetuados por meio eletrônico, automático ou por máquinas de atendimento; fornecimento de posição de cobrança, recebimento ou pagamento; emissão de carnês, fichas de compensação, impressos e documentos em geral."
6423900,6423-9/00,Caixas econômicas,15.10,"15.10 - Serviços relacionados a cobranças, recebimentos ou pagamentos em geral, de títulos quaisquer, de contas ou carnês, de câmbio, de tributos e por conta de terceiros, inclusive os efetuados por meio eletrônico, automático ou por máquinas de atendimento; fornecimento de posição de cobrança, recebimento ou pagamento; emissão de carnês, fichas de compensação, impressos e documentos em geral."
6424701,6424-7/01,Bancos cooperativos,15.10,"15.10 - Serviços relacionados a cobranças, recebimentos ou pagamentos em geral, de títulos quaisquer, de contas ou carnês, de câmbio, de tributos e por conta de terceiros, inclusive os efetuados por meio eletrônico, automático ou por máquinas de atendimento; fornecimento de posição de cobrança, recebimento ou pagamento; emissão de carnês, fichas de compensação, impressos e documentos em geral."
6424702,6424-7/02,Cooperativas centrais de crédito,15.10,"15.10 - Serviços relacionados a cobranças, recebimentos ou pagamentos em geral, de títulos quaisquer, de contas ou carnês, de câmbio, de tributos e por conta de terceiros, inclusive os efetuados por meio eletrônico, automático ou por máquinas de atendimento; fornecimento de posição de cobrança, recebimento ou pagamento; emissão de carnês, fichas de compensação, impressos e documentos em geral."
6424703,6424-7/03,Cooperativas de crédito mútuo,15.10,"15.10 - Serviços relacionados a cobranças, recebimentos ou pagamentos em geral, de títulos quaisquer, de contas ou carnês, de câmbio, de tributos e por conta de terceiros, inclusive os efetuados por meio eletrônico, automático ou por máquinas de atendimento; fornecimento de posição de cobrança, recebimento ou pagamento; emissão de carnês, fichas de compensação, impressos e documentos em geral."
6424704,6424-7/04,Cooperativas de crédito rural,15.10,"15.10 - Serviços relacionados a cobranças, recebimentos ou pagamentos em geral, de títulos quaisquer, de contas ou carnês, de câmbio, de tributos e por conta de terceiros, inclusive os efetuados por meio eletrônico, automático ou por máquinas de atendimento; fornecimento de posição de cobrança, recebimento ou pagamento; emissão de carnês, fichas de compensação, impressos e documentos em geral."
6431000,6431-0/00,"Bancos múltiplos, sem carteira comercial",15.10,"15.10 - Serviços relacionados a cobranças, recebimentos ou pagamentos em geral, de títulos quaisquer, de contas ou carnês, de câmbio, de tributos e por conta de terceiros, inclusive os efetuados por meio eletrônico, automático ou por máquinas de atendimento; fornecimento de posição de cobrança, recebimento ou pagamento; emissão de carnês, fichas de compensação, impressos e documentos em geral."
6432800,6432-8/00,Bancos de investimento,15.10,"15.10 - Serviços relacionados a cobranças, recebimentos ou pagamentos em geral, de títulos quaisquer, de contas ou carnês, de câmbio, de tributos e por conta de terceiros, inclusive os efetuados por meio eletrônico, automático ou por máquinas de atendimento; fornecimento de posição de cobrança, recebimento ou pagamento; emissão de carnês, fichas de compensação, impressos e documentos em geral."
6433600,6433-6/00,Bancos de desenvolvimento,15.10,"15.10 - Serviços relacionados a cobranças, recebimentos ou pagamentos em geral, de títulos quaisquer, de contas ou carnês, de câmbio, de tributos e por conta de terceiros, inclusive os efetuados por meio eletrônico, automático ou por máquinas de atendimento; fornecimento de posição de cobrança, recebimento ou pagamento; emissão de carnês, fichas de compensação, impressos e documentos em geral."
6435201,6435-2/01,Sociedades de crédito imobiliário,15.10,"15.10 - Serviços relacionados a cobranças, recebimentos ou pagamentos em geral, de títulos quaisquer, de contas ou carnês, de câmbio, de tributos e por conta de terceiros, inclusive os efetuados por meio eletrônico, automático ou por máquinas de atendimento; fornecimento de posição de cobrança, recebimento ou pagamento; emissão de carnês, fichas de compensação, impressos e documentos em geral."
6435202,6435-2/02,Associações de poupança e empréstimo,15.10,"15.10 - Serviços relacionados a cobranças, recebimentos ou pagamentos em geral, de títulos quaisquer, de contas ou carnês, de câmbio, de tributos e por conta de terceiros, inclusive os efetuados por meio eletrônico, automático ou por máquinas de atendimento; fornecimento de posição de cobrança, recebimento ou pagamento; emissão de carnês, fichas de compensação, impressos e documentos em geral."
6435203,6435-2/03,Companhias hipotecárias,15.10,"15.10 - Serviços relacionados a cobranças, recebimentos ou pagamentos em geral, de títulos quaisquer, de contas ou carnês, de câmbio, de tributos e por conta de terceiros, inclusive os efetuados por meio eletrônico, automático ou por máquinas de atendimento; fornecimento de posição de cobrança, recebimento ou pagamento; emissão de carnês, fichas de compensação, impressos e documentos em geral."
6436100,6436-1/00,"Sociedades de crédito, financiamento e investimento - financeiras",15.10,"15.10 - Serviços relacionados a cobranças, recebimentos ou pagamentos em geral, de títulos quaisquer, de contas ou carnês, de câmbio, de tributos e por conta de terceiros, inclusive os efetuados por meio eletrônico, automático ou por máquinas de atendimento; fornecimento de posição de cobrança, recebimento ou pagamento; emissão de carnês, fichas de compensação, impressos e documentos em geral."
6437900,6437-9/00,Sociedades de crédito ao microempreendedor,15.10,"15.10 - Serviços relacionados a cobranças, recebimentos ou pagamentos em geral, de títulos quaisquer, de contas ou carnês, de câmbio, de tributos e por conta de terceiros, inclusive os efetuados por meio eletrônico, automático ou por máquinas de atendimento; fornecimento de posição de cobrança, recebimento ou pagamento; emissão de carnês, fichas de compensação, impressos e documentos em geral."
6499999,6499-9/99,Outras atividades de serviços financeiros não especificadas anteriormente,15.10,"15.10 - Serviços relacionados a cobranças, recebimentos ou pagamentos em geral, de títulos quaisquer, de contas ou carnês, de câmbio, de tributos e por conta de terceiros, inclusive os efetuados por meio eletrônico, automático ou por máquinas de atendimento; fornecimento de posição de cobrança, recebimento ou pagamento; emissão de carnês, fichas de compensação, impressos e documentos em geral."
6619301,6619-3/01,Serviços de liquidação e custódia,15.10,"15.10 - Serviços relacionados a cobranças, recebimentos ou pagamentos em geral, de títulos quaisquer, de contas ou carnês, de câmbio, de tributos e por conta de terceiros, inclusive os efetuados por meio eletrônico, automático ou por máquinas de atendimento; fornecimento de posição de cobrança, recebimento ou pagamento; emissão de carnês, fichas de compensação, impressos e documentos em geral."
6619302,6619-3/02,Correspondentes de instituições financeiras,15.10,"15.10 - Serviços relacionados a cobranças, recebimentos ou pagamentos em geral, de títulos quaisquer, de contas ou carnês, de câmbio, de tributos e por conta de terceiros, inclusive os efetuados por meio eletrônico, automático ou por máquinas de atendimento; fornecimento de posição de cobrança, recebimento ou pagamento; emissão de carnês, fichas de compensação, impressos e documentos em geral."
6619399,6619-3/99,Outras atividades auxiliares dos serviços financeiros não especificadas anteriormente,15.10,"15.10 - Serviços relacionados a cobranças, recebimentos ou pagamentos em geral, de títulos quaisquer, de contas ou carnês, de câmbio, de tributos e por conta de terceiros, inclusive os efetuados por meio eletrônico, automático ou por máquinas de atendimento; fornecimento de posição de cobrança, recebimento ou pagamento; emissão de carnês, fichas de compensação, impressos e documentos em geral."
8299706,8299-7/06,Casas lotéricas,15.10,"15.10 - Serviços relacionados a cobranças, recebimentos ou pagamentos em geral, de títulos quaisquer, de contas ou carnês, de câmbio, de tributos e por conta de terceiros, inclusive os efetuados por meio eletrônico, automático ou por máquinas de atendimento; fornecimento de posição de cobrança, recebimento ou pagamento; emissão de carnês, fichas de compensação, impressos e documentos em geral."
6410700,6410-7/00,Banco Central,15.11,"15.11 - Devolução de títulos, protesto de títulos, sustação de protesto, manutenção de títulos, reapresentação de títulos, e demais serviços a eles
 relacionados."
6421200,6421-2/00,Bancos comerciais,15.11,"15.11 - Devolução de títulos, protesto de títulos, sustação de protesto, manutenção de títulos, reapresentação de títulos, e demais serviços a eles
 relacionados."
6422100,6422-1/00,"Bancos múltiplos, com carteira comercial",15.11,"15.11 - Devolução de títulos, protesto de títulos, sustação de protesto, manutenção de títulos, reapresentação de títulos, e demais serviços a eles
 relacionados."
6423900,6423-9/00,Caixas econômicas,15.11,"15.11 - Devolução de títulos, protesto de títulos, sustação de protesto, manutenção de títulos, reapresentação de títulos, e demais serviços a eles
 relacionados."
6424701,6424-7/01,Bancos cooperativos,15.11,"15.11 - Devolução de títulos, protesto de títulos, sustação de protesto, manutenção de títulos, reapresentação de títulos, e demais serviços a eles
 relacionados."
6424702,6424-7/02,Cooperativas centrais de crédito,15.11,"15.11 - Devolução de títulos, protesto de títulos, sustação de protesto, manutenção de títulos, reapresentação de títulos, e demais serviços a eles
 relacionados."
6424703,6424-7/03,Cooperativas de crédito mútuo,15.11,"15.11 - Devolução de títulos, protesto de títulos, sustação de protesto, manutenção de títulos, reapresentação de títulos, e demais serviços a eles
 relacionados."
6424704,6424-7/04,Cooperativas de crédito rural,15.11,"15.11 - Devolução de títulos, protesto de títulos, sustação de protesto, manutenção de títulos, reapresentação de títulos, e demais serviços a eles
 relacionados."
6431000,6431-0/00,"Bancos múltiplos, sem carteira comercial",15.11,"15.11 - Devolução de títulos, protesto de títulos, sustação de protesto, manutenção de títulos, reapresentação de títulos, e demais serviços a eles
 relacionados."
6432800,6432-8/00,Bancos de investimento,15.11,"15.11 - Devolução de títulos, protesto de títulos, sustação de protesto, manutenção de títulos, reapresentação de títulos, e demais serviços a eles
 relacionados."
6433600,6433-6/00,Bancos de desenvolvimento,15.11,"15.11 - Devolução de títulos, protesto de títulos, sustação de protesto, manutenção de títulos, reapresentação de títulos, e demais serviços a eles
 relacionados."
6435201,6435-2/01,Sociedades de crédito imobiliário,15.11,"15.11 - Devolução de títulos, protesto de títulos, sustação de protesto, manutenção de títulos, reapresentação de títulos, e demais serviços a eles
 relacionados."
6435202,6435-2/02,Associações de poupança e empréstimo,15.11,"15.11 - Devolução de títulos, protesto de títulos, sustação de protesto, manutenção de títulos, reapresentação de títulos, e demais serviços a eles
 relacionados."
6435203,6435-2/03,Companhias hipotecárias,15.11,"15.11 - Devolução de títulos, protesto de títulos, sustação de protesto, manutenção de títulos, reapresentação de títulos, e demais serviços a eles
 relacionados."
6436100,6436-1/00,"Sociedades de crédito, financiamento e investimento - financeiras",15.11,"15.11 - Devolução de títulos, protesto de títulos, sustação de protesto, manutenção de títulos, reapresentação de títulos, e demais serviços a eles
 relacionados."
6437900,6437-9/00,Sociedades de crédito ao microempreendedor,15.11,"15.11 - Devolução de títulos, protesto de títulos, sustação de protesto, manutenção de títulos, reapresentação de títulos, e demais serviços a eles
 relacionados."
6499999,6499-9/99,Outras atividades de serviços financeiros não especificadas anteriormente,15.11,"15.11 - Devolução de títulos, protesto de títulos, sustação de protesto, manutenção de títulos, reapresentação de títulos, e demais serviços a eles
 relacionados."
6619399,6619-3/99,Outras atividades auxiliares dos serviços financeiros não especificadas anteriormente,15.11,"15.11 - Devolução de títulos, protesto de títulos, sustação de protesto, manutenção de títulos, reapresentação de títulos, e demais serviços a eles
 relacionados."
6410700,6410-7/00,Banco Central,15.12,"15.12 - Custódia em geral, inclusive de títulos e valores mobiliários."
6421200,6421-2/00,Bancos comerciais,15.12,"15.12 - Custódia em geral, inclusive de títulos e valores mobiliários."
6422100,6422-1/00,"Bancos múltiplos, com carteira comercial",15.12,"15.12 - Custódia em geral, inclusive de títulos e valores mobiliários."
6423900,6423-9/00,Caixas econômicas,15.12,"15.12 - Custódia em geral, inclusive de títulos e valores mobiliários."
6424701,6424-7/01,Bancos cooperativos,15.12,"15.12 - Custódia em geral, inclusive de títulos e valores mobiliários."
6424702,6424-7/02,Cooperativas centrais de crédito,15.12,"15.12 - Custódia em geral, inclusive de títulos e valores mobiliários."
6424703,6424-7/03,Cooperativas de crédito mútuo,15.12,"15.12 - Custódia em geral, inclusive de títulos e valores mobiliários."
6424704,6424-7/04,Cooperativas de crédito rural,15.12,"15.12 - Custódia em geral, inclusive de títulos e valores mobiliários."
6431000,6431-0/00,"Bancos múltiplos, sem carteira comercial",15.12,"15.12 - Custódia em geral, inclusive de títulos e valores mobiliários."
6432800,6432-8/00,Bancos de investimento,15.12,"15.12 - Custódia em geral, inclusive de títulos e valores mobiliários."
6433600,6433-6/00,Bancos de desenvolvimento,15.12,"15.12 - Custódia em geral, inclusive de títulos e valores mobiliários."
6435201,6435-2/01,Sociedades de crédito imobiliário,15.12,"15.12 - Custódia em geral, inclusive de títulos e valores mobiliários."
6435202,6435-2/02,Associações de poupança e empréstimo,15.12,"15.12 - Custódia em geral, inclusive de títulos e valores mobiliários."
6435203,6435-2/03,Companhias hipotecárias,15.12,"15.12 - Custódia em geral, inclusive de títulos e valores mobiliários."
6436100,6436-1/00,"Sociedades de crédito, financiamento e investimento - financeiras",15.12,"15.12 - Custódia em geral, inclusive de títulos e valores mobiliários."
6437900,6437-9/00,Sociedades de crédito ao microempreendedor,15.12,"15.12 - Custódia em geral, inclusive de títulos e valores mobiliários."
6499999,6499-9/99,Outras atividades de serviços financeiros não especificadas anteriormente,15.12,"15.12 - Custódia em geral, inclusive de títulos e valores mobiliários."
6619301,6619-3/01,Serviços de liquidação e custódia,15.12,"15.12 - Custódia em geral, inclusive de títulos e valores mobiliários."
6619399,6619-3/99,Outras atividades auxiliares dos serviços financeiros não especificadas anteriormente,15.12,"15.12 - Custódia em geral, inclusive de títulos e valores mobiliários."
6410700,6410-7/00,Banco Central,15.13,"15.13 - Serviços relacionados a operações de câmbio em geral, edição, alteração, prorrogação, cancelamento e baixa de contrato de câmbio; emissão de registro de exportação ou de crédito; cobrança ou depósito no exterior; emissão, fornecimento e cancelamento de cheques de viagem;fornecimento, transferência, cancelamento e demais serviços relativos a carta de crédito de importação, exportação e garantias
 recebidas; envio e recebimento de mensagens em geral relacionadas a operações de câmbio."
6421200,6421-2/00,Bancos comerciais,15.13,"15.13 - Serviços relacionados a operações de câmbio em geral, edição, alteração, prorrogação, cancelamento e baixa de contrato de câmbio; emissão de registro de exportação ou de crédito; cobrança ou depósito no exterior; emissão, fornecimento e cancelamento de cheques de viagem;fornecimento, transferência, cancelamento e demais serviços relativos a carta de crédito de importação, exportação e garantias
 recebidas; envio e recebimento de mensagens em geral relacionadas a operações de câmbio."
6422100,6422-1/00,"Bancos múltiplos, com carteira comercial",15.13,"15.13 - Serviços relacionados a operações de câmbio em geral, edição, alteração, prorrogação, cancelamento e baixa de contrato de câmbio; emissão de registro de exportação ou de crédito; cobrança ou depósito no exterior; emissão, fornecimento e cancelamento de cheques de viagem;fornecimento, transferência, cancelamento e demais serviços relativos a carta de crédito de importação, exportação e garantias
 recebidas; envio e recebimento de mensagens em geral relacionadas a operações de câmbio."
6423900,6423-9/00,Caixas econômicas,15.13,"15.13 - Serviços relacionados a operações de câmbio em geral, edição, alteração, prorrogação, cancelamento e baixa de contrato de câmbio; emissão de registro de exportação ou de crédito; cobrança ou depósito no exterior; emissão, fornecimento e cancelamento de cheques de viagem;fornecimento, transferência, cancelamento e demais serviços relativos a carta de crédito de importação, exportação e garantias
 recebidas; envio e recebimento de mensagens em geral relacionadas a operações de câmbio."
6424701,6424-7/01,Bancos cooperativos,15.13,"15.13 - Serviços relacionados a operações de câmbio em geral, edição, alteração, prorrogação, cancelamento e baixa de contrato de câmbio; emissão de registro de exportação ou de crédito; cobrança ou depósito no exterior; emissão, fornecimento e cancelamento de cheques de viagem;fornecimento, transferência, cancelamento e demais serviços relativos a carta de crédito de importação, exportação e garantias
 recebidas; envio e recebimento de mensagens em geral relacionadas a operações de câmbio."
6424702,6424-7/02,Cooperativas centrais de crédito,15.13,"15.13 - Serviços relacionados a operações de câmbio em geral, edição, alteração, prorrogação, cancelamento e baixa de contrato de câmbio; emissão de registro de exportação ou de crédito; cobrança ou depósito no exterior; emissão, fornecimento e cancelamento de cheques de viagem;fornecimento, transferência, cancelamento e demais serviços relativos a carta de crédito de importação, exportação e garantias
 recebidas; envio e recebimento de mensagens em geral relacionadas a operações de câmbio."
6424703,6424-7/03,Cooperativas de crédito mútuo,15.13,"15.13 - Serviços relacionados a operações de câmbio em geral, edição, alteração, prorrogação, cancelamento e baixa de contrato de câmbio; emissão de registro de exportação ou de crédito; cobrança ou depósito no exterior; emissão, fornecimento e cancelamento de cheques de viagem;fornecimento, transferência, cancelamento e demais serviços relativos a carta de crédito de importação, exportação e garantias
 recebidas; envio e recebimento de mensagens em geral relacionadas a operações de câmbio."
6424704,6424-7/04,Cooperativas de crédito rural,15.13,"15.13 - Serviços relacionados a operações de câmbio em geral, edição, alteração, prorrogação, cancelamento e baixa de contrato de câmbio; emissão de registro de exportação ou de crédito; cobrança ou depósito no exterior; emissão, fornecimento e cancelamento de cheques de viagem;fornecimento, transferência, cancelamento e demais serviços relativos a carta de crédito de importação, exportação e garantias
 recebidas; envio e recebimento de mensagens em geral relacionadas a operações de câmbio."
6431000,6431-0/00,"Bancos múltiplos, sem carteira comercial",15.13,"15.13 - Serviços relacionados a operações de câmbio em geral, edição, alteração, prorrogação, cancelamento e baixa de contrato de câmbio; emissão de registro de exportação ou de crédito; cobrança ou depósito no exterior; emissão, fornecimento e cancelamento de cheques de viagem;fornecimento, transferência, cancelamento e demais serviços relativos a carta de crédito de importação, exportação e garantias
 recebidas; envio e recebimento de mensagens em geral relacionadas a operações de câmbio."
6432800,6432-8/00,Bancos de investimento,15.13,"15.13 - Serviços relacionados a operações de câmbio em geral, edição, alteração, prorrogação, cancelamento e baixa de contrato de câmbio; emissão de registro de exportação ou de crédito; cobrança ou depósito no exterior; emissão, fornecimento e cancelamento de cheques de viagem;fornecimento, transferência, cancelamento e demais serviços relativos a carta de crédito de importação, exportação e garantias
 recebidas; envio e recebimento de mensagens em geral relacionadas a operações de câmbio."
6433600,6433-6/00,Bancos de desenvolvimento,15.13,"15.13 - Serviços relacionados a operações de câmbio em geral, edição, alteração, prorrogação, cancelamento e baixa de contrato de câmbio; emissão de registro de exportação ou de crédito; cobrança ou depósito no exterior; emissão, fornecimento e cancelamento de cheques de viagem;fornecimento, transferência, cancelamento e demais serviços relativos a carta de crédito de importação, exportação e garantias
 recebidas; envio e recebimento de mensagens em geral relacionadas a operações de câmbio."
6434400,6434-4/00,Agências de fomento,15.13,"15.13 - Serviços relacionados a operações de câmbio em geral, edição, alteração, prorrogação, cancelamento e baixa de contrato de câmbio; emissão de registro de exportação ou de crédito; cobrança ou depósito no exterior; emissão, fornecimento e cancelamento de cheques de viagem;fornecimento, transferência, cancelamento e demais serviços relativos a carta de crédito de importação, exportação e garantias
 recebidas; envio e recebimento de mensagens em geral relacionadas a operações de câmbio."
6435201,6435-2/01,Sociedades de crédito imobiliário,15.13,"15.13 - Serviços relacionados a operações de câmbio em geral, edição, alteração, prorrogação, cancelamento e baixa de contrato de câmbio; emissão de registro de exportação ou de crédito; cobrança ou depósito no exterior; emissão, fornecimento e cancelamento de cheques de viagem;fornecimento, transferência, cancelamento e demais serviços relativos a carta de crédito de importação, exportação e garantias
 recebidas; envio e recebimento de mensagens em geral relacionadas a operações de câmbio."
6435202,6435-2/02,Associações de poupança e empréstimo,15.13,"15.13 - Serviços relacionados a operações de câmbio em geral, edição, alteração, prorrogação, cancelamento e baixa de contrato de câmbio; emissão de registro de exportação ou de crédito; cobrança ou depósito no exterior; emissão, fornecimento e cancelamento de cheques de viagem;fornecimento, transferência, cancelamento e demais serviços relativos a carta de crédito de importação, exportação e garantias
 recebidas; envio e recebimento de mensagens em geral relacionadas a operações de câmbio."
6435203,6435-2/03,Companhias hipotecárias,15.13,"15.13 - Serviços relacionados a operações de câmbio em geral, edição, alteração, prorrogação, cancelamento e baixa de contrato de câmbio; emissão de registro de exportação ou de crédito; cobrança ou depósito no exterior; emissão, fornecimento e cancelamento de cheques de viagem;fornecimento, transferência, cancelamento e demais serviços relativos a carta de crédito de importação, exportação e garantias
 recebidas; envio e recebimento de mensagens em geral relacionadas a operações de câmbio."
6436100,6436-1/00,"Sociedades de crédito, financiamento e investimento - financeiras",15.13,"15.13 - Serviços relacionados a operações de câmbio em geral, edição, alteração, prorrogação, cancelamento e baixa de contrato de câmbio; emissão de registro de exportação ou de crédito; cobrança ou depósito no exterior; emissão, fornecimento e cancelamento de cheques de viagem;fornecimento, transferência, cancelamento e demais serviços relativos a carta de crédito de importação, exportação e garantias
 recebidas; envio e recebimento de mensagens em geral relacionadas a operações de câmbio."
6437900,6437-9/00,Sociedades de crédito ao microempreendedor,15.13,"15.13 - Serviços relacionados a operações de câmbio em geral, edição, alteração, prorrogação, cancelamento e baixa de contrato de câmbio; emissão de registro de exportação ou de crédito; cobrança ou depósito no exterior; emissão, fornecimento e cancelamento de cheques de viagem;fornecimento, transferência, cancelamento e demais serviços relativos a carta de crédito de importação, exportação e garantias
 recebidas; envio e recebimento de mensagens em geral relacionadas a operações de câmbio."
6438701,6438-7/01,Bancos de câmbio,15.13,"15.13 - Serviços relacionados a operações de câmbio em geral, edição, alteração, prorrogação, cancelamento e baixa de contrato de câmbio; emissão de registro de exportação ou de crédito; cobrança ou depósito no exterior; emissão, fornecimento e cancelamento de cheques de viagem;fornecimento, transferência, cancelamento e demais serviços relativos a carta de crédito de importação, exportação e garantias
 recebidas; envio e recebimento de mensagens em geral relacionadas a operações de câmbio."
6438799,6438-7/99,Outras instituições de intermediação não-monetária não especificadas anteriormente,15.13,"15.13 - Serviços relacionados a operações de câmbio em geral, edição, alteração, prorrogação, cancelamento e baixa de contrato de câmbio; emissão de registro de exportação ou de crédito; cobrança ou depósito no exterior; emissão, fornecimento e cancelamento de cheques de viagem;fornecimento, transferência, cancelamento e demais serviços relativos a carta de crédito de importação, exportação e garantias
 recebidas; envio e recebimento de mensagens em geral relacionadas a operações de câmbio."
6450600,6450-6/00,Sociedades de capitalização,15.13,"15.13 - Serviços relacionados a operações de câmbio em geral, edição, alteração, prorrogação, cancelamento e baixa de contrato de câmbio; emissão de registro de exportação ou de crédito; cobrança ou depósito no exterior; emissão, fornecimento e cancelamento de cheques de viagem;fornecimento, transferência, cancelamento e demais serviços relativos a carta de crédito de importação, exportação e garantias
 recebidas; envio e recebimento de mensagens em geral relacionadas a operações de câmbio."
6499901,6499-9/01,Clubes de investimento,15.13,"15.13 - Serviços relacionados a operações de câmbio em geral, edição, alteração, prorrogação, cancelamento e baixa de contrato de câmbio; emissão de registro de exportação ou de crédito; cobrança ou depósito no exterior; emissão, fornecimento e cancelamento de cheques de viagem;fornecimento, transferência, cancelamento e demais serviços relativos a carta de crédito de importação, exportação e garantias
 recebidas; envio e recebimento de mensagens em geral relacionadas a operações de câmbio."
6499902,6499-9/02,Sociedades de investimento,15.13,"15.13 - Serviços relacionados a operações de câmbio em geral, edição, alteração, prorrogação, cancelamento e baixa de contrato de câmbio; emissão de registro de exportação ou de crédito; cobrança ou depósito no exterior; emissão, fornecimento e cancelamento de cheques de viagem;fornecimento, transferência, cancelamento e demais serviços relativos a carta de crédito de importação, exportação e garantias
 recebidas; envio e recebimento de mensagens em geral relacionadas a operações de câmbio."
6499904,6499-9/04,Caixas de financiamento de corporações,15.13,"15.13 - Serviços relacionados a operações de câmbio em geral, edição, alteração, prorrogação, cancelamento e baixa de contrato de câmbio; emissão de registro de exportação ou de crédito; cobrança ou depósito no exterior; emissão, fornecimento e cancelamento de cheques de viagem;fornecimento, transferência, cancelamento e demais serviços relativos a carta de crédito de importação, exportação e garantias
 recebidas; envio e recebimento de mensagens em geral relacionadas a operações de câmbio."
6499999,6499-9/99,Outras atividades de serviços financeiros não especificadas anteriormente,15.13,"15.13 - Serviços relacionados a operações de câmbio em geral, edição, alteração, prorrogação, cancelamento e baixa de contrato de câmbio; emissão de registro de exportação ou de crédito; cobrança ou depósito no exterior; emissão, fornecimento e cancelamento de cheques de viagem;fornecimento, transferência, cancelamento e demais serviços relativos a carta de crédito de importação, exportação e garantias
 recebidas; envio e recebimento de mensagens em geral relacionadas a operações de câmbio."
6612603,6612-6/03,Corretoras de câmbio,15.13,"15.13 - Serviços relacionados a operações de câmbio em geral, edição, alteração, prorrogação, cancelamento e baixa de contrato de câmbio; emissão de registro de exportação ou de crédito; cobrança ou depósito no exterior; emissão, fornecimento e cancelamento de cheques de viagem;fornecimento, transferência, cancelamento e demais serviços relativos a carta de crédito de importação, exportação e garantias
 recebidas; envio e recebimento de mensagens em geral relacionadas a operações de câmbio."
6619399,6619-3/99,Outras atividades auxiliares dos serviços financeiros não especificadas anteriormente,15.13,"15.13 - Serviços relacionados a operações de câmbio em geral, edição, alteração, prorrogação, cancelamento e baixa de contrato de câmbio; emissão de registro de exportação ou de crédito; cobrança ou depósito no exterior; emissão, fornecimento e cancelamento de cheques de viagem;fornecimento, transferência, cancelamento e demais serviços relativos a carta de crédito de importação, exportação e garantias
 recebidas; envio e recebimento de mensagens em geral relacionadas a operações de câmbio."
6410700,6410-7/00,Banco Central,15.14,"15.14 - Fornecimento, emissão, reemissão, renovação e manutenção de cartão magnético, cartão de crédito, cartão de débito, cartão salário e
 congêneres."
6421200,6421-2/00,Bancos comerciais,15.14,"15.14 - Fornecimento, emissão, reemissão, renovação e manutenção de cartão magnético, cartão de crédito, cartão de débito, cartão salário e
 congêneres."
6422100,6422-1/00,"Bancos múltiplos, com carteira comercial",15.14,"15.14 - Fornecimento, emissão, reemissão, renovação e manutenção de cartão magnético, cartão de crédito, cartão de débito, cartão salário e
 congêneres."
6423900,6423-9/00,Caixas econômicas,15.14,"15.14 - Fornecimento, emissão, reemissão, renovação e manutenção de cartão magnético, cartão de crédito, cartão de débito, cartão salário e
 congêneres."
6424701,6424-7/01,Bancos cooperativos,15.14,"15.14 - Fornecimento, emissão, reemissão, renovação e manutenção de cartão magnético, cartão de crédito, cartão de débito, cartão salário e
 congêneres."
6424702,6424-7/02,Cooperativas centrais de crédito,15.14,"15.14 - Fornecimento, emissão, reemissão, renovação e manutenção de cartão magnético, cartão de crédito, cartão de débito, cartão salário e
 congêneres."
6424703,6424-7/03,Cooperativas de crédito mútuo,15.14,"15.14 - Fornecimento, emissão, reemissão, renovação e manutenção de cartão magnético, cartão de crédito, cartão de débito, cartão salário e
 congêneres."
6424704,6424-7/04,Cooperativas de crédito rural,15.14,"15.14 - Fornecimento, emissão, reemissão, renovação e manutenção de cartão magnético, cartão de crédito, cartão de débito, cartão salário e
 congêneres."
6431000,6431-0/00,"Bancos múltiplos, sem carteira comercial",15.14,"15.14 - Fornecimento, emissão, reemissão, renovação e manutenção de cartão magnético, cartão de crédito, cartão de débito, cartão salário e
 congêneres."
6432800,6432-8/00,Bancos de investimento,15.14,"15.14 - Fornecimento, emissão, reemissão, renovação e manutenção de cartão magnético, cartão de crédito, cartão de débito, cartão salário e
 congêneres."
6433600,6433-6/00,Bancos de desenvolvimento,15.14,"15.14 - Fornecimento, emissão, reemissão, renovação e manutenção de cartão magnético, cartão de crédito, cartão de débito, cartão salário e
 congêneres."
6435201,6435-2/01,Sociedades de crédito imobiliário,15.14,"15.14 - Fornecimento, emissão, reemissão, renovação e manutenção de cartão magnético, cartão de crédito, cartão de débito, cartão salário e
 congêneres."
6435202,6435-2/02,Associações de poupança e empréstimo,15.14,"15.14 - Fornecimento, emissão, reemissão, renovação e manutenção de cartão magnético, cartão de crédito, cartão de débito, cartão salário e
 congêneres."
6435203,6435-2/03,Companhias hipotecárias,15.14,"15.14 - Fornecimento, emissão, reemissão, renovação e manutenção de cartão magnético, cartão de crédito, cartão de débito, cartão salário e
 congêneres."
6436100,6436-1/00,"Sociedades de crédito, financiamento e investimento - financeiras",15.14,"15.14 - Fornecimento, emissão, reemissão, renovação e manutenção de cartão magnético, cartão de crédito, cartão de débito, cartão salário e
 congêneres."
6437900,6437-9/00,Sociedades de crédito ao microempreendedor,15.14,"15.14 - Fornecimento, emissão, reemissão, renovação e manutenção de cartão magnético, cartão de crédito, cartão de débito, cartão salário e
 congêneres."
6499999,6499-9/99,Outras atividades de serviços financeiros não especificadas anteriormente,15.14,"15.14 - Fornecimento, emissão, reemissão, renovação e manutenção de cartão magnético, cartão de crédito, cartão de débito, cartão salário e
 congêneres."
6619399,6619-3/99,Outras atividades auxiliares dos serviços financeiros não especificadas anteriormente,15.14,"15.14 - Fornecimento, emissão, reemissão, renovação e manutenção de cartão magnético, cartão de crédito, cartão de débito, cartão salário e
 congêneres."
6410700,6410-7/00,Banco Central,15.15,"15.15 - Compensação de cheques e títulos quaisquer; serviços relacionados a depósito, inclusive depósito identificado, a saque de contas
 quaisquer, por qualquer meio ou processo, inclusive em terminais eletrônicos e de atendimento."
6421200,6421-2/00,Bancos comerciais,15.15,"15.15 - Compensação de cheques e títulos quaisquer; serviços relacionados a depósito, inclusive depósito identificado, a saque de contas
 quaisquer, por qualquer meio ou processo, inclusive em terminais eletrônicos e de atendimento."
6422100,6422-1/00,"Bancos múltiplos, com carteira comercial",15.15,"15.15 - Compensação de cheques e títulos quaisquer; serviços relacionados a depósito, inclusive depósito identificado, a saque de contas
 quaisquer, por qualquer meio ou processo, inclusive em terminais eletrônicos e de atendimento."
6423900,6423-9/00,Caixas econômicas,15.15,"15.15 - Compensação de cheques e títulos quaisquer; serviços relacionados a depósito, inclusive depósito identificado, a saque de contas
 quaisquer, por qualquer meio ou processo, inclusive em terminais eletrônicos e de atendimento."
6424701,6424-7/01,Bancos cooperativos,15.15,"15.15 - Compensação de cheques e títulos quaisquer; serviços relacionados a depósito, inclusive depósito identificado, a saque de contas
 quaisquer, por qualquer meio ou processo, inclusive em terminais eletrônicos e de atendimento."
6424702,6424-7/02,Cooperativas centrais de crédito,15.15,"15.15 - Compensação de cheques e títulos quaisquer; serviços relacionados a depósito, inclusive depósito identificado, a saque de contas
 quaisquer, por qualquer meio ou processo, inclusive em terminais eletrônicos e de atendimento."
6424703,6424-7/03,Cooperativas de crédito mútuo,15.15,"15.15 - Compensação de cheques e títulos quaisquer; serviços relacionados a depósito, inclusive depósito identificado, a saque de contas
 quaisquer, por qualquer meio ou processo, inclusive em terminais eletrônicos e de atendimento."
6424704,6424-7/04,Cooperativas de crédito rural,15.15,"15.15 - Compensação de cheques e títulos quaisquer; serviços relacionados a depósito, inclusive depósito identificado, a saque de contas
 quaisquer, por qualquer meio ou processo, inclusive em terminais eletrônicos e de atendimento."
6431000,6431-0/00,"Bancos múltiplos, sem carteira comercial",15.15,"15.15 - Compensação de cheques e títulos quaisquer; serviços relacionados a depósito, inclusive depósito identificado, a saque de contas
 quaisquer, por qualquer meio ou processo, inclusive em terminais eletrônicos e de atendimento."
6432800,6432-8/00,Bancos de investimento,15.15,"15.15 - Compensação de cheques e títulos quaisquer; serviços relacionados a depósito, inclusive depósito identificado, a saque de contas
 quaisquer, por qualquer meio ou processo, inclusive em terminais eletrônicos e de atendimento."
6433600,6433-6/00,Bancos de desenvolvimento,15.15,"15.15 - Compensação de cheques e títulos quaisquer; serviços relacionados a depósito, inclusive depósito identificado, a saque de contas
 quaisquer, por qualquer meio ou processo, inclusive em terminais eletrônicos e de atendimento."
6435201,6435-2/01,Sociedades de crédito imobiliário,15.15,"15.15 - Compensação de cheques e títulos quaisquer; serviços relacionados a depósito, inclusive depósito identificado, a saque de contas
 quaisquer, por qualquer meio ou processo, inclusive em terminais eletrônicos e de atendimento."
6435202,6435-2/02,Associações de poupança e empréstimo,15.15,"15.15 - Compensação de cheques e títulos quaisquer; serviços relacionados a depósito, inclusive depósito identificado, a saque de contas
 quaisquer, por qualquer meio ou processo, inclusive em terminais eletrônicos e de atendimento."
6435203,6435-2/03,Companhias hipotecárias,15.15,"15.15 - Compensação de cheques e títulos quaisquer; serviços relacionados a depósito, inclusive depósito identificado, a saque de contas
 quaisquer, por qualquer meio ou processo, inclusive em terminais eletrônicos e de atendimento."
6436100,6436-1/00,"Sociedades de crédito, financiamento e investimento - financeiras",15.15,"15.15 - Compensação de cheques e títulos quaisquer; serviços relacionados a depósito, inclusive depósito identificado, a saque de contas
 quaisquer, por qualquer meio ou processo, inclusive em terminais eletrônicos e de atendimento."
6437900,6437-9/00,Sociedades de crédito ao microempreendedor,15.15,"15.15 - Compensação de cheques e títulos quaisquer; serviços relacionados a depósito, inclusive depósito identificado, a saque de contas
 quaisquer, por qualquer meio ou processo, inclusive em terminais eletrônicos e de atendimento."
6499999,6499-9/99,Outras atividades de serviços financeiros não especificadas anteriormente,15.15,"15.15 - Compensação de cheques e títulos quaisquer; serviços relacionados a depósito, inclusive depósito identificado, a saque de contas
 quaisquer, por qualquer meio ou processo, inclusive em terminais eletrônicos e de atendimento."
6619399,6619-3/99,Outras atividades auxiliares dos serviços financeiros não especificadas anteriormente,15.15,"15.15 - Compensação de cheques e títulos quaisquer; serviços relacionados a depósito, inclusive depósito identificado, a saque de contas
 quaisquer, por qualquer meio ou processo, inclusive em terminais eletrônicos e de atendimento."
6410700,6410-7/00,Banco Central,15.16,"15.16 - Emissão, reemissão, liquidação, alteração, cancelamento e baixa de ordens de pagamento, ordens de crédito e similares, por qualquer meio ou processo; serviços relacionados à transferência de valores, dados, fundos, pagamentos e similares, inclusive entre contas em geral."
6421200,6421-2/00,Bancos comerciais,15.16,"15.16 - Emissão, reemissão, liquidação, alteração, cancelamento e baixa de ordens de pagamento, ordens de crédito e similares, por qualquer meio ou processo; serviços relacionados à transferência de valores, dados, fundos, pagamentos e similares, inclusive entre contas em geral."
6422100,6422-1/00,"Bancos múltiplos, com carteira comercial",15.16,"15.16 - Emissão, reemissão, liquidação, alteração, cancelamento e baixa de ordens de pagamento, ordens de crédito e similares, por qualquer meio ou processo; serviços relacionados à transferência de valores, dados, fundos, pagamentos e similares, inclusive entre contas em geral."
6423900,6423-9/00,Caixas econômicas,15.16,"15.16 - Emissão, reemissão, liquidação, alteração, cancelamento e baixa de ordens de pagamento, ordens de crédito e similares, por qualquer meio ou processo; serviços relacionados à transferência de valores, dados, fundos, pagamentos e similares, inclusive entre contas em geral."
6424701,6424-7/01,Bancos cooperativos,15.16,"15.16 - Emissão, reemissão, liquidação, alteração, cancelamento e baixa de ordens de pagamento, ordens de crédito e similares, por qualquer meio ou processo; serviços relacionados à transferência de valores, dados, fundos, pagamentos e similares, inclusive entre contas em geral."
6424702,6424-7/02,Cooperativas centrais de crédito,15.16,"15.16 - Emissão, reemissão, liquidação, alteração, cancelamento e baixa de ordens de pagamento, ordens de crédito e similares, por qualquer meio ou processo; serviços relacionados à transferência de valores, dados, fundos, pagamentos e similares, inclusive entre contas em geral."
6424703,6424-7/03,Cooperativas de crédito mútuo,15.16,"15.16 - Emissão, reemissão, liquidação, alteração, cancelamento e baixa de ordens de pagamento, ordens de crédito e similares, por qualquer meio ou processo; serviços relacionados à transferência de valores, dados, fundos, pagamentos e similares, inclusive entre contas em geral."
6424704,6424-7/04,Cooperativas de crédito rural,15.16,"15.16 - Emissão, reemissão, liquidação, alteração, cancelamento e baixa de ordens de pagamento, ordens de crédito e similares, por qualquer meio ou processo; serviços relacionados à transferência de valores, dados, fundos, pagamentos e similares, inclusive entre contas em geral."
6431000,6431-0/00,"Bancos múltiplos, sem carteira comercial",15.16,"15.16 - Emissão, reemissão, liquidação, alteração, cancelamento e baixa de ordens de pagamento, ordens de crédito e similares, por qualquer meio ou processo; serviços relacionados à transferência de valores, dados, fundos, pagamentos e similares, inclusive entre contas em geral."
6432800,6432-8/00,Bancos de investimento,15.16,"15.16 - Emissão, reemissão, liquidação, alteração, cancelamento e baixa de ordens de pagamento, ordens de crédito e similares, por qualquer meio ou processo; serviços relacionados à transferência de valores, dados, fundos, pagamentos e similares, inclusive entre contas em geral."
6433600,6433-6/00,Bancos de desenvolvimento,15.16,"15.16 - Emissão, reemissão, liquidação, alteração, cancelamento e baixa de ordens de pagamento, ordens de crédito e similares, por qualquer meio ou processo; serviços relacionados à transferência de valores, dados, fundos, pagamentos e similares, inclusive entre contas em geral."
6435201,6435-2/01,Sociedades de crédito imobiliário,15.16,"15.16 - Emissão, reemissão, liquidação, alteração, cancelamento e baixa de ordens de pagamento, ordens de crédito e similares, por qualquer meio ou processo; serviços relacionados à transferência de valores, dados, fundos, pagamentos e similares, inclusive entre contas em geral."
6435202,6435-2/02,Associações de poupança e empréstimo,15.16,"15.16 - Emissão, reemissão, liquidação, alteração, cancelamento e baixa de ordens de pagamento, ordens de crédito e similares, por qualquer meio ou processo; serviços relacionados à transferência de valores, dados, fundos, pagamentos e similares, inclusive entre contas em geral."
6435203,6435-2/03,Companhias hipotecárias,15.16,"15.16 - Emissão, reemissão, liquidação, alteração, cancelamento e baixa de ordens de pagamento, ordens de crédito e similares, por qualquer meio ou processo; serviços relacionados à transferência de valores, dados, fundos, pagamentos e similares, inclusive entre contas em geral."
6436100,6436-1/00,"Sociedades de crédito, financiamento e investimento - financeiras",15.16,"15.16 - Emissão, reemissão, liquidação, alteração, cancelamento e baixa de ordens de pagamento, ordens de crédito e similares, por qualquer meio ou processo; serviços relacionados à transferência de valores, dados, fundos, pagamentos e similares, inclusive entre contas em geral."
6437900,6437-9/00,Sociedades de crédito ao microempreendedor,15.16,"15.16 - Emissão, reemissão, liquidação, alteração, cancelamento e baixa de ordens de pagamento, ordens de crédito e similares, por qualquer meio ou processo; serviços relacionados à transferência de valores, dados, fundos, pagamentos e similares, inclusive entre contas em geral."
6499999,6499-9/99,Outras atividades de serviços financeiros não especificadas anteriormente,15.16,"15.16 - Emissão, reemissão, liquidação, alteração, cancelamento e baixa de ordens de pagamento, ordens de crédito e similares, por qualquer meio ou processo; serviços relacionados à transferência de valores, dados, fundos, pagamentos e similares, inclusive entre contas em geral."
6619301,6619-3/01,Serviços de liquidação e custódia,15.16,"15.16 - Emissão, reemissão, liquidação, alteração, cancelamento e baixa de ordens de pagamento, ordens de crédito e similares, por qualquer meio ou processo; serviços relacionados à transferência de valores, dados, fundos, pagamentos e similares, inclusive entre contas em geral."
6619399,6619-3/99,Outras atividades auxiliares dos serviços financeiros não especificadas anteriormente,15.16,"15.16 - Emissão, reemissão, liquidação, alteração, cancelamento e baixa de ordens de pagamento, ordens de crédito e similares, por qualquer meio ou processo; serviços relacionados à transferência de valores, dados, fundos, pagamentos e similares, inclusive entre contas em geral."
6410700,6410-7/00,Banco Central,15.17,"15.17 - Emissão, fornecimento, devolução, sustação, cancelamento e oposição de cheques quaisquer, avulso ou por talão."
6421200,6421-2/00,Bancos comerciais,15.17,"15.17 - Emissão, fornecimento, devolução, sustação, cancelamento e oposição de cheques quaisquer, avulso ou por talão."
6422100,6422-1/00,"Bancos múltiplos, com carteira comercial",15.17,"15.17 - Emissão, fornecimento, devolução, sustação, cancelamento e oposição de cheques quaisquer, avulso ou por talão."
6423900,6423-9/00,Caixas econômicas,15.17,"15.17 - Emissão, fornecimento, devolução, sustação, cancelamento e oposição de cheques quaisquer, avulso ou por talão."
6424701,6424-7/01,Bancos cooperativos,15.17,"15.17 - Emissão, fornecimento, devolução, sustação, cancelamento e oposição de cheques quaisquer, avulso ou por talão."
6424702,6424-7/02,Cooperativas centrais de crédito,15.17,"15.17 - Emissão, fornecimento, devolução, sustação, cancelamento e oposição de cheques quaisquer, avulso ou por talão."
6424703,6424-7/03,Cooperativas de crédito mútuo,15.17,"15.17 - Emissão, fornecimento, devolução, sustação, cancelamento e oposição de cheques quaisquer, avulso ou por talão."
6424704,6424-7/04,Cooperativas de crédito rural,15.17,"15.17 - Emissão, fornecimento, devolução, sustação, cancelamento e oposição de cheques quaisquer, avulso ou por talão."
6431000,6431-0/00,"Bancos múltiplos, sem carteira comercial",15.17,"15.17 - Emissão, fornecimento, devolução, sustação, cancelamento e oposição de cheques quaisquer, avulso ou por talão."
6432800,6432-8/00,Bancos de investimento,15.17,"15.17 - Emissão, fornecimento, devolução, sustação, cancelamento e oposição de cheques quaisquer, avulso ou por talão."
6433600,6433-6/00,Bancos de desenvolvimento,15.17,"15.17 - Emissão, fornecimento, devolução, sustação, cancelamento e oposição de cheques quaisquer, avulso ou por talão."
6435201,6435-2/01,Sociedades de crédito imobiliário,15.17,"15.17 - Emissão, fornecimento, devolução, sustação, cancelamento e oposição de cheques quaisquer, avulso ou por talão."
6435202,6435-2/02,Associações de poupança e empréstimo,15.17,"15.17 - Emissão, fornecimento, devolução, sustação, cancelamento e oposição de cheques quaisquer, avulso ou por talão."
6435203,6435-2/03,Companhias hipotecárias,15.17,"15.17 - Emissão, fornecimento, devolução, sustação, cancelamento e oposição de cheques quaisquer, avulso ou por talão."
6436100,6436-1/00,"Sociedades de crédito, financiamento e investimento - financeiras",15.17,"15.17 - Emissão, fornecimento, devolução, sustação, cancelamento e oposição de cheques quaisquer, avulso ou por talão."
6437900,6437-9/00,Sociedades de crédito ao microempreendedor,15.17,"15.17 - Emissão, fornecimento, devolução, sustação, cancelamento e oposição de cheques quaisquer, avulso ou por talão."
6499999,6499-9/99,Outras atividades de serviços financeiros não especificadas anteriormente,15.17,"15.17 - Emissão, fornecimento, devolução, sustação, cancelamento e oposição de cheques quaisquer, avulso ou por talão."
6619399,6619-3/99,Outras atividades auxiliares dos serviços financeiros não especificadas anteriormente,15.17,"15.17 - Emissão, fornecimento, devolução, sustação, cancelamento e oposição de cheques quaisquer, avulso ou por talão."
6410700,6410-7/00,Banco Central,15.18,"15.18 - Serviços relacionados a crédito imobiliário, avaliação e vistoria de imóvel ou obra, análise técnica e jurídica, emissão, reemissão, alteração, transferência e renegociação de contrato, emissão e reemissão do termo de quitação e demais serviços relacionados a crédito imobiliário."
6421200,6421-2/00,Bancos comerciais,15.18,"15.18 - Serviços relacionados a crédito imobiliário, avaliação e vistoria de imóvel ou obra, análise técnica e jurídica, emissão, reemissão, alteração, transferência e renegociação de contrato, emissão e reemissão do termo de quitação e demais serviços relacionados a crédito imobiliário."
6422100,6422-1/00,"Bancos múltiplos, com carteira comercial",15.18,"15.18 - Serviços relacionados a crédito imobiliário, avaliação e vistoria de imóvel ou obra, análise técnica e jurídica, emissão, reemissão, alteração, transferência e renegociação de contrato, emissão e reemissão do termo de quitação e demais serviços relacionados a crédito imobiliário."
6423900,6423-9/00,Caixas econômicas,15.18,"15.18 - Serviços relacionados a crédito imobiliário, avaliação e vistoria de imóvel ou obra, análise técnica e jurídica, emissão, reemissão, alteração, transferência e renegociação de contrato, emissão e reemissão do termo de quitação e demais serviços relacionados a crédito imobiliário."
6424701,6424-7/01,Bancos cooperativos,15.18,"15.18 - Serviços relacionados a crédito imobiliário, avaliação e vistoria de imóvel ou obra, análise técnica e jurídica, emissão, reemissão, alteração, transferência e renegociação de contrato, emissão e reemissão do termo de quitação e demais serviços relacionados a crédito imobiliário."
6424702,6424-7/02,Cooperativas centrais de crédito,15.18,"15.18 - Serviços relacionados a crédito imobiliário, avaliação e vistoria de imóvel ou obra, análise técnica e jurídica, emissão, reemissão, alteração, transferência e renegociação de contrato, emissão e reemissão do termo de quitação e demais serviços relacionados a crédito imobiliário."
6424703,6424-7/03,Cooperativas de crédito mútuo,15.18,"15.18 - Serviços relacionados a crédito imobiliário, avaliação e vistoria de imóvel ou obra, análise técnica e jurídica, emissão, reemissão, alteração, transferência e renegociação de contrato, emissão e reemissão do termo de quitação e demais serviços relacionados a crédito imobiliário."
6424704,6424-7/04,Cooperativas de crédito rural,15.18,"15.18 - Serviços relacionados a crédito imobiliário, avaliação e vistoria de imóvel ou obra, análise técnica e jurídica, emissão, reemissão, alteração, transferência e renegociação de contrato, emissão e reemissão do termo de quitação e demais serviços relacionados a crédito imobiliário."
6431000,6431-0/00,"Bancos múltiplos, sem carteira comercial",15.18,"15.18 - Serviços relacionados a crédito imobiliário, avaliação e vistoria de imóvel ou obra, análise técnica e jurídica, emissão, reemissão, alteração, transferência e renegociação de contrato, emissão e reemissão do termo de quitação e demais serviços relacionados a crédito imobiliário."
6432800,6432-8/00,Bancos de investimento,15.18,"15.18 - Serviços relacionados a crédito imobiliário, avaliação e vistoria de imóvel ou obra, análise técnica e jurídica, emissão, reemissão, alteração, transferência e renegociação de contrato, emissão e reemissão do termo de quitação e demais serviços relacionados a crédito imobiliário."
6433600,6433-6/00,Bancos de desenvolvimento,15.18,"15.18 - Serviços relacionados a crédito imobiliário, avaliação e vistoria de imóvel ou obra, análise técnica e jurídica, emissão, reemissão, alteração, transferência e renegociação de contrato, emissão e reemissão do termo de quitação e demais serviços relacionados a crédito imobiliário."
6434400,6434-4/00,Agências de fomento,15.18,"15.18 - Serviços relacionados a crédito imobiliário, avaliação e vistoria de imóvel ou obra, análise técnica e jurídica, emissão, reemissão, alteração, transferência e renegociação de contrato, emissão e reemissão do termo de quitação e demais serviços relacionados a crédito imobiliário."
6435201,6435-2/01,Sociedades de crédito imobiliário,15.18,"15.18 - Serviços relacionados a crédito imobiliário, avaliação e vistoria de imóvel ou obra, análise técnica e jurídica, emissão, reemissão, alteração, transferência e renegociação de contrato, emissão e reemissão do termo de quitação e demais serviços relacionados a crédito imobiliário."
6435202,6435-2/02,Associações de poupança e empréstimo,15.18,"15.18 - Serviços relacionados a crédito imobiliário, avaliação e vistoria de imóvel ou obra, análise técnica e jurídica, emissão, reemissão, alteração, transferência e renegociação de contrato, emissão e reemissão do termo de quitação e demais serviços relacionados a crédito imobiliário."
6435203,6435-2/03,Companhias hipotecárias,15.18,"15.18 - Serviços relacionados a crédito imobiliário, avaliação e vistoria de imóvel ou obra, análise técnica e jurídica, emissão, reemissão, alteração, transferência e renegociação de contrato, emissão e reemissão do termo de quitação e demais serviços relacionados a crédito imobiliário."
6436100,6436-1/00,"Sociedades de crédito, financiamento e investimento - financeiras",15.18,"15.18 - Serviços relacionados a crédito imobiliário, avaliação e vistoria de imóvel ou obra, análise técnica e jurídica, emissão, reemissão, alteração, transferência e renegociação de contrato, emissão e reemissão do termo de quitação e demais serviços relacionados a crédito imobiliário."
6437900,6437-9/00,Sociedades de crédito ao microempreendedor,15.18,"15.18 - Serviços relacionados a crédito imobiliário, avaliação e vistoria de imóvel ou obra, análise técnica e jurídica, emissão, reemissão, alteração, transferência e renegociação de contrato, emissão e reemissão do termo de quitação e demais serviços relacionados a crédito imobiliário."
6438701,6438-7/01,Bancos de câmbio,15.18,"15.18 - Serviços relacionados a crédito imobiliário, avaliação e vistoria de imóvel ou obra, análise técnica e jurídica, emissão, reemissão, alteração, transferência e renegociação de contrato, emissão e reemissão do termo de quitação e demais serviços relacionados a crédito imobiliário."
6450600,6450-6/00,Sociedades de capitalização,15.18,"15.18 - Serviços relacionados a crédito imobiliário, avaliação e vistoria de imóvel ou obra, análise técnica e jurídica, emissão, reemissão, alteração, transferência e renegociação de contrato, emissão e reemissão do termo de quitação e demais serviços relacionados a crédito imobiliário."
6499901,6499-9/01,Clubes de investimento,15.18,"15.18 - Serviços relacionados a crédito imobiliário, avaliação e vistoria de imóvel ou obra, análise técnica e jurídica, emissão, reemissão, alteração, transferência e renegociação de contrato, emissão e reemissão do termo de quitação e demais serviços relacionados a crédito imobiliário."
6499902,6499-9/02,Sociedades de investimento,15.18,"15.18 - Serviços relacionados a crédito imobiliário, avaliação e vistoria de imóvel ou obra, análise técnica e jurídica, emissão, reemissão, alteração, transferência e renegociação de contrato, emissão e reemissão do termo de quitação e demais serviços relacionados a crédito imobiliário."
6499904,6499-9/04,Caixas de financiamento de corporações,15.18,"15.18 - Serviços relacionados a crédito imobiliário, avaliação e vistoria de imóvel ou obra, análise técnica e jurídica, emissão, reemissão, alteração, transferência e renegociação de contrato, emissão e reemissão do termo de quitação e demais serviços relacionados a crédito imobiliário."
6499999,6499-9/99,Outras atividades de serviços financeiros não especificadas anteriormente,15.18,"15.18 - Serviços relacionados a crédito imobiliário, avaliação e vistoria de imóvel ou obra, análise técnica e jurídica, emissão, reemissão, alteração, transferência e renegociação de contrato, emissão e reemissão do termo de quitação e demais serviços relacionados a crédito imobiliário."
6612603,6612-6/03,Corretoras de câmbio,15.18,"15.18 - Serviços relacionados a crédito imobiliário, avaliação e vistoria de imóvel ou obra, análise técnica e jurídica, emissão, reemissão, alteração, transferência e renegociação de contrato, emissão e reemissão do termo de quitação e demais serviços relacionados a crédito imobiliário."
6619399,6619-3/99,Outras atividades auxiliares dos serviços financeiros não especificadas anteriormente,15.18,"15.18 - Serviços relacionados a crédito imobiliário, avaliação e vistoria de imóvel ou obra, análise técnica e jurídica, emissão, reemissão, alteração, transferência e renegociação de contrato, emissão e reemissão do termo de quitação e demais serviços relacionados a crédito imobiliário."
4912402,4912-4/02,Transporte ferroviário de passageiros municipal e em região metropolitana,16.01,"16.01 - Serviços de transporte coletivo municipal rodoviário, metroviário, ferroviário e aquaviário de passageiros."
4912403,4912-4/03,Transporte metroviário,16.01,"16.01 - Serviços de transporte coletivo municipal rodoviário, metroviário, ferroviário e aquaviário de passageiros."
4921301,4921-3/01,"Transporte rodoviário coletivo de passageiros, com itinerário fixo, municipal",16.01,"16.01 - Serviços de transporte coletivo municipal rodoviário, metroviário, ferroviário e aquaviário de passageiros."
4924800,4924-8/00,Transporte escolar,16.01,"16.01 - Serviços de transporte coletivo municipal rodoviário, metroviário, ferroviário e aquaviário de passageiros."
5112999,5112-9/99,Outros serviços de transporte aéreo de passageiros não-regular,16.01,"16.01 - Serviços de transporte coletivo municipal rodoviário, metroviário, ferroviário e aquaviário de passageiros."
4911600,4911-6/00,Transporte ferroviário de carga,16.02,16.02 - Outros serviços de transporte de natureza municipal.
4923001,4923-0/01,Serviço de táxi,16.02,16.02 - Outros serviços de transporte de natureza municipal.
4923002,4923-0/02,Serviço de transporte de passageiros - locação de automóveis com motorista,16.02,16.02 - Outros serviços de transporte de natureza municipal.
4924800,4924-8/00,Transporte escolar,16.02,16.02 - Outros serviços de transporte de natureza municipal.
4929901,4929-9/01,"Transporte rodoviário coletivo de passageiros, sob regime de fretamento, municipal",16.02,16.02 - Outros serviços de transporte de natureza municipal.
4929999,4929-9/99,Outros transportes rodoviários de passageiros não especificados anteriormente,16.02,16.02 - Outros serviços de transporte de natureza municipal.
4930201,4930-2/01,"Transporte rodoviário de carga, exceto produtos perigosos e mudanças, municipal",16.02,16.02 - Outros serviços de transporte de natureza municipal.
4930203,4930-2/03,Transporte rodoviário de produtos perigosos,16.02,16.02 - Outros serviços de transporte de natureza municipal.
4930204,4930-2/04,Transporte rodoviário de mudanças,16.02,16.02 - Outros serviços de transporte de natureza municipal.
4940000,4940-0/00,Transporte dutoviário,16.02,16.02 - Outros serviços de transporte de natureza municipal.
4950700,4950-7/00,"Trens turísticos, teleféricos e similares",16.02,16.02 - Outros serviços de transporte de natureza municipal.
5011401,5011-4/01,Transporte marítimo de cabotagem - Carga,16.02,16.02 - Outros serviços de transporte de natureza municipal.
5011402,5011-4/02,Transporte marítimo de cabotagem - passageiros,16.02,16.02 - Outros serviços de transporte de natureza municipal.
5021101,5021-1/01,"Transporte por navegação interior de carga, municipal, exceto travessia",16.02,16.02 - Outros serviços de transporte de natureza municipal.
5022001,5022-0/01,"Transporte por navegação interior de passageiros em linhas regulares, municipal, exceto travessia",16.02,16.02 - Outros serviços de transporte de natureza municipal.
5091201,5091-2/01,"Transporte por navegação de travessia, municipal",16.02,16.02 - Outros serviços de transporte de natureza municipal.
5099801,5099-8/01,Transporte aquaviário para passeios turísticos,16.02,16.02 - Outros serviços de transporte de natureza municipal.
5099899,5099-8/99,Outros transportes aquaviários não especificados anteriormente,16.02,16.02 - Outros serviços de transporte de natureza municipal.
5112901,5112-9/01,Serviço de táxi aéreo e locação de aeronaves com tripulação,16.02,16.02 - Outros serviços de transporte de natureza municipal.
5112999,5112-9/99,Outros serviços de transporte aéreo de passageiros não-regular,16.02,16.02 - Outros serviços de transporte de natureza municipal.
5120000,5120-0/00,Transporte aéreo de carga,16.02,16.02 - Outros serviços de transporte de natureza municipal.
5229002,5229-0/02,Serviços de reboque de veículos,16.02,16.02 - Outros serviços de transporte de natureza municipal.
5229099,5229-0/99,Outras atividades auxiliares dos transportes terrestres não especificadas anteriormente,16.02,16.02 - Outros serviços de transporte de natureza municipal.
5239799,5239-7/99,Atividades auxiliares dos transportes aquaviários não especificadas anteriormente,16.02,16.02 - Outros serviços de transporte de natureza municipal.
5240199,5240-1/99,"Atividades auxiliares dos transportes aéreos, exceto operação dos aeroportos e campos de aterrissagem",16.02,16.02 - Outros serviços de transporte de natureza municipal.
0311604,0311-6/04,Atividades de apoio à pesca em água salgada,17.01,"17.01 - Assessoria ou consultoria de qualquer natureza, não contida em outros itens desta lista; análise, exame, pesquisa, coleta, compilação e
 fornecimento de dados e informações de qualquer natureza, inclusive cadastro e similares."
0312404,0312-4/04,Atividades de apoio à pesca em água doce,17.01,"17.01 - Assessoria ou consultoria de qualquer natureza, não contida em outros itens desta lista; análise, exame, pesquisa, coleta, compilação e
 fornecimento de dados e informações de qualquer natureza, inclusive cadastro e similares."
5229001,5229-0/01,"Serviços de apoio ao transporte por táxi, inclusive centrais de chamada",17.01,"17.01 - Assessoria ou consultoria de qualquer natureza, não contida em outros itens desta lista; análise, exame, pesquisa, coleta, compilação e
 fornecimento de dados e informações de qualquer natureza, inclusive cadastro e similares."
6391700,6391-7/00,Agências de notícias,17.01,"17.01 - Assessoria ou consultoria de qualquer natureza, não contida em outros itens desta lista; análise, exame, pesquisa, coleta, compilação e
 fornecimento de dados e informações de qualquer natureza, inclusive cadastro e similares."
6399200,6399-2/00,Outras atividades de prestação de serviços de informação não especificadas anteriormente,17.01,"17.01 - Assessoria ou consultoria de qualquer natureza, não contida em outros itens desta lista; análise, exame, pesquisa, coleta, compilação e
 fornecimento de dados e informações de qualquer natureza, inclusive cadastro e similares."
6410700,6410-7/00,Banco Central,17.01,"17.01 - Assessoria ou consultoria de qualquer natureza, não contida em outros itens desta lista; análise, exame, pesquisa, coleta, compilação e
 fornecimento de dados e informações de qualquer natureza, inclusive cadastro e similares."
6421200,6421-2/00,Bancos comerciais,17.01,"17.01 - Assessoria ou consultoria de qualquer natureza, não contida em outros itens desta lista; análise, exame, pesquisa, coleta, compilação e
 fornecimento de dados e informações de qualquer natureza, inclusive cadastro e similares."
6422100,6422-1/00,"Bancos múltiplos, com carteira comercial",17.01,"17.01 - Assessoria ou consultoria de qualquer natureza, não contida em outros itens desta lista; análise, exame, pesquisa, coleta, compilação e
 fornecimento de dados e informações de qualquer natureza, inclusive cadastro e similares."
6423900,6423-9/00,Caixas econômicas,17.01,"17.01 - Assessoria ou consultoria de qualquer natureza, não contida em outros itens desta lista; análise, exame, pesquisa, coleta, compilação e
 fornecimento de dados e informações de qualquer natureza, inclusive cadastro e similares."
6438701,6438-7/01,Bancos de câmbio,17.01,"17.01 - Assessoria ou consultoria de qualquer natureza, não contida em outros itens desta lista; análise, exame, pesquisa, coleta, compilação e
 fornecimento de dados e informações de qualquer natureza, inclusive cadastro e similares."
6499901,6499-9/01,Clubes de investimento,17.01,"17.01 - Assessoria ou consultoria de qualquer natureza, não contida em outros itens desta lista; análise, exame, pesquisa, coleta, compilação e
 fornecimento de dados e informações de qualquer natureza, inclusive cadastro e similares."
6499902,6499-9/02,Sociedades de investimento,17.01,"17.01 - Assessoria ou consultoria de qualquer natureza, não contida em outros itens desta lista; análise, exame, pesquisa, coleta, compilação e
 fornecimento de dados e informações de qualquer natureza, inclusive cadastro e similares."
6499904,6499-9/04,Caixas de financiamento de corporações,17.01,"17.01 - Assessoria ou consultoria de qualquer natureza, não contida em outros itens desta lista; análise, exame, pesquisa, coleta, compilação e
 fornecimento de dados e informações de qualquer natureza, inclusive cadastro e similares."
6612603,6612-6/03,Corretoras de câmbio,17.01,"17.01 - Assessoria ou consultoria de qualquer natureza, não contida em outros itens desta lista; análise, exame, pesquisa, coleta, compilação e
 fornecimento de dados e informações de qualquer natureza, inclusive cadastro e similares."
6621502,6621-5/02,Auditoria e consultoria atuarial,17.01,"17.01 - Assessoria ou consultoria de qualquer natureza, não contida em outros itens desta lista; análise, exame, pesquisa, coleta, compilação e
 fornecimento de dados e informações de qualquer natureza, inclusive cadastro e similares."
6920602,6920-6/02,Atividades de consultoria e auditoria contábil e tributária,17.01,"17.01 - Assessoria ou consultoria de qualquer natureza, não contida em outros itens desta lista; análise, exame, pesquisa, coleta, compilação e
 fornecimento de dados e informações de qualquer natureza, inclusive cadastro e similares."
7020400,7020-4/00,"Atividades de consultoria em gestão empresarial, exceto consultoria técnica específica",17.01,"17.01 - Assessoria ou consultoria de qualquer natureza, não contida em outros itens desta lista; análise, exame, pesquisa, coleta, compilação e
 fornecimento de dados e informações de qualquer natureza, inclusive cadastro e similares."
7120100,7120-1/00,Testes e análises técnicas,17.01,"17.01 - Assessoria ou consultoria de qualquer natureza, não contida em outros itens desta lista; análise, exame, pesquisa, coleta, compilação e
 fornecimento de dados e informações de qualquer natureza, inclusive cadastro e similares."
7319004,7319-0/04,Consultoria em publicidade,17.01,"17.01 - Assessoria ou consultoria de qualquer natureza, não contida em outros itens desta lista; análise, exame, pesquisa, coleta, compilação e
 fornecimento de dados e informações de qualquer natureza, inclusive cadastro e similares."
7320300,7320-3/00,Pesquisas de mercado e de opinião pública,17.01,"17.01 - Assessoria ou consultoria de qualquer natureza, não contida em outros itens desta lista; análise, exame, pesquisa, coleta, compilação e
 fornecimento de dados e informações de qualquer natureza, inclusive cadastro e similares."
7490103,7490-1/03,Serviços de agronomia e de consultoria às atividades agrícolas e pecuárias,17.01,"17.01 - Assessoria ou consultoria de qualquer natureza, não contida em outros itens desta lista; análise, exame, pesquisa, coleta, compilação e
 fornecimento de dados e informações de qualquer natureza, inclusive cadastro e similares."
7490199,7490-1/99,"Outras atividades profissionais, científicas e técnicas não especificadas anteriormente",17.01,"17.01 - Assessoria ou consultoria de qualquer natureza, não contida em outros itens desta lista; análise, exame, pesquisa, coleta, compilação e
 fornecimento de dados e informações de qualquer natureza, inclusive cadastro e similares."
8211300,8211-3/00,Serviços combinados de escritório e apoio administrativo,17.01,"17.01 - Assessoria ou consultoria de qualquer natureza, não contida em outros itens desta lista; análise, exame, pesquisa, coleta, compilação e
 fornecimento de dados e informações de qualquer natureza, inclusive cadastro e similares."
8219999,8219-9/99,Preparação de documentos e serviços especializados de apoio administrativo não especificados anteriormente,17.01,"17.01 - Assessoria ou consultoria de qualquer natureza, não contida em outros itens desta lista; análise, exame, pesquisa, coleta, compilação e
 fornecimento de dados e informações de qualquer natureza, inclusive cadastro e similares."
8291100,8291-1/00,Atividades de cobrança e informações cadastrais,17.01,"17.01 - Assessoria ou consultoria de qualquer natureza, não contida em outros itens desta lista; análise, exame, pesquisa, coleta, compilação e
 fornecimento de dados e informações de qualquer natureza, inclusive cadastro e similares."
8299701,8299-7/01,"Medição de consumo de energia elétrica, gás e água",17.01,"17.01 - Assessoria ou consultoria de qualquer natureza, não contida em outros itens desta lista; análise, exame, pesquisa, coleta, compilação e
 fornecimento de dados e informações de qualquer natureza, inclusive cadastro e similares."
8299799,8299-7/99,Outras atividades de serviços prestados principalmente às empresas não especificadas anteriormente,17.01,"17.01 - Assessoria ou consultoria de qualquer natureza, não contida em outros itens desta lista; análise, exame, pesquisa, coleta, compilação e
 fornecimento de dados e informações de qualquer natureza, inclusive cadastro e similares."
8412400,8412-4/00,"Regulação das atividades de saúde, educação, serviços culturais e outros serviços sociais",17.01,"17.01 - Assessoria ou consultoria de qualquer natureza, não contida em outros itens desta lista; análise, exame, pesquisa, coleta, compilação e
 fornecimento de dados e informações de qualquer natureza, inclusive cadastro e similares."
8413200,8413-2/00,Regulação das atividades econômicas,17.01,"17.01 - Assessoria ou consultoria de qualquer natureza, não contida em outros itens desta lista; análise, exame, pesquisa, coleta, compilação e
 fornecimento de dados e informações de qualquer natureza, inclusive cadastro e similares."
8421300,8421-3/00,Relações exteriores,17.01,"17.01 - Assessoria ou consultoria de qualquer natureza, não contida em outros itens desta lista; análise, exame, pesquisa, coleta, compilação e
 fornecimento de dados e informações de qualquer natureza, inclusive cadastro e similares."
8660700,8660-7/00,Atividades de apoio à gestão de saúde,17.01,"17.01 - Assessoria ou consultoria de qualquer natureza, não contida em outros itens desta lista; análise, exame, pesquisa, coleta, compilação e
 fornecimento de dados e informações de qualquer natureza, inclusive cadastro e similares."
8720499,8720-4/99,"Atividades de assistência psicossocial e à saúde a portadores de distúrbios psíquicos, deficiência mental e dependência química
 e grupos similares não especificadas anteriormente",17.01,"17.01 - Assessoria ou consultoria de qualquer natureza, não contida em outros itens desta lista; análise, exame, pesquisa, coleta, compilação e
 fornecimento de dados e informações de qualquer natureza, inclusive cadastro e similares."
9411100,9411-1/00,Atividades de organizações associativas patronais e empresariais,17.01,"17.01 - Assessoria ou consultoria de qualquer natureza, não contida em outros itens desta lista; análise, exame, pesquisa, coleta, compilação e
 fornecimento de dados e informações de qualquer natureza, inclusive cadastro e similares."
9412001,9412-0/01,Atividades de fiscalização profissional,17.01,"17.01 - Assessoria ou consultoria de qualquer natureza, não contida em outros itens desta lista; análise, exame, pesquisa, coleta, compilação e
 fornecimento de dados e informações de qualquer natureza, inclusive cadastro e similares."
9412099,9412-0/99,Outras atividades associativas profissionais,17.01,"17.01 - Assessoria ou consultoria de qualquer natureza, não contida em outros itens desta lista; análise, exame, pesquisa, coleta, compilação e
 fornecimento de dados e informações de qualquer natureza, inclusive cadastro e similares."
9420100,9420-1/00,Atividades de organizações sindicais,17.01,"17.01 - Assessoria ou consultoria de qualquer natureza, não contida em outros itens desta lista; análise, exame, pesquisa, coleta, compilação e
 fornecimento de dados e informações de qualquer natureza, inclusive cadastro e similares."
9430800,9430-8/00,Atividades de associações de defesa de direitos sociais,17.01,"17.01 - Assessoria ou consultoria de qualquer natureza, não contida em outros itens desta lista; análise, exame, pesquisa, coleta, compilação e
 fornecimento de dados e informações de qualquer natureza, inclusive cadastro e similares."
9491000,9491-0/00,Atividades de organizações religiosas ou filosóficas,17.01,"17.01 - Assessoria ou consultoria de qualquer natureza, não contida em outros itens desta lista; análise, exame, pesquisa, coleta, compilação e
 fornecimento de dados e informações de qualquer natureza, inclusive cadastro e similares."
9492800,9492-8/00,Atividades de organizações políticas,17.01,"17.01 - Assessoria ou consultoria de qualquer natureza, não contida em outros itens desta lista; análise, exame, pesquisa, coleta, compilação e
 fornecimento de dados e informações de qualquer natureza, inclusive cadastro e similares."
9493600,9493-6/00,Atividades de organizações associativas ligadas à cultura e à arte,17.01,"17.01 - Assessoria ou consultoria de qualquer natureza, não contida em outros itens desta lista; análise, exame, pesquisa, coleta, compilação e
 fornecimento de dados e informações de qualquer natureza, inclusive cadastro e similares."
9499500,9499-5/00,Atividades associativas não especificadas anteriormente,17.01,"17.01 - Assessoria ou consultoria de qualquer natureza, não contida em outros itens desta lista; análise, exame, pesquisa, coleta, compilação e
 fornecimento de dados e informações de qualquer natureza, inclusive cadastro e similares."
5229001,5229-0/01,"Serviços de apoio ao transporte por táxi, inclusive centrais de chamada",17.02,"17.02 - Datilografia, digitação, estenografia, expediente, secretaria em geral, resposta audível, redação, edição, interpretação, revisão, tradução,
 apoio e infra-estrutura administrativa e congêneres."
5811500,5811-5/00,Edição de livros,17.02,"17.02 - Datilografia, digitação, estenografia, expediente, secretaria em geral, resposta audível, redação, edição, interpretação, revisão, tradução,
 apoio e infra-estrutura administrativa e congêneres."
5812301,5812-3/01,Edição de jornais diários,17.02,"17.02 - Datilografia, digitação, estenografia, expediente, secretaria em geral, resposta audível, redação, edição, interpretação, revisão, tradução,
 apoio e infra-estrutura administrativa e congêneres."
5812302,5812-3/02,Edição de jornais não diários,17.02,"17.02 - Datilografia, digitação, estenografia, expediente, secretaria em geral, resposta audível, redação, edição, interpretação, revisão, tradução,
 apoio e infra-estrutura administrativa e congêneres."
5813100,5813-1/00,Edição de revistas,17.02,"17.02 - Datilografia, digitação, estenografia, expediente, secretaria em geral, resposta audível, redação, edição, interpretação, revisão, tradução,
 apoio e infra-estrutura administrativa e congêneres."
5819100,5819-1/00,"Edição de cadastros, listas e outros produtos gráficos",17.02,"17.02 - Datilografia, digitação, estenografia, expediente, secretaria em geral, resposta audível, redação, edição, interpretação, revisão, tradução,
 apoio e infra-estrutura administrativa e congêneres."
5821200,5821-2/00,Edição integrada à impressão de livros,17.02,"17.02 - Datilografia, digitação, estenografia, expediente, secretaria em geral, resposta audível, redação, edição, interpretação, revisão, tradução,
 apoio e infra-estrutura administrativa e congêneres."
5822101,5822-1/01,Edição integrada à impressão de jornais diários,17.02,"17.02 - Datilografia, digitação, estenografia, expediente, secretaria em geral, resposta audível, redação, edição, interpretação, revisão, tradução,
 apoio e infra-estrutura administrativa e congêneres."
5822102,5822-1/02,Edição integrada à impressão de jornais não diários,17.02,"17.02 - Datilografia, digitação, estenografia, expediente, secretaria em geral, resposta audível, redação, edição, interpretação, revisão, tradução,
 apoio e infra-estrutura administrativa e congêneres."
5823900,5823-9/00,Edição integrada à impressão de revistas,17.02,"17.02 - Datilografia, digitação, estenografia, expediente, secretaria em geral, resposta audível, redação, edição, interpretação, revisão, tradução,
 apoio e infra-estrutura administrativa e congêneres."
5829800,5829-8/00,"Edição integrada à impressão de cadastros, listas e outros produtos gráficos",17.02,"17.02 - Datilografia, digitação, estenografia, expediente, secretaria em geral, resposta audível, redação, edição, interpretação, revisão, tradução,
 apoio e infra-estrutura administrativa e congêneres."
7490101,7490-1/01,"Serviços de tradução, interpretação e similares",17.02,"17.02 - Datilografia, digitação, estenografia, expediente, secretaria em geral, resposta audível, redação, edição, interpretação, revisão, tradução,
 apoio e infra-estrutura administrativa e congêneres."
7490199,7490-1/99,"Outras atividades profissionais, científicas e técnicas não especificadas anteriormente",17.02,"17.02 - Datilografia, digitação, estenografia, expediente, secretaria em geral, resposta audível, redação, edição, interpretação, revisão, tradução,
 apoio e infra-estrutura administrativa e congêneres."
8211300,8211-3/00,Serviços combinados de escritório e apoio administrativo,17.02,"17.02 - Datilografia, digitação, estenografia, expediente, secretaria em geral, resposta audível, redação, edição, interpretação, revisão, tradução,
 apoio e infra-estrutura administrativa e congêneres."
8219999,8219-9/99,Preparação de documentos e serviços especializados de apoio administrativo não especificados anteriormente,17.02,"17.02 - Datilografia, digitação, estenografia, expediente, secretaria em geral, resposta audível, redação, edição, interpretação, revisão, tradução,
 apoio e infra-estrutura administrativa e congêneres."
8220200,8220-2/00,Atividades de teleatendimento,17.02,"17.02 - Datilografia, digitação, estenografia, expediente, secretaria em geral, resposta audível, redação, edição, interpretação, revisão, tradução,
 apoio e infra-estrutura administrativa e congêneres."
8299799,8299-7/99,Outras atividades de serviços prestados principalmente às empresas não especificadas anteriormente,17.02,"17.02 - Datilografia, digitação, estenografia, expediente, secretaria em geral, resposta audível, redação, edição, interpretação, revisão, tradução,
 apoio e infra-estrutura administrativa e congêneres."
9412099,9412-0/99,Outras atividades associativas profissionais,17.02,"17.02 - Datilografia, digitação, estenografia, expediente, secretaria em geral, resposta audível, redação, edição, interpretação, revisão, tradução,
 apoio e infra-estrutura administrativa e congêneres."
5229099,5229-0/99,Outras atividades auxiliares dos transportes terrestres não especificadas anteriormente,17.03,"17.03 - Planejamento, coordenação, programação ou organização técnica, financeira ou administrativa."
5239799,5239-7/99,Atividades auxiliares dos transportes aquaviários não especificadas anteriormente,17.03,"17.03 - Planejamento, coordenação, programação ou organização técnica, financeira ou administrativa."
5240199,5240-1/99,"Atividades auxiliares dos transportes aéreos, exceto operação dos aeroportos e campos de aterrissagem",17.03,"17.03 - Planejamento, coordenação, programação ou organização técnica, financeira ou administrativa."
5250804,5250-8/04,Organização logística do transporte de carga,17.03,"17.03 - Planejamento, coordenação, programação ou organização técnica, financeira ou administrativa."
7020400,7020-4/00,"Atividades de consultoria em gestão empresarial, exceto consultoria técnica específica",17.03,"17.03 - Planejamento, coordenação, programação ou organização técnica, financeira ou administrativa."
7490199,7490-1/99,"Outras atividades profissionais, científicas e técnicas não especificadas anteriormente",17.03,"17.03 - Planejamento, coordenação, programação ou organização técnica, financeira ou administrativa."
8211300,8211-3/00,Serviços combinados de escritório e apoio administrativo,17.03,"17.03 - Planejamento, coordenação, programação ou organização técnica, financeira ou administrativa."
8219999,8219-9/99,Preparação de documentos e serviços especializados de apoio administrativo não especificados anteriormente,17.03,"17.03 - Planejamento, coordenação, programação ou organização técnica, financeira ou administrativa."
8299799,8299-7/99,Outras atividades de serviços prestados principalmente às empresas não especificadas anteriormente,17.03,"17.03 - Planejamento, coordenação, programação ou organização técnica, financeira ou administrativa."
9412099,9412-0/99,Outras atividades associativas profissionais,17.03,"17.03 - Planejamento, coordenação, programação ou organização técnica, financeira ou administrativa."
7490199,7490-1/99,"Outras atividades profissionais, científicas e técnicas não especificadas anteriormente",17.04,"17.04 - Recrutamento, agenciamento, seleção e colocação de mão-de-obra."
7810800,7810-8/00,Seleção e agenciamento de mão-de-obra,17.04,"17.04 - Recrutamento, agenciamento, seleção e colocação de mão-de-obra."
7830200,7830-2/00,Fornecimento e gestão de recursos humanos para terceiros,17.04,"17.04 - Recrutamento, agenciamento, seleção e colocação de mão-de-obra."
8219999,8219-9/99,Preparação de documentos e serviços especializados de apoio administrativo não especificados anteriormente,17.04,"17.04 - Recrutamento, agenciamento, seleção e colocação de mão-de-obra."
8299799,8299-7/99,Outras atividades de serviços prestados principalmente às empresas não especificadas anteriormente,17.04,"17.04 - Recrutamento, agenciamento, seleção e colocação de mão-de-obra."
9412099,9412-0/99,Outras atividades associativas profissionais,17.04,"17.04 - Recrutamento, agenciamento, seleção e colocação de mão-de-obra."
4399104,4399-1/04,Serviços de operação e fornecimento de equipamentos para transporte e elevação de cargas e pessoas para uso em obras,17.05,"17.05 - Fornecimento de mão-de-obra, mesmo em caráter temporário, inclusive de empregados ou trabalhadores, avulsos ou temporários,
 contratados pelo prestador de serviço."
7490199,7490-1/99,"Outras atividades profissionais, científicas e técnicas não especificadas anteriormente",17.05,"17.05 - Fornecimento de mão-de-obra, mesmo em caráter temporário, inclusive de empregados ou trabalhadores, avulsos ou temporários,
 contratados pelo prestador de serviço."
7820500,7820-5/00,Locação de mão-de-obra temporária,17.05,"17.05 - Fornecimento de mão-de-obra, mesmo em caráter temporário, inclusive de empregados ou trabalhadores, avulsos ou temporários,
 contratados pelo prestador de serviço."
8111700,8111-7/00,"Serviços combinados para apoio a edifícios, exceto condomínios prediais",17.05,"17.05 - Fornecimento de mão-de-obra, mesmo em caráter temporário, inclusive de empregados ou trabalhadores, avulsos ou temporários,
 contratados pelo prestador de serviço."
8219999,8219-9/99,Preparação de documentos e serviços especializados de apoio administrativo não especificados anteriormente,17.05,"17.05 - Fornecimento de mão-de-obra, mesmo em caráter temporário, inclusive de empregados ou trabalhadores, avulsos ou temporários,
 contratados pelo prestador de serviço."
8299799,8299-7/99,Outras atividades de serviços prestados principalmente às empresas não especificadas anteriormente,17.05,"17.05 - Fornecimento de mão-de-obra, mesmo em caráter temporário, inclusive de empregados ou trabalhadores, avulsos ou temporários,
 contratados pelo prestador de serviço."
5911102,5911-1/02,Produção de filmes para publicidade,17.06,"17.06 - Propaganda e publicidade, inclusive promoção de vendas, planejamento de campanhas ou sistemas de publicidade, elaboração de
 desenhos, textos e demais materiais publicitários."
6010100,6010-1/00,Atividades de rádio,17.06,"17.06 - Propaganda e publicidade, inclusive promoção de vendas, planejamento de campanhas ou sistemas de publicidade, elaboração de
 desenhos, textos e demais materiais publicitários."
6920602,6920-6/02,Atividades de consultoria e auditoria contábil e tributária,17.06,"17.06 - Propaganda e publicidade, inclusive promoção de vendas, planejamento de campanhas ou sistemas de publicidade, elaboração de
 desenhos, textos e demais materiais publicitários."
7311400,7311-4/00,Agências de publicidade,17.06,"17.06 - Propaganda e publicidade, inclusive promoção de vendas, planejamento de campanhas ou sistemas de publicidade, elaboração de
 desenhos, textos e demais materiais publicitários."
7319001,7319-0/01,Criação de estandes para feiras e exposições,17.06,"17.06 - Propaganda e publicidade, inclusive promoção de vendas, planejamento de campanhas ou sistemas de publicidade, elaboração de
 desenhos, textos e demais materiais publicitários."
7319002,7319-0/02,Promoção de vendas,17.06,"17.06 - Propaganda e publicidade, inclusive promoção de vendas, planejamento de campanhas ou sistemas de publicidade, elaboração de
 desenhos, textos e demais materiais publicitários."
7319003,7319-0/03,Marketing direto,17.06,"17.06 - Propaganda e publicidade, inclusive promoção de vendas, planejamento de campanhas ou sistemas de publicidade, elaboração de
 desenhos, textos e demais materiais publicitários."
7319099,7319-0/99,Outras atividades de publicidade não especificadas anteriormente,17.06,"17.06 - Propaganda e publicidade, inclusive promoção de vendas, planejamento de campanhas ou sistemas de publicidade, elaboração de
 desenhos, textos e demais materiais publicitários."
7410299,7410-2/99,Atividades de design não especificadas anteriormente,17.06,"17.06 - Propaganda e publicidade, inclusive promoção de vendas, planejamento de campanhas ou sistemas de publicidade, elaboração de
 desenhos, textos e demais materiais publicitários."
7490199,7490-1/99,"Outras atividades profissionais, científicas e técnicas não especificadas anteriormente",17.06,"17.06 - Propaganda e publicidade, inclusive promoção de vendas, planejamento de campanhas ou sistemas de publicidade, elaboração de
 desenhos, textos e demais materiais publicitários."
8219999,8219-9/99,Preparação de documentos e serviços especializados de apoio administrativo não especificados anteriormente,17.06,"17.06 - Propaganda e publicidade, inclusive promoção de vendas, planejamento de campanhas ou sistemas de publicidade, elaboração de
 desenhos, textos e demais materiais publicitários."
8299799,8299-7/99,Outras atividades de serviços prestados principalmente às empresas não especificadas anteriormente,17.06,"17.06 - Propaganda e publicidade, inclusive promoção de vendas, planejamento de campanhas ou sistemas de publicidade, elaboração de
 desenhos, textos e demais materiais publicitários."
9412099,9412-0/99,Outras atividades associativas profissionais,17.06,"17.06 - Propaganda e publicidade, inclusive promoção de vendas, planejamento de campanhas ou sistemas de publicidade, elaboração de
 desenhos, textos e demais materiais publicitários."
5310502,5310-5/02,Atividades de franqueadas e permissionárias do Correio Nacional,17.08,17.08 - Franquia (franchising).
7740300,7740-3/00,Gestão de ativos intangíveis não-financeiros,17.08,17.08 - Franquia (franchising).
6621501,6621-5/01,Peritos e avaliadores de seguros,17.09,"17.09 - Perícias, laudos, exames técnicos e análises técnicas."
6911702,6911-7/02,Atividades auxiliares da justiça,17.09,"17.09 - Perícias, laudos, exames técnicos e análises técnicas."
6920602,6920-6/02,Atividades de consultoria e auditoria contábil e tributária,17.09,"17.09 - Perícias, laudos, exames técnicos e análises técnicas."
7112000,7112-0/00,Serviços de engenharia,17.09,"17.09 - Perícias, laudos, exames técnicos e análises técnicas."
7119704,7119-7/04,Serviços de perícia técnica relacionados à segurança do trabalho,17.09,"17.09 - Perícias, laudos, exames técnicos e análises técnicas."
7120100,7120-1/00,Testes e análises técnicas,17.09,"17.09 - Perícias, laudos, exames técnicos e análises técnicas."
8299799,8299-7/99,Outras atividades de serviços prestados principalmente às empresas não especificadas anteriormente,17.09,"17.09 - Perícias, laudos, exames técnicos e análises técnicas."
9412099,9412-0/99,Outras atividades associativas profissionais,17.09,"17.09 - Perícias, laudos, exames técnicos e análises técnicas."
7319001,7319-0/01,Criação de estandes para feiras e exposições,17.10,"17.10 - Planejamento, organização e administração de feiras, exposições, congressos e congêneres."
8230001,8230-0/01,"Serviços de organização de feiras, congressos, exposições e festas",17.10,"17.10 - Planejamento, organização e administração de feiras, exposições, congressos e congêneres."
9412099,9412-0/99,Outras atividades associativas profissionais,17.10,"17.10 - Planejamento, organização e administração de feiras, exposições, congressos e congêneres."
5620101,5620-1/01,Fornecimento de alimentos preparados preponderantemente para empresas,17.11,"17.11 - Organização de festas e recepções; bufê (exceto o fornecimento de alimentação e bebidas, que fica sujeito ao ICMS)."
5620102,5620-1/02,Serviços de alimentação para eventos e recepções - bufê,17.11,"17.11 - Organização de festas e recepções; bufê (exceto o fornecimento de alimentação e bebidas, que fica sujeito ao ICMS)."
5620104,5620-1/04,Fornecimento de alimentos preparados preponderantemente para consumo domiciliar,17.11,"17.11 - Organização de festas e recepções; bufê (exceto o fornecimento de alimentação e bebidas, que fica sujeito ao ICMS)."
8230001,8230-0/01,"Serviços de organização de feiras, congressos, exposições e festas",17.11,"17.11 - Organização de festas e recepções; bufê (exceto o fornecimento de alimentação e bebidas, que fica sujeito ao ICMS)."
8230002,8230-0/02,Casas de festas e eventos,17.11,"17.11 - Organização de festas e recepções; bufê (exceto o fornecimento de alimentação e bebidas, que fica sujeito ao ICMS)."
8299799,8299-7/99,Outras atividades de serviços prestados principalmente às empresas não especificadas anteriormente,17.11,"17.11 - Organização de festas e recepções; bufê (exceto o fornecimento de alimentação e bebidas, que fica sujeito ao ICMS)."
9412099,9412-0/99,Outras atividades associativas profissionais,17.11,"17.11 - Organização de festas e recepções; bufê (exceto o fornecimento de alimentação e bebidas, que fica sujeito ao ICMS)."
5229001,5229-0/01,"Serviços de apoio ao transporte por táxi, inclusive centrais de chamada",17.12,"17.12 - Administração em geral, inclusive de bens e negócios de terceiros."
6410700,6410-7/00,Banco Central,17.12,"17.12 - Administração em geral, inclusive de bens e negócios de terceiros."
6421200,6421-2/00,Bancos comerciais,17.12,"17.12 - Administração em geral, inclusive de bens e negócios de terceiros."
6422100,6422-1/00,"Bancos múltiplos, com carteira comercial",17.12,"17.12 - Administração em geral, inclusive de bens e negócios de terceiros."
6423900,6423-9/00,Caixas econômicas,17.12,"17.12 - Administração em geral, inclusive de bens e negócios de terceiros."
6461100,6461-1/00,Holdings de instituições financeiras,17.12,"17.12 - Administração em geral, inclusive de bens e negócios de terceiros."
6462000,6462-0/00,Holdings de instituições não-financeiras,17.12,"17.12 - Administração em geral, inclusive de bens e negócios de terceiros."
6611804,6611-8/04,Administração de mercados de balcão organizados,17.12,"17.12 - Administração em geral, inclusive de bens e negócios de terceiros."
6630400,6630-4/00,Atividades de administração de fundos por contrato ou comissão,17.12,"17.12 - Administração em geral, inclusive de bens e negócios de terceiros."
6822600,6822-6/00,Gestão e administração da propriedade imobiliária,17.12,"17.12 - Administração em geral, inclusive de bens e negócios de terceiros."
7490199,7490-1/99,"Outras atividades profissionais, científicas e técnicas não especificadas anteriormente",17.12,"17.12 - Administração em geral, inclusive de bens e negócios de terceiros."
7740300,7740-3/00,Gestão de ativos intangíveis não-financeiros,17.12,"17.12 - Administração em geral, inclusive de bens e negócios de terceiros."
8111700,8111-7/00,"Serviços combinados para apoio a edifícios, exceto condomínios prediais",17.12,"17.12 - Administração em geral, inclusive de bens e negócios de terceiros."
8219999,8219-9/99,Preparação de documentos e serviços especializados de apoio administrativo não especificados anteriormente,17.12,"17.12 - Administração em geral, inclusive de bens e negócios de terceiros."
8299702,8299-7/02,"Emissão de vales-alimentação, vales-transporte e similares",17.12,"17.12 - Administração em geral, inclusive de bens e negócios de terceiros."
8299799,8299-7/99,Outras atividades de serviços prestados principalmente às empresas não especificadas anteriormente,17.12,"17.12 - Administração em geral, inclusive de bens e negócios de terceiros."
8411600,8411-6/00,Administração pública em geral,17.12,"17.12 - Administração em geral, inclusive de bens e negócios de terceiros."
8550301,8550-3/01,Administração de caixas escolares,17.12,"17.12 - Administração em geral, inclusive de bens e negócios de terceiros."
9311500,9311-5/00,Gestão de instalações de esportes,17.12,"17.12 - Administração em geral, inclusive de bens e negócios de terceiros."
9412099,9412-0/99,Outras atividades associativas profissionais,17.12,"17.12 - Administração em geral, inclusive de bens e negócios de terceiros."
7490199,7490-1/99,"Outras atividades profissionais, científicas e técnicas não especificadas anteriormente",17.13,17.13 - Leilão e congêneres.
8219999,8219-9/99,Preparação de documentos e serviços especializados de apoio administrativo não especificados anteriormente,17.13,17.13 - Leilão e congêneres.
8299704,8299-7/04,Leiloeiros independentes,17.13,17.13 - Leilão e congêneres.
8299799,8299-7/99,Outras atividades de serviços prestados principalmente às empresas não especificadas anteriormente,17.13,17.13 - Leilão e congêneres.
9412099,9412-0/99,Outras atividades associativas profissionais,17.13,17.13 - Leilão e congêneres.
6911701,6911-7/01,Serviços advocatícios,17.14,17.14 - Advocacia.
7490199,7490-1/99,"Outras atividades profissionais, científicas e técnicas não especificadas anteriormente",17.14,17.14 - Advocacia.
8219999,8219-9/99,Preparação de documentos e serviços especializados de apoio administrativo não especificados anteriormente,17.14,17.14 - Advocacia.
8299799,8299-7/99,Outras atividades de serviços prestados principalmente às empresas não especificadas anteriormente,17.14,17.14 - Advocacia.
9412099,9412-0/99,Outras atividades associativas profissionais,17.14,17.14 - Advocacia.
6911702,6911-7/02,Atividades auxiliares da justiça,17.15,"17.15 - Arbitragem de qualquer espécie, inclusive jurídica."
7490199,7490-1/99,"Outras atividades profissionais, científicas e técnicas não especificadas anteriormente",17.15,"17.15 - Arbitragem de qualquer espécie, inclusive jurídica."
8219999,8219-9/99,Preparação de documentos e serviços especializados de apoio administrativo não especificados anteriormente,17.15,"17.15 - Arbitragem de qualquer espécie, inclusive jurídica."
8299799,8299-7/99,Outras atividades de serviços prestados principalmente às empresas não especificadas anteriormente,17.15,"17.15 - Arbitragem de qualquer espécie, inclusive jurídica."
9412099,9412-0/99,Outras atividades associativas profissionais,17.15,"17.15 - Arbitragem de qualquer espécie, inclusive jurídica."
6621502,6621-5/02,Auditoria e consultoria atuarial,17.16,17.16 - Auditoria.
6920602,6920-6/02,Atividades de consultoria e auditoria contábil e tributária,17.16,17.16 - Auditoria.
7490199,7490-1/99,"Outras atividades profissionais, científicas e técnicas não especificadas anteriormente",17.16,17.16 - Auditoria.
8219999,8219-9/99,Preparação de documentos e serviços especializados de apoio administrativo não especificados anteriormente,17.16,17.16 - Auditoria.
8299799,8299-7/99,Outras atividades de serviços prestados principalmente às empresas não especificadas anteriormente,17.16,17.16 - Auditoria.
9412099,9412-0/99,Outras atividades associativas profissionais,17.16,17.16 - Auditoria.
7020400,7020-4/00,"Atividades de consultoria em gestão empresarial, exceto consultoria técnica específica",17.17,17.17 - Análise de Organização e Métodos.
7490199,7490-1/99,"Outras atividades profissionais, científicas e técnicas não especificadas anteriormente",17.17,17.17 - Análise de Organização e Métodos.
8219999,8219-9/99,Preparação de documentos e serviços especializados de apoio administrativo não especificados anteriormente,17.17,17.17 - Análise de Organização e Métodos.
8299799,8299-7/99,Outras atividades de serviços prestados principalmente às empresas não especificadas anteriormente,17.17,17.17 - Análise de Organização e Métodos.
9412099,9412-0/99,Outras atividades associativas profissionais,17.17,17.17 - Análise de Organização e Métodos.
6621502,6621-5/02,Auditoria e consultoria atuarial,17.18,17.18 - Atuária e cálculos técnicos de qualquer natureza.
7490199,7490-1/99,"Outras atividades profissionais, científicas e técnicas não especificadas anteriormente",17.18,17.18 - Atuária e cálculos técnicos de qualquer natureza.
8219999,8219-9/99,Preparação de documentos e serviços especializados de apoio administrativo não especificados anteriormente,17.18,17.18 - Atuária e cálculos técnicos de qualquer natureza.
8299799,8299-7/99,Outras atividades de serviços prestados principalmente às empresas não especificadas anteriormente,17.18,17.18 - Atuária e cálculos técnicos de qualquer natureza.
9412099,9412-0/99,Outras atividades associativas profissionais,17.18,17.18 - Atuária e cálculos técnicos de qualquer natureza.
6920601,6920-6/01,Atividades de contabilidade,17.19,"17.19 - Contabilidade, inclusive serviços técnicos e auxiliares."
6920602,6920-6/02,Atividades de consultoria e auditoria contábil e tributária,17.19,"17.19 - Contabilidade, inclusive serviços técnicos e auxiliares."
7490199,7490-1/99,"Outras atividades profissionais, científicas e técnicas não especificadas anteriormente",17.19,"17.19 - Contabilidade, inclusive serviços técnicos e auxiliares."
8219999,8219-9/99,Preparação de documentos e serviços especializados de apoio administrativo não especificados anteriormente,17.19,"17.19 - Contabilidade, inclusive serviços técnicos e auxiliares."
8299799,8299-7/99,Outras atividades de serviços prestados principalmente às empresas não especificadas anteriormente,17.19,"17.19 - Contabilidade, inclusive serviços técnicos e auxiliares."
9412099,9412-0/99,Outras atividades associativas profissionais,17.19,"17.19 - Contabilidade, inclusive serviços técnicos e auxiliares."
6410700,6410-7/00,Banco Central,17.20,17.20 - Consultoria e assessoria econômica ou financeira.
6421200,6421-2/00,Bancos comerciais,17.20,17.20 - Consultoria e assessoria econômica ou financeira.
6422100,6422-1/00,"Bancos múltiplos, com carteira comercial",17.20,17.20 - Consultoria e assessoria econômica ou financeira.
6423900,6423-9/00,Caixas econômicas,17.20,17.20 - Consultoria e assessoria econômica ou financeira.
6424701,6424-7/01,Bancos cooperativos,17.20,17.20 - Consultoria e assessoria econômica ou financeira.
6424702,6424-7/02,Cooperativas centrais de crédito,17.20,17.20 - Consultoria e assessoria econômica ou financeira.
6424703,6424-7/03,Cooperativas de crédito mútuo,17.20,17.20 - Consultoria e assessoria econômica ou financeira.
6424704,6424-7/04,Cooperativas de crédito rural,17.20,17.20 - Consultoria e assessoria econômica ou financeira.
6431000,6431-0/00,"Bancos múltiplos, sem carteira comercial",17.20,17.20 - Consultoria e assessoria econômica ou financeira.
6432800,6432-8/00,Bancos de investimento,17.20,17.20 - Consultoria e assessoria econômica ou financeira.
6433600,6433-6/00,Bancos de desenvolvimento,17.20,17.20 - Consultoria e assessoria econômica ou financeira.
6435201,6435-2/01,Sociedades de crédito imobiliário,17.20,17.20 - Consultoria e assessoria econômica ou financeira.
6435202,6435-2/02,Associações de poupança e empréstimo,17.20,17.20 - Consultoria e assessoria econômica ou financeira.
6435203,6435-2/03,Companhias hipotecárias,17.20,17.20 - Consultoria e assessoria econômica ou financeira.
6436100,6436-1/00,"Sociedades de crédito, financiamento e investimento - financeiras",17.20,17.20 - Consultoria e assessoria econômica ou financeira.
6437900,6437-9/00,Sociedades de crédito ao microempreendedor,17.20,17.20 - Consultoria e assessoria econômica ou financeira.
6438701,6438-7/01,Bancos de câmbio,17.20,17.20 - Consultoria e assessoria econômica ou financeira.
6450600,6450-6/00,Sociedades de capitalização,17.20,17.20 - Consultoria e assessoria econômica ou financeira.
6499901,6499-9/01,Clubes de investimento,17.20,17.20 - Consultoria e assessoria econômica ou financeira.
6499902,6499-9/02,Sociedades de investimento,17.20,17.20 - Consultoria e assessoria econômica ou financeira.
6499904,6499-9/04,Caixas de financiamento de corporações,17.20,17.20 - Consultoria e assessoria econômica ou financeira.
6612603,6612-6/03,Corretoras de câmbio,17.20,17.20 - Consultoria e assessoria econômica ou financeira.
6612605,6612-6/05,Agentes de investimentos em aplicações financeiras,17.20,17.20 - Consultoria e assessoria econômica ou financeira.
6621502,6621-5/02,Auditoria e consultoria atuarial,17.20,17.20 - Consultoria e assessoria econômica ou financeira.
6920602,6920-6/02,Atividades de consultoria e auditoria contábil e tributária,17.20,17.20 - Consultoria e assessoria econômica ou financeira.
7020400,7020-4/00,"Atividades de consultoria em gestão empresarial, exceto consultoria técnica específica",17.20,17.20 - Consultoria e assessoria econômica ou financeira.
7490199,7490-1/99,"Outras atividades profissionais, científicas e técnicas não especificadas anteriormente",17.20,17.20 - Consultoria e assessoria econômica ou financeira.
8219999,8219-9/99,Preparação de documentos e serviços especializados de apoio administrativo não especificados anteriormente,17.20,17.20 - Consultoria e assessoria econômica ou financeira.
8299799,8299-7/99,Outras atividades de serviços prestados principalmente às empresas não especificadas anteriormente,17.20,17.20 - Consultoria e assessoria econômica ou financeira.
9412099,9412-0/99,Outras atividades associativas profissionais,17.20,17.20 - Consultoria e assessoria econômica ou financeira.
7320300,7320-3/00,Pesquisas de mercado e de opinião pública,17.21,17.21 - Estatística.
7490199,7490-1/99,"Outras atividades profissionais, científicas e técnicas não especificadas anteriormente",17.21,17.21 - Estatística.
8219999,8219-9/99,Preparação de documentos e serviços especializados de apoio administrativo não especificados anteriormente,17.21,17.21 - Estatística.
8299799,8299-7/99,Outras atividades de serviços prestados principalmente às empresas não especificadas anteriormente,17.21,17.21 - Estatística.
9412099,9412-0/99,Outras atividades associativas profissionais,17.21,17.21 - Estatística.
6410700,6410-7/00,Banco Central,17.22,17.22 - Cobrança em geral.
6421200,6421-2/00,Bancos comerciais,17.22,17.22 - Cobrança em geral.
6422100,6422-1/00,"Bancos múltiplos, com carteira comercial",17.22,17.22 - Cobrança em geral.
6423900,6423-9/00,Caixas econômicas,17.22,17.22 - Cobrança em geral.
6424701,6424-7/01,Bancos cooperativos,17.22,17.22 - Cobrança em geral.
6424702,6424-7/02,Cooperativas centrais de crédito,17.22,17.22 - Cobrança em geral.
6424703,6424-7/03,Cooperativas de crédito mútuo,17.22,17.22 - Cobrança em geral.
6424704,6424-7/04,Cooperativas de crédito rural,17.22,17.22 - Cobrança em geral.
6431000,6431-0/00,"Bancos múltiplos, sem carteira comercial",17.22,17.22 - Cobrança em geral.
6432800,6432-8/00,Bancos de investimento,17.22,17.22 - Cobrança em geral.
6433600,6433-6/00,Bancos de desenvolvimento,17.22,17.22 - Cobrança em geral.
6435201,6435-2/01,Sociedades de crédito imobiliário,17.22,17.22 - Cobrança em geral.
6435202,6435-2/02,Associações de poupança e empréstimo,17.22,17.22 - Cobrança em geral.
6435203,6435-2/03,Companhias hipotecárias,17.22,17.22 - Cobrança em geral.
6436100,6436-1/00,"Sociedades de crédito, financiamento e investimento - financeiras",17.22,17.22 - Cobrança em geral.
6437900,6437-9/00,Sociedades de crédito ao microempreendedor,17.22,17.22 - Cobrança em geral.
8291100,8291-1/00,Atividades de cobrança e informações cadastrais,17.22,17.22 - Cobrança em geral.
9412099,9412-0/99,Outras atividades associativas profissionais,17.22,17.22 - Cobrança em geral.
6410700,6410-7/00,Banco Central,17.23,"17.23 - Assessoria, análise, avaliação, atendimento, consulta, cadastro, seleção, gerenciamento de informações, administração de contas a
 receber ou a pagar e em geral, relacionados a operações de faturização (factoring)."
6421200,6421-2/00,Bancos comerciais,17.23,"17.23 - Assessoria, análise, avaliação, atendimento, consulta, cadastro, seleção, gerenciamento de informações, administração de contas a
 receber ou a pagar e em geral, relacionados a operações de faturização (factoring)."
6422100,6422-1/00,"Bancos múltiplos, com carteira comercial",17.23,"17.23 - Assessoria, análise, avaliação, atendimento, consulta, cadastro, seleção, gerenciamento de informações, administração de contas a
 receber ou a pagar e em geral, relacionados a operações de faturização (factoring)."
6423900,6423-9/00,Caixas econômicas,17.23,"17.23 - Assessoria, análise, avaliação, atendimento, consulta, cadastro, seleção, gerenciamento de informações, administração de contas a
 receber ou a pagar e em geral, relacionados a operações de faturização (factoring)."
6424701,6424-7/01,Bancos cooperativos,17.23,"17.23 - Assessoria, análise, avaliação, atendimento, consulta, cadastro, seleção, gerenciamento de informações, administração de contas a
 receber ou a pagar e em geral, relacionados a operações de faturização (factoring)."
6424702,6424-7/02,Cooperativas centrais de crédito,17.23,"17.23 - Assessoria, análise, avaliação, atendimento, consulta, cadastro, seleção, gerenciamento de informações, administração de contas a
 receber ou a pagar e em geral, relacionados a operações de faturização (factoring)."
6424703,6424-7/03,Cooperativas de crédito mútuo,17.23,"17.23 - Assessoria, análise, avaliação, atendimento, consulta, cadastro, seleção, gerenciamento de informações, administração de contas a
 receber ou a pagar e em geral, relacionados a operações de faturização (factoring)."
6424704,6424-7/04,Cooperativas de crédito rural,17.23,"17.23 - Assessoria, análise, avaliação, atendimento, consulta, cadastro, seleção, gerenciamento de informações, administração de contas a
 receber ou a pagar e em geral, relacionados a operações de faturização (factoring)."
6431000,6431-0/00,"Bancos múltiplos, sem carteira comercial",17.23,"17.23 - Assessoria, análise, avaliação, atendimento, consulta, cadastro, seleção, gerenciamento de informações, administração de contas a
 receber ou a pagar e em geral, relacionados a operações de faturização (factoring)."
6432800,6432-8/00,Bancos de investimento,17.23,"17.23 - Assessoria, análise, avaliação, atendimento, consulta, cadastro, seleção, gerenciamento de informações, administração de contas a
 receber ou a pagar e em geral, relacionados a operações de faturização (factoring)."
6433600,6433-6/00,Bancos de desenvolvimento,17.23,"17.23 - Assessoria, análise, avaliação, atendimento, consulta, cadastro, seleção, gerenciamento de informações, administração de contas a
 receber ou a pagar e em geral, relacionados a operações de faturização (factoring)."
6435201,6435-2/01,Sociedades de crédito imobiliário,17.23,"17.23 - Assessoria, análise, avaliação, atendimento, consulta, cadastro, seleção, gerenciamento de informações, administração de contas a
 receber ou a pagar e em geral, relacionados a operações de faturização (factoring)."
6435202,6435-2/02,Associações de poupança e empréstimo,17.23,"17.23 - Assessoria, análise, avaliação, atendimento, consulta, cadastro, seleção, gerenciamento de informações, administração de contas a
 receber ou a pagar e em geral, relacionados a operações de faturização (factoring)."
6435203,6435-2/03,Companhias hipotecárias,17.23,"17.23 - Assessoria, análise, avaliação, atendimento, consulta, cadastro, seleção, gerenciamento de informações, administração de contas a
 receber ou a pagar e em geral, relacionados a operações de faturização (factoring)."
6436100,6436-1/00,"Sociedades de crédito, financiamento e investimento - financeiras",17.23,"17.23 - Assessoria, análise, avaliação, atendimento, consulta, cadastro, seleção, gerenciamento de informações, administração de contas a
 receber ou a pagar e em geral, relacionados a operações de faturização (factoring)."
6437900,6437-9/00,Sociedades de crédito ao microempreendedor,17.23,"17.23 - Assessoria, análise, avaliação, atendimento, consulta, cadastro, seleção, gerenciamento de informações, administração de contas a
 receber ou a pagar e em geral, relacionados a operações de faturização (factoring)."
6438701,6438-7/01,Bancos de câmbio,17.23,"17.23 - Assessoria, análise, avaliação, atendimento, consulta, cadastro, seleção, gerenciamento de informações, administração de contas a
 receber ou a pagar e em geral, relacionados a operações de faturização (factoring)."
6450600,6450-6/00,Sociedades de capitalização,17.23,"17.23 - Assessoria, análise, avaliação, atendimento, consulta, cadastro, seleção, gerenciamento de informações, administração de contas a
 receber ou a pagar e em geral, relacionados a operações de faturização (factoring)."
6491300,6491-3/00,Sociedades de fomento mercantil - factoring,17.23,"17.23 - Assessoria, análise, avaliação, atendimento, consulta, cadastro, seleção, gerenciamento de informações, administração de contas a
 receber ou a pagar e em geral, relacionados a operações de faturização (factoring)."
6499901,6499-9/01,Clubes de investimento,17.23,"17.23 - Assessoria, análise, avaliação, atendimento, consulta, cadastro, seleção, gerenciamento de informações, administração de contas a
 receber ou a pagar e em geral, relacionados a operações de faturização (factoring)."
6499902,6499-9/02,Sociedades de investimento,17.23,"17.23 - Assessoria, análise, avaliação, atendimento, consulta, cadastro, seleção, gerenciamento de informações, administração de contas a
 receber ou a pagar e em geral, relacionados a operações de faturização (factoring)."
6499904,6499-9/04,Caixas de financiamento de corporações,17.23,"17.23 - Assessoria, análise, avaliação, atendimento, consulta, cadastro, seleção, gerenciamento de informações, administração de contas a
 receber ou a pagar e em geral, relacionados a operações de faturização (factoring)."
7020400,7020-4/00,"Atividades de consultoria em gestão empresarial, exceto consultoria técnica específica",17.23,"17.23 - Assessoria, análise, avaliação, atendimento, consulta, cadastro, seleção, gerenciamento de informações, administração de contas a
 receber ou a pagar e em geral, relacionados a operações de faturização (factoring)."
7490199,7490-1/99,"Outras atividades profissionais, científicas e técnicas não especificadas anteriormente",17.23,"17.23 - Assessoria, análise, avaliação, atendimento, consulta, cadastro, seleção, gerenciamento de informações, administração de contas a
 receber ou a pagar e em geral, relacionados a operações de faturização (factoring)."
8219999,8219-9/99,Preparação de documentos e serviços especializados de apoio administrativo não especificados anteriormente,17.23,"17.23 - Assessoria, análise, avaliação, atendimento, consulta, cadastro, seleção, gerenciamento de informações, administração de contas a
 receber ou a pagar e em geral, relacionados a operações de faturização (factoring)."
8291100,8291-1/00,Atividades de cobrança e informações cadastrais,17.23,"17.23 - Assessoria, análise, avaliação, atendimento, consulta, cadastro, seleção, gerenciamento de informações, administração de contas a
 receber ou a pagar e em geral, relacionados a operações de faturização (factoring)."
8299799,8299-7/99,Outras atividades de serviços prestados principalmente às empresas não especificadas anteriormente,17.23,"17.23 - Assessoria, análise, avaliação, atendimento, consulta, cadastro, seleção, gerenciamento de informações, administração de contas a
 receber ou a pagar e em geral, relacionados a operações de faturização (factoring)."
9412099,9412-0/99,Outras atividades associativas profissionais,17.23,"17.23 - Assessoria, análise, avaliação, atendimento, consulta, cadastro, seleção, gerenciamento de informações, administração de contas a
 receber ou a pagar e em geral, relacionados a operações de faturização (factoring)."
7319001,7319-0/01,Criação de estandes para feiras e exposições,17.24,"17.24 - Apresentação de palestras, conferências, seminários e congêneres."
8230001,8230-0/01,"Serviços de organização de feiras, congressos, exposições e festas",17.24,"17.24 - Apresentação de palestras, conferências, seminários e congêneres."
8599604,8599-6/04,Treinamento em desenvolvimento profissional e gerencial,17.24,"17.24 - Apresentação de palestras, conferências, seminários e congêneres."
9412099,9412-0/99,Outras atividades associativas profissionais,17.24,"17.24 - Apresentação de palestras, conferências, seminários e congêneres."
5911102,5911-1/02,Produção de filmes para publicidade,17.25,"17.25 - Inserção de textos, desenhos e outros materiais de propaganda e publicidade, em qualquer meio (exceto em livros, jornais, periódicos e
 nas modalidades de serviços de radiodifusão sonora e de sons e imagens de recepção livre e gratuita)."
6010100,6010-1/00,Atividades de rádio,17.25,"17.25 - Inserção de textos, desenhos e outros materiais de propaganda e publicidade, em qualquer meio (exceto em livros, jornais, periódicos e
 nas modalidades de serviços de radiodifusão sonora e de sons e imagens de recepção livre e gratuita)."
6110899,6110-8/99,Serviços de telecomunicações por fio não especificados anteriormente,17.25,"17.25 - Inserção de textos, desenhos e outros materiais de propaganda e publicidade, em qualquer meio (exceto em livros, jornais, periódicos e
 nas modalidades de serviços de radiodifusão sonora e de sons e imagens de recepção livre e gratuita)."
6120599,6120-5/99,Serviços de telecomunicações sem fio não especificados anteriormente,17.25,"17.25 - Inserção de textos, desenhos e outros materiais de propaganda e publicidade, em qualquer meio (exceto em livros, jornais, periódicos e
 nas modalidades de serviços de radiodifusão sonora e de sons e imagens de recepção livre e gratuita)."
6190699,6190-6/99,Outras atividades de telecomunicações não especificadas anteriormente,17.25,"17.25 - Inserção de textos, desenhos e outros materiais de propaganda e publicidade, em qualquer meio (exceto em livros, jornais, periódicos e
 nas modalidades de serviços de radiodifusão sonora e de sons e imagens de recepção livre e gratuita)."
6920602,6920-6/02,Atividades de consultoria e auditoria contábil e tributária,17.25,"17.25 - Inserção de textos, desenhos e outros materiais de propaganda e publicidade, em qualquer meio (exceto em livros, jornais, periódicos e
 nas modalidades de serviços de radiodifusão sonora e de sons e imagens de recepção livre e gratuita)."
7311400,7311-4/00,Agências de publicidade,17.25,"17.25 - Inserção de textos, desenhos e outros materiais de propaganda e publicidade, em qualquer meio (exceto em livros, jornais, periódicos e
 nas modalidades de serviços de radiodifusão sonora e de sons e imagens de recepção livre e gratuita)."
7319001,7319-0/01,Criação de estandes para feiras e exposições,17.25,"17.25 - Inserção de textos, desenhos e outros materiais de propaganda e publicidade, em qualquer meio (exceto em livros, jornais, periódicos e
 nas modalidades de serviços de radiodifusão sonora e de sons e imagens de recepção livre e gratuita)."
7319002,7319-0/02,Promoção de vendas,17.25,"17.25 - Inserção de textos, desenhos e outros materiais de propaganda e publicidade, em qualquer meio (exceto em livros, jornais, periódicos e
 nas modalidades de serviços de radiodifusão sonora e de sons e imagens de recepção livre e gratuita)."
7319003,7319-0/03,Marketing direto,17.25,"17.25 - Inserção de textos, desenhos e outros materiais de propaganda e publicidade, em qualquer meio (exceto em livros, jornais, periódicos e
 nas modalidades de serviços de radiodifusão sonora e de sons e imagens de recepção livre e gratuita)."
7319099,7319-0/99,Outras atividades de publicidade não especificadas anteriormente,17.25,"17.25 - Inserção de textos, desenhos e outros materiais de propaganda e publicidade, em qualquer meio (exceto em livros, jornais, periódicos e
 nas modalidades de serviços de radiodifusão sonora e de sons e imagens de recepção livre e gratuita)."
7410299,7410-2/99,Atividades de design não especificadas anteriormente,17.25,"17.25 - Inserção de textos, desenhos e outros materiais de propaganda e publicidade, em qualquer meio (exceto em livros, jornais, periódicos e
 nas modalidades de serviços de radiodifusão sonora e de sons e imagens de recepção livre e gratuita)."
6511101,6511-1/01,Sociedade seguradora de seguros vida,18.01,"18.01 - Serviços de regulação de sinistros vinculados a contratos de seguros; inspeção e avaliação de riscos para cobertura de contratos de
 seguros; prevenção e gerência de riscos seguráveis e congêneres."
6512000,6512-0/00,Sociedade seguradora de Seguros não-vida,18.01,"18.01 - Serviços de regulação de sinistros vinculados a contratos de seguros; inspeção e avaliação de riscos para cobertura de contratos de
 seguros; prevenção e gerência de riscos seguráveis e congêneres."
6520100,6520-1/00,Sociedade seguradora de Seguros-saúde,18.01,"18.01 - Serviços de regulação de sinistros vinculados a contratos de seguros; inspeção e avaliação de riscos para cobertura de contratos de
 seguros; prevenção e gerência de riscos seguráveis e congêneres."
6530800,6530-8/00,Resseguros,18.01,"18.01 - Serviços de regulação de sinistros vinculados a contratos de seguros; inspeção e avaliação de riscos para cobertura de contratos de
 seguros; prevenção e gerência de riscos seguráveis e congêneres."
6621501,6621-5/01,Peritos e avaliadores de seguros,18.01,"18.01 - Serviços de regulação de sinistros vinculados a contratos de seguros; inspeção e avaliação de riscos para cobertura de contratos de
 seguros; prevenção e gerência de riscos seguráveis e congêneres."
6629100,6629-1/00,"Atividades auxiliares dos seguros, da previdência complementar e dos planos de saúde não especificadas anteriormente",18.01,"18.01 - Serviços de regulação de sinistros vinculados a contratos de seguros; inspeção e avaliação de riscos para cobertura de contratos de
 seguros; prevenção e gerência de riscos seguráveis e congêneres."
6423900,6423-9/00,Caixas econômicas,19.01,"19.01 - Serviços de distribuição e venda de bilhetes e demais produtos de loteria, bingos, cartões, pules ou cupons de apostas, sorteios, prêmios,
 inclusive os decorrentes de títulos de capitalização e congêneres."
8299706,8299-7/06,Casas lotéricas,19.01,"19.01 - Serviços de distribuição e venda de bilhetes e demais produtos de loteria, bingos, cartões, pules ou cupons de apostas, sorteios, prêmios,
 inclusive os decorrentes de títulos de capitalização e congêneres."
9200301,9200-3/01,Casas de bingo,19.01,"19.01 - Serviços de distribuição e venda de bilhetes e demais produtos de loteria, bingos, cartões, pules ou cupons de apostas, sorteios, prêmios,
 inclusive os decorrentes de títulos de capitalização e congêneres."
9200399,9200-3/99,Exploração de jogos de azar e apostas não especificados anteriormente,19.01,"19.01 - Serviços de distribuição e venda de bilhetes e demais produtos de loteria, bingos, cartões, pules ou cupons de apostas, sorteios, prêmios,
 inclusive os decorrentes de títulos de capitalização e congêneres."
0311603,0311-6/03,Coleta de outros produtos marinhos,20.01,"20.01 - Serviços portuários, ferroportuários, utilização de porto, movimentação de passageiros, reboque de embarcações, rebocador escoteiro, atracação, desatracação, serviços de praticagem, capatazia, armazenagem de qualquer natureza, serviços acessórios, movimentação de mercadorias, serviços de apoio marítimo, de movimentação ao largo, serviços de armadores, estiva, conferência, logística e congêneres."
0311604,0311-6/04,Atividades de apoio à pesca em água salgada,20.01,"20.01 - Serviços portuários, ferroportuários, utilização de porto, movimentação de passageiros, reboque de embarcações, rebocador escoteiro, atracação, desatracação, serviços de praticagem, capatazia, armazenagem de qualquer natureza, serviços acessórios, movimentação de mercadorias, serviços de apoio marítimo, de movimentação ao largo, serviços de armadores, estiva, conferência, logística e congêneres."
0312404,0312-4/04,Atividades de apoio à pesca em água doce,20.01,"20.01 - Serviços portuários, ferroportuários, utilização de porto, movimentação de passageiros, reboque de embarcações, rebocador escoteiro, atracação, desatracação, serviços de praticagem, capatazia, armazenagem de qualquer natureza, serviços acessórios, movimentação de mercadorias, serviços de apoio marítimo, de movimentação ao largo, serviços de armadores, estiva, conferência, logística e congêneres."
5011401,5011-4/01,Transporte marítimo de cabotagem - Carga,20.01,"20.01 - Serviços portuários, ferroportuários, utilização de porto, movimentação de passageiros, reboque de embarcações, rebocador escoteiro, atracação, desatracação, serviços de praticagem, capatazia, armazenagem de qualquer natureza, serviços acessórios, movimentação de mercadorias, serviços de apoio marítimo, de movimentação ao largo, serviços de armadores, estiva, conferência, logística e congêneres."
5011402,5011-4/02,Transporte marítimo de cabotagem - passageiros,20.01,"20.01 - Serviços portuários, ferroportuários, utilização de porto, movimentação de passageiros, reboque de embarcações, rebocador escoteiro, atracação, desatracação, serviços de praticagem, capatazia, armazenagem de qualquer natureza, serviços acessórios, movimentação de mercadorias, serviços de apoio marítimo, de movimentação ao largo, serviços de armadores, estiva, conferência, logística e congêneres."
5021101,5021-1/01,"Transporte por navegação interior de carga, municipal, exceto travessia",20.01,"20.01 - Serviços portuários, ferroportuários, utilização de porto, movimentação de passageiros, reboque de embarcações, rebocador escoteiro, atracação, desatracação, serviços de praticagem, capatazia, armazenagem de qualquer natureza, serviços acessórios, movimentação de mercadorias, serviços de apoio marítimo, de movimentação ao largo, serviços de armadores, estiva, conferência, logística e congêneres."
5022001,5022-0/01,"Transporte por navegação interior de passageiros em linhas regulares, municipal, exceto travessia",20.01,"20.01 - Serviços portuários, ferroportuários, utilização de porto, movimentação de passageiros, reboque de embarcações, rebocador escoteiro, atracação, desatracação, serviços de praticagem, capatazia, armazenagem de qualquer natureza, serviços acessórios, movimentação de mercadorias, serviços de apoio marítimo, de movimentação ao largo, serviços de armadores, estiva, conferência, logística e congêneres."
5030101,5030-1/01,Navegação de apoio marítimo,20.01,"20.01 - Serviços portuários, ferroportuários, utilização de porto, movimentação de passageiros, reboque de embarcações, rebocador escoteiro, atracação, desatracação, serviços de praticagem, capatazia, armazenagem de qualquer natureza, serviços acessórios, movimentação de mercadorias, serviços de apoio marítimo, de movimentação ao largo, serviços de armadores, estiva, conferência, logística e congêneres."
5030102,5030-1/02,Navegação de apoio portuário,20.01,"20.01 - Serviços portuários, ferroportuários, utilização de porto, movimentação de passageiros, reboque de embarcações, rebocador escoteiro, atracação, desatracação, serviços de praticagem, capatazia, armazenagem de qualquer natureza, serviços acessórios, movimentação de mercadorias, serviços de apoio marítimo, de movimentação ao largo, serviços de armadores, estiva, conferência, logística e congêneres."
5030103,5030-1/03,Serviço de rebocadores e empurradores,20.01,"20.01 - Serviços portuários, ferroportuários, utilização de porto, movimentação de passageiros, reboque de embarcações, rebocador escoteiro, atracação, desatracação, serviços de praticagem, capatazia, armazenagem de qualquer natureza, serviços acessórios, movimentação de mercadorias, serviços de apoio marítimo, de movimentação ao largo, serviços de armadores, estiva, conferência, logística e congêneres."
5091201,5091-2/01,"Transporte por navegação de travessia, municipal",20.01,"20.01 - Serviços portuários, ferroportuários, utilização de porto, movimentação de passageiros, reboque de embarcações, rebocador escoteiro, atracação, desatracação, serviços de praticagem, capatazia, armazenagem de qualquer natureza, serviços acessórios, movimentação de mercadorias, serviços de apoio marítimo, de movimentação ao largo, serviços de armadores, estiva, conferência, logística e congêneres."
5211799,5211-7/99,"Depósitos de mercadorias para terceiros, exceto armazéns gerais e guarda-móveis",20.01,"20.01 - Serviços portuários, ferroportuários, utilização de porto, movimentação de passageiros, reboque de embarcações, rebocador escoteiro, atracação, desatracação, serviços de praticagem, capatazia, armazenagem de qualquer natureza, serviços acessórios, movimentação de mercadorias, serviços de apoio marítimo, de movimentação ao largo, serviços de armadores, estiva, conferência, logística e congêneres."
5229099,5229-0/99,Outras atividades auxiliares dos transportes terrestres não especificadas anteriormente,20.01,"20.01 - Serviços portuários, ferroportuários, utilização de porto, movimentação de passageiros, reboque de embarcações, rebocador escoteiro, atracação, desatracação, serviços de praticagem, capatazia, armazenagem de qualquer natureza, serviços acessórios, movimentação de mercadorias, serviços de apoio marítimo, de movimentação ao largo, serviços de armadores, estiva, conferência, logística e congêneres."
5231101,5231-1/01,Administração da infra-estrutura portuária,20.01,"20.01 - Serviços portuários, ferroportuários, utilização de porto, movimentação de passageiros, reboque de embarcações, rebocador escoteiro, atracação, desatracação, serviços de praticagem, capatazia, armazenagem de qualquer natureza, serviços acessórios, movimentação de mercadorias, serviços de apoio marítimo, de movimentação ao largo, serviços de armadores, estiva, conferência, logística e congêneres."
5231102,5231-1/02,Atividades do Operador Portuário,20.01,"20.01 - Serviços portuários, ferroportuários, utilização de porto, movimentação de passageiros, reboque de embarcações, rebocador escoteiro, atracação, desatracação, serviços de praticagem, capatazia, armazenagem de qualquer natureza, serviços acessórios, movimentação de mercadorias, serviços de apoio marítimo, de movimentação ao largo, serviços de armadores, estiva, conferência, logística e congêneres."
5231103,5231-1/03,Gestão de terminais aquaviários,20.01,"20.01 - Serviços portuários, ferroportuários, utilização de porto, movimentação de passageiros, reboque de embarcações, rebocador escoteiro, atracação, desatracação, serviços de praticagem, capatazia, armazenagem de qualquer natureza, serviços acessórios, movimentação de mercadorias, serviços de apoio marítimo, de movimentação ao largo, serviços de armadores, estiva, conferência, logística e congêneres."
5239701,5239-7/01,Serviços de praticagem,20.01,"20.01 - Serviços portuários, ferroportuários, utilização de porto, movimentação de passageiros, reboque de embarcações, rebocador escoteiro, atracação, desatracação, serviços de praticagem, capatazia, armazenagem de qualquer natureza, serviços acessórios, movimentação de mercadorias, serviços de apoio marítimo, de movimentação ao largo, serviços de armadores, estiva, conferência, logística e congêneres."
5239799,5239-7/99,Atividades auxiliares dos transportes aquaviários não especificadas anteriormente,20.01,"20.01 - Serviços portuários, ferroportuários, utilização de porto, movimentação de passageiros, reboque de embarcações, rebocador escoteiro, atracação, desatracação, serviços de praticagem, capatazia, armazenagem de qualquer natureza, serviços acessórios, movimentação de mercadorias, serviços de apoio marítimo, de movimentação ao largo, serviços de armadores, estiva, conferência, logística e congêneres."
5240199,5240-1/99,"Atividades auxiliares dos transportes aéreos, exceto operação dos aeroportos e campos de aterrissagem",20.01,"20.01 - Serviços portuários, ferroportuários, utilização de porto, movimentação de passageiros, reboque de embarcações, rebocador escoteiro, atracação, desatracação, serviços de praticagem, capatazia, armazenagem de qualquer natureza, serviços acessórios, movimentação de mercadorias, serviços de apoio marítimo, de movimentação ao largo, serviços de armadores, estiva, conferência, logística e congêneres."
5211799,5211-7/99,"Depósitos de mercadorias para terceiros, exceto armazéns gerais e guarda-móveis",20.02,"20.02 - Serviços aeroportuários, utilização de aeroporto, movimentação de passageiros, armazenagem de qualquer natureza, capatazia, movimentação de aeronaves, serviços de apoio aeroportuários, serviços acessórios, movimentação de mercadorias, logística e congêneres."
5229099,5229-0/99,Outras atividades auxiliares dos transportes terrestres não especificadas anteriormente,20.02,"20.02 - Serviços aeroportuários, utilização de aeroporto, movimentação de passageiros, armazenagem de qualquer natureza, capatazia, movimentação de aeronaves, serviços de apoio aeroportuários, serviços acessórios, movimentação de mercadorias, logística e congêneres."
5239799,5239-7/99,Atividades auxiliares dos transportes aquaviários não especificadas anteriormente,20.02,"20.02 - Serviços aeroportuários, utilização de aeroporto, movimentação de passageiros, armazenagem de qualquer natureza, capatazia, movimentação de aeronaves, serviços de apoio aeroportuários, serviços acessórios, movimentação de mercadorias, logística e congêneres."
5240101,5240-1/01,Operação dos aeroportos e campos de aterrissagem,20.02,"20.02 - Serviços aeroportuários, utilização de aeroporto, movimentação de passageiros, armazenagem de qualquer natureza, capatazia, movimentação de aeronaves, serviços de apoio aeroportuários, serviços acessórios, movimentação de mercadorias, logística e congêneres."
5240199,5240-1/99,"Atividades auxiliares dos transportes aéreos, exceto operação dos aeroportos e campos de aterrissagem",20.02,"20.02 - Serviços aeroportuários, utilização de aeroporto, movimentação de passageiros, armazenagem de qualquer natureza, capatazia, movimentação de aeronaves, serviços de apoio aeroportuários, serviços acessórios, movimentação de mercadorias, logística e congêneres."
5211799,5211-7/99,"Depósitos de mercadorias para terceiros, exceto armazéns gerais e guarda-móveis",20.03,"20.03 - Serviços de terminais rodoviários, ferroviários, metroviários, movimentação de passageiros, mercadorias, inclusive suas operações,
 logística e congêneres."
5222200,5222-2/00,Terminais rodoviários e ferroviários,20.03,"20.03 - Serviços de terminais rodoviários, ferroviários, metroviários, movimentação de passageiros, mercadorias, inclusive suas operações,
 logística e congêneres."
5229099,5229-0/99,Outras atividades auxiliares dos transportes terrestres não especificadas anteriormente,20.03,"20.03 - Serviços de terminais rodoviários, ferroviários, metroviários, movimentação de passageiros, mercadorias, inclusive suas operações,
 logística e congêneres."
5239799,5239-7/99,Atividades auxiliares dos transportes aquaviários não especificadas anteriormente,20.03,"20.03 - Serviços de terminais rodoviários, ferroviários, metroviários, movimentação de passageiros, mercadorias, inclusive suas operações,
 logística e congêneres."
5240199,5240-1/99,"Atividades auxiliares dos transportes aéreos, exceto operação dos aeroportos e campos de aterrissagem",20.03,"20.03 - Serviços de terminais rodoviários, ferroviários, metroviários, movimentação de passageiros, mercadorias, inclusive suas operações,
 logística e congêneres."
5250804,5250-8/04,Organização logística do transporte de carga,20.03,"20.03 - Serviços de terminais rodoviários, ferroviários, metroviários, movimentação de passageiros, mercadorias, inclusive suas operações,
 logística e congêneres."
6912500,6912-5/00,Cartórios,21.01,"21.01 - Serviços de registros públicos, cartorários e notariais."
5221400,5221-4/00,"Concessionárias de rodovias, pontes, túneis e serviços relacionados",22.01,"22.01 - Serviços de exploração de rodovia mediante cobrança de preço ou pedágio dos usuários, envolvendo execução de serviços de conservação, manutenção, melhoramentos para adequação de capacidade e segurança de trânsito, operação, monitoração, assistência aos usuários e outros serviços definidos em contratos, atos de concessão ou de permissão ou em normas oficiais."
4329101,4329-1/01,Instalação de painéis publicitários,23.01,"23.01 - Serviços de programação e comunicação visual, desenho industrial e congêneres."
5823900,5823-9/00,Edição integrada à impressão de revistas,23.01,"23.01 - Serviços de programação e comunicação visual, desenho industrial e congêneres."
5829800,5829-8/00,"Edição integrada à impressão de cadastros, listas e outros produtos gráficos",23.01,"23.01 - Serviços de programação e comunicação visual, desenho industrial e congêneres."
6110899,6110-8/99,Serviços de telecomunicações por fio não especificados anteriormente,23.01,"23.01 - Serviços de programação e comunicação visual, desenho industrial e congêneres."
6120599,6120-5/99,Serviços de telecomunicações sem fio não especificados anteriormente,23.01,"23.01 - Serviços de programação e comunicação visual, desenho industrial e congêneres."
6190699,6190-6/99,Outras atividades de telecomunicações não especificadas anteriormente,23.01,"23.01 - Serviços de programação e comunicação visual, desenho industrial e congêneres."
7119703,7119-7/03,Serviços de desenho técnico relacionados à arquitetura e engenharia,23.01,"23.01 - Serviços de programação e comunicação visual, desenho industrial e congêneres."
7490199,7490-1/99,"Outras atividades profissionais, científicas e técnicas não especificadas anteriormente",23.01,"23.01 - Serviços de programação e comunicação visual, desenho industrial e congêneres."
4329101,4329-1/01,Instalação de painéis publicitários,24.01,"24.01 - Serviços de chaveiros, confecção de carimbos, placas, sinalização visual, banners, adesivos e congêneres."
8299703,8299-7/03,"Serviços de gravação de carimbos, exceto confecção",24.01,"24.01 - Serviços de chaveiros, confecção de carimbos, placas, sinalização visual, banners, adesivos e congêneres."
9529102,9529-1/02,Chaveiros,24.01,"24.01 - Serviços de chaveiros, confecção de carimbos, placas, sinalização visual, banners, adesivos e congêneres."
9603303,9603-3/03,Serviços de sepultamento,25.01,"25.01 - Funerais, inclusive fornecimento de caixão, urna ou esquifes; aluguel de capela; transporte do corpo cadavérico; fornecimento de flores, coroas e outros paramentos; desembaraço de certidão de óbito; fornecimento de véu, essa e outros adornos; embalsamento, embelezamento,
 conservação ou restauração de cadáveres"
9603304,9603-3/04,Serviços de funerárias,25.01,"25.01 - Funerais, inclusive fornecimento de caixão, urna ou esquifes; aluguel de capela; transporte do corpo cadavérico; fornecimento de flores, coroas e outros paramentos; desembaraço de certidão de óbito; fornecimento de véu, essa e outros adornos; embalsamento, embelezamento,
 conservação ou restauração de cadáveres"
9603305,9603-3/05,Serviços de somatoconservação,25.01,"25.01 - Funerais, inclusive fornecimento de caixão, urna ou esquifes; aluguel de capela; transporte do corpo cadavérico; fornecimento de flores, coroas e outros paramentos; desembaraço de certidão de óbito; fornecimento de véu, essa e outros adornos; embalsamento, embelezamento,
 conservação ou restauração de cadáveres"
9603399,9603-3/99,Atividades funerárias e serviços relacionados não especificados anteriormente,25.01,"25.01 - Funerais, inclusive fornecimento de caixão, urna ou esquifes; aluguel de capela; transporte do corpo cadavérico; fornecimento de flores, coroas e outros paramentos; desembaraço de certidão de óbito; fornecimento de véu, essa e outros adornos; embalsamento, embelezamento,
 conservação ou restauração de cadáveres"
9603302,9603-3/02,Serviços de cremação,25.02,25.02 - Translado intramunicipal e cremação de corpos e partes de corpos cadavéricos.
9603304,9603-3/04,Serviços de funerárias,25.02,25.02 - Translado intramunicipal e cremação de corpos e partes de corpos cadavéricos.
9603305,9603-3/05,Serviços de somatoconservação,25.02,25.02 - Translado intramunicipal e cremação de corpos e partes de corpos cadavéricos.
9603399,9603-3/99,Atividades funerárias e serviços relacionados não especificados anteriormente,25.02,25.02 - Translado intramunicipal e cremação de corpos e partes de corpos cadavéricos.
6511102,6511-1/02,Planos de auxílio-funeral,25.03,25.03 - Planos ou convênio funerários.
9603304,9603-3/04,Serviços de funerárias,25.03,25.03 - Planos ou convênio funerários.
9603399,9603-3/99,Atividades funerárias e serviços relacionados não especificados anteriormente,25.03,25.03 - Planos ou convênio funerários.
9603301,9603-3/01,Gestão e manutenção de cemitérios,25.04,25.04 - Manutenção e conservação de jazigos e cemitérios.
9603399,9603-3/99,Atividades funerárias e serviços relacionados não especificados anteriormente,25.04,25.04 - Manutenção e conservação de jazigos e cemitérios.
9603301,9603-3/01,Gestão e manutenção de cemitérios,25.05,25.05 - Cessão de uso de espaços em cemitérios para sepultamento.
9603399,9603-3/99,Atividades funerárias e serviços relacionados não especificados anteriormente,25.05,25.05 - Cessão de uso de espaços em cemitérios para sepultamento.
4930202,4930-2/02,"Transporte rodoviário de carga, exceto produtos perigosos e mudanças, intermunicipal, interestadual e internacional",26.01,"26.01 – Serviços de coleta, remessa ou entrega de correspondências, documentos, objetos, bens ou valores, inclusive pelos correios e suas
 agências franqueadas; courrier e congêneres."
5310501,5310-5/01,Atividades do Correio Nacional,26.01,"26.01 - Serviços de coleta, remessa ou entrega de correspondências, documentos, objetos, bens ou valores, inclusive pelos correios e suas
 agências franqueadas; courrier e congêneres."
5310502,5310-5/02,Atividades de franqueadas e permissionárias do Correio Nacional,26.01,"26.01 - Serviços de coleta, remessa ou entrega de correspondências, documentos, objetos, bens ou valores, inclusive pelos correios e suas
 agências franqueadas; courrier e congêneres."
5320201,5320-2/01,Serviços de malote não realizados pelo Correio Nacional,26.01,"26.01 - Serviços de coleta, remessa ou entrega de correspondências, documentos, objetos, bens ou valores, inclusive pelos correios e suas
 agências franqueadas; courrier e congêneres."
5320202,5320-2/02,Serviços de entrega rápida,26.01,"26.01 - Serviços de coleta, remessa ou entrega de correspondências, documentos, objetos, bens ou valores, inclusive pelos correios e suas
 agências franqueadas; courrier e congêneres."
8012900,8012-9/00,Atividades de transporte de valores,26.01,"26.01 - Serviços de coleta, remessa ou entrega de correspondências, documentos, objetos, bens ou valores, inclusive pelos correios e suas
 agências franqueadas; courrier e congêneres."
8730199,8730-1/99,Atividades de assistência social prestadas em residências coletivas e particulares não especificadas anteriormente,27.01,27.01 - Serviços de assistência social.
8800600,8800-6/00,Serviços de assistência social sem alojamento,27.01,27.01 - Serviços de assistência social.
6410700,6410-7/00,Banco Central,28.01,28.01 - Serviços de avaliação de bens e serviços de qualquer natureza.
6421200,6421-2/00,Bancos comerciais,28.01,28.01 - Serviços de avaliação de bens e serviços de qualquer natureza.
6422100,6422-1/00,"Bancos múltiplos, com carteira comercial",28.01,28.01 - Serviços de avaliação de bens e serviços de qualquer natureza.
6423900,6423-9/00,Caixas econômicas,28.01,28.01 - Serviços de avaliação de bens e serviços de qualquer natureza.
6621501,6621-5/01,Peritos e avaliadores de seguros,28.01,28.01 - Serviços de avaliação de bens e serviços de qualquer natureza.
6629100,6629-1/00,"Atividades auxiliares dos seguros, da previdência complementar e dos planos de saúde não especificadas anteriormente",28.01,28.01 - Serviços de avaliação de bens e serviços de qualquer natureza.
7112000,7112-0/00,Serviços de engenharia,28.01,28.01 - Serviços de avaliação de bens e serviços de qualquer natureza.
7490199,7490-1/99,"Outras atividades profissionais, científicas e técnicas não especificadas anteriormente",28.01,28.01 - Serviços de avaliação de bens e serviços de qualquer natureza.
8219999,8219-9/99,Preparação de documentos e serviços especializados de apoio administrativo não especificados anteriormente,28.01,28.01 - Serviços de avaliação de bens e serviços de qualquer natureza.
8299799,8299-7/99,Outras atividades de serviços prestados principalmente às empresas não especificadas anteriormente,28.01,28.01 - Serviços de avaliação de bens e serviços de qualquer natureza.
9101500,9101-5/00,Atividades de bibliotecas e arquivos,29.01,29.01 - Serviços de biblioteconomia.
7490103,7490-1/03,Serviços de agronomia e de consultoria às atividades agrícolas e pecuárias,30.01,"30.01 - Serviços de biologia, biotecnologia e química."
3312102,3312-1/02,"Manutenção e reparação de aparelhos e instrumentos de medida, teste e controle",31.01,"31.01 - Serviços técnicos em edificações, eletrônica, eletrotécnica, mecânica, telecomunicações e congêneres."
3312103,3312-1/03,Manutenção e reparação de aparelhos eletromédicos e eletroterapêuticos e equipamentos de irradiação,31.01,"31.01 - Serviços técnicos em edificações, eletrônica, eletrotécnica, mecânica, telecomunicações e congêneres."
3313901,3313-9/01,"Manutenção e reparação de geradores, transformadores e motores elétricos",31.01,"31.01 - Serviços técnicos em edificações, eletrônica, eletrotécnica, mecânica, telecomunicações e congêneres."
3314710,3314-7/10,Manutenção e reparação de máquinas e equipamentos para uso geral não especificados anteriormente,31.01,"31.01 - Serviços técnicos em edificações, eletrônica, eletrotécnica, mecânica, telecomunicações e congêneres."
4221903,4221-9/03,Manutenção de redes de distribuição de energia elétrica,31.01,"31.01 - Serviços técnicos em edificações, eletrônica, eletrotécnica, mecânica, telecomunicações e congêneres."
4221905,4221-9/05,Manutenção de estações e redes de telecomunicações,31.01,"31.01 - Serviços técnicos em edificações, eletrônica, eletrotécnica, mecânica, telecomunicações e congêneres."
6110801,6110-8/01,Serviços de telefonia fixa comutada - STFC,31.01,"31.01 - Serviços técnicos em edificações, eletrônica, eletrotécnica, mecânica, telecomunicações e congêneres."
6110802,6110-8/02,Serviços de redes de transporte de telecomunicações - SRTT,31.01,"31.01 - Serviços técnicos em edificações, eletrônica, eletrotécnica, mecânica, telecomunicações e congêneres."
6110803,6110-8/03,Serviços de comunicação multimídia - SCM,31.01,"31.01 - Serviços técnicos em edificações, eletrônica, eletrotécnica, mecânica, telecomunicações e congêneres."
6110899,6110-8/99,Serviços de telecomunicações por fio não especificados anteriormente,31.01,"31.01 - Serviços técnicos em edificações, eletrônica, eletrotécnica, mecânica, telecomunicações e congêneres."
6120599,6120-5/99,Serviços de telecomunicações sem fio não especificados anteriormente,31.01,"31.01 - Serviços técnicos em edificações, eletrônica, eletrotécnica, mecânica, telecomunicações e congêneres."
6190699,6190-6/99,Outras atividades de telecomunicações não especificadas anteriormente,31.01,"31.01 - Serviços técnicos em edificações, eletrônica, eletrotécnica, mecânica, telecomunicações e congêneres."
7119799,7119-7/99,Atividades técnicas relacionadas à engenharia e arquitetura não especificadas anteriormente,31.01,"31.01 - Serviços técnicos em edificações, eletrônica, eletrotécnica, mecânica, telecomunicações e congêneres."
7119703,7119-7/03,Serviços de desenho técnico relacionados à arquitetura e engenharia,32.01,32.01 - Serviços de desenhos técnicos.
7410203,7410-2/03,Design de produto,32.01,32.01 - Serviços de desenhos técnicos.
5250801,5250-8/01,Comissaria de despachos,33.01,"33.01 - Serviços de desembaraço aduaneiro, comissários, despachantes e congêneres."
5250802,5250-8/02,Atividades de despachantes aduaneiros,33.01,"33.01 - Serviços de desembaraço aduaneiro, comissários, despachantes e congêneres."
8030700,8030-7/00,Atividades de investigação particular,34.01,"34.01 - Serviços de investigações particulares, detetives e congêneres."
7020400,7020-4/00,"Atividades de consultoria em gestão empresarial, exceto consultoria técnica específica",35.01,"35.01 - Serviços de reportagem, assessoria de imprensa, jornalismo e relações públicas."
9002701,9002-7/01,"Atividades de artistas plásticos, jornalistas independentes e escritores",35.01,"35.01 - Serviços de reportagem, assessoria de imprensa, jornalismo e relações públicas."
7490105,7490-1/05,"Agenciamento de profissionais para atividades esportivas, culturais e artísticas",37.01,"37.01 - Serviços de artistas, atletas, modelos e manequins"
9102301,9102-3/01,Atividades de museus e de exploração de lugares e prédios históricos e atrações similares,38.01,38.01 - Serviços de museologia.
2399101,2399-1/01,"Decoração, lapidação, gravação, vitrificação e outros trabalhos em cerâmica, louça, vidro e cristal",39.01,39.01 - Serviços de ourivesaria e lapidação (quando o material for fornecido pelo tomador do serviço).
2391503,2391-5/03,"Aparelhamento de placas e execução de trabalhos em mármore, granito, ardósia e outras pedras",40.01,40.01 - Obras de arte sob encomenda.
2399101,2399-1/01,"Decoração, lapidação, gravação, vitrificação e outros trabalhos em cerâmica, louça, vidro e cristal",40.01,40.01 - Obras de arte sob encomenda.
3299003,3299-0/03,"Fabricação de letras, letreiros e placas de qualquer material, exceto luminosos",40.01,40.01 - Obras de arte sob encomenda.
4212000,4212-0/00,Construção de obras-de-arte especiais,40.01,40.01 - Obras de arte sob encomenda.
9002701,9002-7/01,"Atividades de artistas plásticos, jornalistas independentes e escritores",40.01,40.01 - Obras de arte sob encomenda.
